filename,label
3J7O_4705,hairpin4
6OIG_8628,hairpin6
8RJC_3727,bulge3
5ZEP_2169,hairpin3
5MRE_6674,hairpin6
6GZ5_7718,bulge2
5U9G_9068,hairpin5
8JDK_395,5x5
5O5J_6850,hairpin6
6Y57_586,bulge4
6ZVK_2511,2x2
7M4Z_10998,bulge2
5IMQ_19300,hairpin4
8RCS_3788,bulge3
4V6K_3555,bulge2
6SV4_9056,bulge2
6FTJ_10018,hairpin5
6ZSD_2912,bulge3
8ZTV_16849,bulge2
8IPD_3618,bulge3
6GXN_10232,hairpin5
6PCR_1957,3x3
6S0X_11973,hairpin5
8C97_3121,3x3
5Y88_9462,hairpin5
8CGN_14248,bulge2
6HA1_8053,hairpin6
6P5J_11487,hairpin5
6ZOK_10307,bulge2
6O8Y_8500,hairpin6
8G60_3506,bulge3
4V7D_929,3x3
8P2G_3540,3x3
3J9M_1291,bulge2
6SV4_12127,hairpin5
8T2Z_16393,bulge2
5LZX_2017,bulge3
8RJD_14672,bulge2
5LZX_1433,3x3
7OYD_11825,bulge2
8Z70_16462,bulge2
8RPZ_15364,bulge2
6WNW_570,bulge4
5KPS_6365,hairpin6
5KPX_6399,hairpin6
5MMM_8559,hairpin5
6OG7_11056,hairpin5
5LMS_1973,bulge3
6HCQ_2353,hairpin3
8P7X_16183,bulge2
6ENJ_7699,hairpin6
5OOM_8904,hairpin5
5APN_5553,bulge2
8YUR_16165,bulge2
6GXN_7666,bulge2
5MMM_6648,hairpin6
3J9W_2101,hairpin5
3JAJ_2194,hairpin5
6T7T_2725,hairpin3
6SV4_9046,bulge2
6P5J_8932,hairpin6
7ABZ_2361,3x3
8OGJ_15995,bulge2
6OGG_8341,bulge2
5MGP_6618,hairpin6
6YSS_10133,bulge2
8S1P_15504,bulge2
8VIO_379,bulge5
5WE4_2164,bulge3
9L0R_4419,2x2
7M4V_10966,bulge2
8CSQ_3408,bulge3
6VYY_2257,2x2
8K2D_15597,bulge2
9NLB_4067,3x3
6J6G_10568,hairpin5
9H3S_16596,bulge2
6J6N_10573,hairpin5
5UYM_7102,hairpin6
8P8B_16207,bulge2
8UPR_15393,bulge2
8URX_15468,bulge2
8IP8_3703,2x2
9GFT_3915,3x3
6OUO_1920,3x3
8WHX_3802,2x2
8SYL_389,5x5
8OGJ_15994,bulge2
8FL2_13739,bulge2
7JSZ_10791,bulge2
8FL0_13735,bulge2
4V6S_3634,bulge2
8IR1_3621,bulge3
6SPB_9002,bulge2
8BSI_3259,2x2
6WDF_2152,3x3
3JCN_2304,hairpin5
8G60_3126,3x3
7NQL_274,5x5
8QIE_16497,bulge2
9F1B_4005,bulge3
3J7Q_1250,bulge2
5KPS_8137,hairpin5
5KPV_6137,bulge2
6VZJ_9456,bulge2
3JBO_420,2x2
6TPQ_9518,hairpin6
6YSR_2253,3x3
9GR1_3814,3x3
9GR1_4054,bulge3
9J3T_159,4x4
7PAI_11916,bulge2
9MQ4_16675,bulge2
6OLZ_8692,hairpin6
6TC3_12250,hairpin5
6ZU5_2323,3x3
5ND8_8634,hairpin5
6FTG_7745,hairpin6
6O9J_2514,bulge3
8UUA_15080,bulge2
5AJ0_14245,bulge1
5T6R_6970,hairpin6
8CEC_3352,3x3
5LZW_6525,hairpin6
7BL2_2405,3x3
8H2H_330,5x5
5WE4_2166,bulge3
6HMA_7841,bulge2
5LZC_1499,2x2
7O19_2696,2x2
3J6B_1225,bulge2
9HAI_3877,3x3
3J7O_2992,bulge1
5U9G_2102,hairpin3
4UY8_195,bulge4
6ENU_9951,hairpin5
6DDG_9853,hairpin5
5UYK_9110,hairpin5
9C4G_4015,2x2
5UYM_9149,hairpin5
5MMI_1951,hairpin3
5WFS_9362,hairpin5
5KPS_8135,hairpin5
8P2H_3848,2x2
6PPK_11648,hairpin5
5LZF_8315,hairpin5
5T2A_2068,hairpin3
3J9W_1573,hairpin6
6PPF_2608,hairpin3
6WNV_569,bulge4
9HA6_16635,bulge2
7CPV_3177,bulge3
5JUU_8106,hairpin5
6V3A_9234,bulge2
5IT9_15220,bulge1
6OM0_8708,hairpin6
7O19_2699,2x2
8ZTU_3949,3x3
8S1P_15505,bulge2
5ZEB_7336,hairpin6
6R6P_9192,hairpin6
5UYM_383,bulge4
7PIR_12149,bulge2
8I9X_13529,bulge2
8OGJ_1112,bulge4
6Q9A_8763,bulge2
8OGJ_15997,bulge2
8UIY_17275,bulge2
8G6Y_13487,bulge2
6O8Y_2491,hairpin3
4V72_891,3x3
5UYM_7099,hairpin6
8YUP_4138,2x2
3J9Z_2128,hairpin5
6R84_9201,hairpin6
7AS8_10570,bulge2
6V39_2756,hairpin3
6WDD_9658,bulge2
3J7R_1516,hairpin6
4V4B_2565,bulge2
5ND9_6551,bulge2
5LZD_6477,hairpin6
5WDT_7002,bulge2
4V79_240,bulge4
6DDG_7423,bulge2
8YUS_3785,3x3
6HA1_8060,hairpin6
8A57_2968,3x3
9F58_1205,bulge4
6V39_9222,bulge2
6WD8_2778,bulge3
3J8G_1543,hairpin6
5MDY_6584,hairpin6
3J79_1382,hairpin7
8G6W_13481,bulge2
7OYD_301,5x5
9F9S_16355,bulge2
6GXP_10263,hairpin5
8URY_15520,bulge2
3J78_1381,hairpin7
6S47_8959,bulge2
8P17_3567,3x3
7QIZ_3021,2x2
8EKC_2998,3x3
5LZE_8303,hairpin5
6ENU_2343,bulge3
6R6P_11837,hairpin5
8T2P_3673,2x2
6OM0_8709,hairpin6
7NAX_11105,bulge2
5UYQ_6941,bulge2
5NP6_6654,bulge2
9NLJ_4082,3x3
6TC3_9481,hairpin6
6HA1_7785,bulge2
5AKA_18285,hairpin4
6PCQ_2601,hairpin3
5U4I_7022,hairpin6
6OST_11362,hairpin5
6XZ7_579,bulge4
8G5Z_13443,bulge2
9N2C_16974,bulge2
5LMN_1486,2x2
4V77_3797,bulge2
4D67_1598,bulge2
6WD0_2107,3x3
6GZ3_7971,hairpin6
6R84_11861,hairpin5
5UYL_2110,hairpin3
8URX_15471,bulge2
8OVE_14488,bulge2
6SV4_9059,bulge2
8RD8_14847,bulge2
5LZC_6256,bulge2
6WYV_2349,2x2
6GWT_7917,hairpin6
7PIB_2943,2x2
5U9G_7038,hairpin6
6V3D_12381,hairpin5
6HA1_8061,hairpin6
6OLG_11174,hairpin5
3JAH_2171,hairpin5
7PIO_2954,2x2
6I9R_10562,hairpin5
6HRM_8140,hairpin6
6YSR_10120,bulge2
8EMM_13556,bulge2
5LZB_8266,hairpin5
6W6P_2283,2x2
6O8W_8476,hairpin6
8P7Y_3791,3x3
6PCR_497,bulge4
6R6G_2650,bulge3
6S0X_8931,bulge2
8FLD_13798,bulge2
7BL6_10678,bulge2
8EIU_12920,bulge2
5LZZ_8417,hairpin5
4V6N_946,2x2
9FO0_16531,bulge2
8UU5_3467,3x3
7PAN_2890,2x2
8P8V_16217,bulge2
6FT6_7737,hairpin6
6ENU_7485,bulge2
6GWT_7650,bulge2
6OSK_8525,bulge2
7N31_3073,bulge3
6LQM_7925,bulge2
8FZJ_15746,bulge2
6HTQ_7856,bulge2
6Q98_9094,hairpin6
6O9K_1839,3x3
5WDT_7242,hairpin6
7M4X_10983,bulge2
8XU8_16434,bulge2
5X8P_9409,hairpin5
6O90_8522,hairpin6
6SNT_9326,hairpin6
5MDY_6588,hairpin6
8URI_15461,bulge2
5WF0_9329,hairpin5
7PAN_2891,2x2
8UIZ_4094,3x3
6ZOK_2452,2x2
6ZU1_10422,bulge2
9HC4_17129,bulge2
6I7O_8175,hairpin6
7MSC_11608,bulge2
6OLE_8663,hairpin6
8VR4_4341,2x2
5IT9_15224,bulge1
8K0R_15302,bulge2
7NHK_11123,bulge2
6FT6_7512,bulge2
6QT0_9139,hairpin6
7UPH_3133,2x2
5WFK_7036,bulge2
8VKI_16790,bulge2
8YOP_358,bulge5
6HMA_10488,hairpin5
5WE6_9325,hairpin5
6SV4_9388,hairpin6
8UQL_3903,bulge3
5WF0_2171,bulge3
3J8G_1539,hairpin6
6ICZ_10564,hairpin5
7PIS_12156,bulge2
3J79_2956,bulge1
6QYZ_11799,hairpin5
5JB3_19867,hairpin4
6C4H_7345,bulge2
7ABZ_10496,bulge2
6OM0_8710,hairpin6
8G5Z_13444,bulge2
7CPV_11569,bulge2
6GQB_7871,hairpin6
7JT3_10830,bulge2
6PCQ_11588,hairpin5
6QT0_11765,hairpin5
6Q97_9086,hairpin6
6ERI_9968,hairpin5
5ZEB_2165,hairpin3
5UYN_7115,hairpin6
9FQ0_15575,bulge2
8RWG_16704,bulge2
5JU8_6062,bulge2
6Q95_2631,bulge3
5IMQ_19293,hairpin4
8G6W_13483,bulge2
6DZI_9884,hairpin5
6XGF_9936,bulge2
5KPS_6369,hairpin6
8EVR_3525,2x2
5ANC_4926,hairpin7
6O7K_8190,bulge2
6RI5_2652,hairpin3
9GUX_3826,3x3
5JTE_15661,bulge1
8Y38_15800,bulge2
5ANC_4924,hairpin7
8FKX_13727,bulge2
4V76_3782,bulge2
9NL5_4203,bulge3
8P16_15321,bulge2
5WE6_9324,hairpin5
7JSW_10775,bulge2
6TNU_9196,bulge2
6W6P_9482,bulge2
6O8X_1984,2x2
7SSN_3060,2x2
3J7O_2984,bulge1
5H1S_5726,bulge2
3JAH_1618,hairpin6
5IT7_19381,hairpin4
9GHH_4468,2x2
6YSU_10153,bulge2
8XSX_15620,bulge2
9H3U_16604,bulge2
8S1U_15516,bulge2
7OOD_2729,3x3
8CDL_3539,2x2
6P5K_8652,bulge2
7K54_10897,bulge2
5O2R_8813,hairpin5
5ND9_1992,hairpin3
6LU8_1915,2x2
8T3A_16403,bulge2
6WDD_2310,2x2
5AKA_4904,hairpin7
6PCH_8993,hairpin6
7NSP_2562,3x3
5WFS_2174,bulge3
8FMW_14347,bulge2
6R87_8877,bulge2
5JTE_6054,bulge2
6AWC_7172,bulge2
6T83_9456,hairpin6
6Z6K_10220,bulge2
6ZTM_10367,bulge2
7NBU_11683,bulge2
8I9R_875,bulge4
5ANB_4918,hairpin7
8Q87_3731,3x3
6Q97_11688,hairpin5
8G6Y_13489,bulge2
8K2C_15583,bulge2
8Y39_3700,3x3
5MMI_8551,hairpin5
6Q8Y_11665,hairpin5
5V7Q_6951,bulge2
7SFR_3052,2x2
6R6P_9191,hairpin6
6N8K_8290,hairpin6
6YDW_2863,bulge3
8RQ0_3583,3x3
6OGF_8325,bulge2
5ZEP_9493,hairpin5
6R86_8871,bulge2
5UYQ_7129,hairpin6
8K2C_1055,bulge4
8FMW_3666,bulge3
8WIC_15139,bulge2
6OG7_8594,hairpin6
5ND9_8645,hairpin5
6ORL_8792,hairpin6
5LZX_6340,bulge2
8IE3_13906,bulge2
5LZC_1406,3x3
6WDD_9666,bulge2
6S12_9277,hairpin6
6VYZ_2738,bulge3
5LZV_8362,hairpin5
9H3X_16653,bulge2
4V7A_3835,bulge2
7K51_10857,bulge2
7N2U_11034,bulge2
7PIP_2797,3x3
6GXN_10228,hairpin5
5MMJ_2051,bulge3
5IMQ_19296,hairpin4
6DNC_9862,hairpin5
6W7N_2106,3x3
3JAG_2159,hairpin5
5LZC_8282,hairpin5
8TOC_3762,2x2
6H58_7755,bulge2
3J92_1551,hairpin6
8T3F_16431,bulge2
6EML_1802,2x2
6FXC_7551,bulge2
6ZTN_10384,bulge2
6O8W_8196,bulge2
9FPZ_3953,bulge3
5AJ4_5524,bulge2
5T2A_6763,bulge2
6X7K_9885,bulge2
7K00_10834,bulge2
3JA1_1594,hairpin6
9H3S_3859,3x3
5APN_14341,bulge1
6OM7_8438,bulge2
6FXC_7541,bulge2
9NLH_17227,bulge2
6TNU_9198,bulge2
6Z6J_10210,bulge2
6TC3_9169,bulge2
6SPD_12084,hairpin5
6DZI_9885,hairpin5
5ANB_14321,bulge1
9F1B_15871,bulge2
8FKW_13723,bulge2
8CF1_3214,3x3
4V68_3377,bulge2
7LHD_11585,bulge2
3J5L_4644,hairpin4
6R84_8866,bulge2
5NJT_2028,hairpin3
7ABZ_10491,bulge2
5X8T_7088,bulge2
5UYL_6891,bulge2
8RDW_14869,bulge2
6OG7_11050,hairpin5
6OLE_8654,hairpin6
6AZ1_2221,bulge3
5LZZ_155,5x5
3JCE_1429,bulge2
6SKG_12049,hairpin5
9F9S_16360,bulge2
8RPY_15359,bulge2
5JUU_1852,hairpin3
6VWN_2063,3x3
6VU3_9266,bulge2
8YUR_4141,2x2
8ETJ_12871,bulge2
7K55_10904,bulge2
7ABZ_10503,bulge2
6DNC_7639,hairpin6
7PAR_2774,3x3
8PKL_14938,bulge2
5WF0_7260,hairpin6
6VZJ_2093,3x3
5XXB_7308,hairpin6
8IPB_3716,2x2
8INK_3489,2x2
3J7P_2999,bulge1
6WD5_9565,bulge2
6GZ5_7720,bulge2
3J5L_4642,hairpin4
6Q95_2615,hairpin3
5LMU_6222,bulge2
9F1D_15894,bulge2
8HD7_317,bulge5
6T83_9134,bulge2
8ZDD_3907,3x3
6PC8_11567,hairpin5
5APO_18330,hairpin4
6SJ6_9311,hairpin6
8IDT_13887,bulge2
7N2U_689,bulge4
6PVK_9068,hairpin6
6S0Z_9272,hairpin6
6T59_242,5x5
8IFC_3398,3x3
4V4N_2672,bulge2
4CXH_441,3x3
6OG7_11059,hairpin5
6XZA_9997,bulge2
5GAE_19015,hairpin4
6VZ2_2742,bulge3
9FNZ_4089,bulge3
6YWX_10181,bulge2
5NWY_6673,bulge2
6GC4_10097,hairpin5
7KWG_3031,bulge3
7A1G_651,bulge4
6PC7_8977,hairpin6
8P2G_15262,bulge2
9BSL_3844,3x3
8CGD_931,bulge4
7QCA_3179,2x2
8HTZ_3525,3x3
3J7Z_2056,hairpin5
6Z1P_10200,bulge2
8Q5I_3532,2x2
6N8N_8312,hairpin6
3JCD_2265,hairpin5
9FIB_16925,bulge2
6GZX_7727,bulge2
6OM6_2024,2x2
5IMR_19312,hairpin4
8G7Q_3742,2x2
5UQ8_2107,hairpin3
9NL7_17188,bulge2
6O7K_10916,hairpin5
6ENJ_7703,hairpin6
6XIJ_2846,bulge3
8OVJ_15289,bulge2
3JAI_1622,hairpin6
8XTR_4313,2x2
6ENJ_9930,hairpin5
8PV7_14397,bulge2
5MDZ_8485,hairpin5
7M5D_737,bulge4
6OM6_2022,2x2
6ORE_8779,hairpin6
6P5I_11480,hairpin5
3J7P_580,hairpin3
8K82_15601,bulge2
8G7Q_3767,bulge3
9L0R_4392,2x2
5LMP_1964,bulge3
8OVJ_3856,2x2
5AN9_14317,bulge1
6TC3_12248,hairpin5
5T2C_6948,hairpin6
8XSX_417,5x5
6Z6J_10206,bulge2
8RJB_14652,bulge2
3J8G_2070,hairpin5
6VYX_2733,bulge3
6QDW_11730,hairpin5
6S0X_9257,hairpin6
6BU8_7465,hairpin6
6OGF_11076,hairpin5
7M4W_3044,bulge3
6SV4_9040,bulge2
6SZS_12162,hairpin5
6Q8Y_11668,hairpin5
8P7X_16188,bulge2
8RXH_15309,bulge2
6NU3_8404,hairpin6
6WUB_9847,bulge2
6RXY_11933,hairpin5
8G6W_871,bulge4
4V69_3386,bulge2
7BL5_2565,2x2
9NLS_17265,bulge2
5LZS_1508,2x2
8P8B_3793,3x3
8WR4_3915,2x2
9GHE_4458,2x2
3J6B_1376,hairpin7
5WF0_7025,bulge2
5APN_18316,hairpin4
9MOR_3886,3x3
7BOE_10687,bulge2
3Jan_1638,hairpin6
3J8G_1279,bulge2
5JUU_1850,hairpin3
8EYT_14176,bulge2
5KPW_6149,bulge2
3J8G_2079,hairpin5
8Y0W_14726,bulge2
7SYV_3087,2x2
7JSZ_10788,bulge2
8FLI_984,bulge4
6OLI_8686,hairpin6
6OGF_8328,bulge2
8QOI_15495,bulge2
3J7Z_587,hairpin3
8RJC_14658,bulge2
5TCU_7005,hairpin6
8P18_15348,bulge2
8AM9_3239,2x2
3JA1_408,2x2
4V7A_993,2x2
6WRS_9825,bulge2
6R7Q_9196,hairpin6
8Q4F_4007,2x2
6LQM_8210,hairpin6
6PPK_9056,hairpin6
5T62_8955,hairpin5
5AJ3_14277,bulge1
8R3V_14949,bulge2
8Y0X_14732,bulge2
9HC4_4470,2x2
6WRU_9831,bulge2
4V7B_3844,bulge2
3J7Z_388,3x3
4V7A_3836,bulge2
8IPA_3712,2x2
7ASP_10597,bulge2
6QZP_11805,hairpin5
8K3O_3675,3x3
6PC8_8978,hairpin6
6Y6X_10049,bulge2
3JAJ_2191,hairpin5
3JCD_1420,bulge2
6ORL_1882,3x3
8FL4_363,5x5
5LZY_6539,hairpin6
7A1G_2525,2x2
8EVS_14151,bulge2
4V4B_2567,bulge2
5O60_6857,hairpin6
5NCO_6703,hairpin6
5UQ8_7077,hairpin6
6GXM_7930,hairpin6
7AFO_10547,bulge2
5MDV_8451,hairpin5
9B0H_3963,3x3
6OSQ_2579,bulge3
6H4N_10344,hairpin5
7ZTA_3326,2x2
5UYK_6884,bulge2
5JTE_19960,hairpin4
8VR4_16799,bulge2
8CRX_13197,bulge2
6DNC_7436,bulge2
6H58_10354,hairpin5
8T2X_1159,bulge4
8FKQ_3443,2x2
9GHE_17079,bulge2
5GM6_5720,bulge2
5MMM_1953,hairpin3
6X9Q_9895,bulge2
5JTE_1937,bulge3
8PEG_14929,bulge2
6TB3_9460,hairpin6
8G7Q_3415,3x3
5MMM_8564,hairpin5
6FXC_7556,bulge2
3J8G_1540,hairpin6
5AFI_14221,bulge1
5ND8_8636,hairpin5
8P2H_15275,bulge2
5AFI_1782,bulge3
7PHB_2927,2x2
5MDZ_1449,3x3
6MTE_8270,hairpin6
8UIZ_4497,2x2
5UYN_6920,bulge2
8P2G_3846,2x2
8WI9_15125,bulge2
7P7U_2860,2x2
6O9J_10982,hairpin5
6TB3_2201,2x2
7K53_2474,3x3
6O8X_8203,bulge2
6Y2L_585,bulge4
8G7S_3425,3x3
6DZI_9880,hairpin5
6V3B_9572,hairpin6
8R6C_3679,3x3
8CGK_13817,bulge2
6PCQ_8694,bulge2
6S47_12008,hairpin5
6VYZ_2084,3x3
6N8K_8285,hairpin6
7Y7E_3301,3x3
8Q5I_14185,bulge2
5LZB_6245,bulge2
5IMR_19316,hairpin4
6ERI_2345,bulge3
5AA0_5494,bulge2
8PJ5_363,bulge5
7PI8_2787,3x3
8RCM_3441,3x3
6TB3_2200,2x2
7ACR_2539,2x2
5U9F_9062,hairpin5
6XIJ_9959,bulge2
6N8K_8286,hairpin6
6Y57_255,5x5
5KPW_6393,hairpin6
6N8M_8298,hairpin6
3J9Z_1320,bulge2
6PC7_11554,hairpin5
4V6W_3669,bulge2
6QDW_11723,hairpin5
8X9Q_16822,bulge2
8P2G_3537,3x3
8CGU_3476,2x2
6XZB_10004,bulge2
6SWD_9407,hairpin6
6Q98_11697,hairpin5
6TNN_12281,hairpin5
6OFX_2527,bulge3
6OLI_8683,hairpin6
8P5D_3407,2x2
6SPD_2692,hairpin3
8P8V_4164,2x2
6CB1_7393,bulge2
9B0G_16868,bulge2
6R6G_8839,bulge2
6VYR_9324,bulge2
5WE4_7245,hairpin6
5TCU_7009,hairpin6
5KPX_8169,hairpin5
3J9W_1302,bulge2
9C3H_4202,2x2
5WFS_9357,hairpin5
6ENU_2264,hairpin3
5ZLU_7375,hairpin6
3J5S_1370,hairpin7
6HMA_7835,bulge2
6Q98_74,4x4
8S8J_4071,2x2
7ZUX_3232,2x2
6GAW_10059,hairpin5
5IQR_15131,bulge1
5MDV_6568,hairpin6
6R86_9208,hairpin6
9B0Q_3967,3x3
4V6T_1137,bulge3
5JUU_8099,hairpin5
6WU9_9843,bulge2
7NAC_2976,3x3
7PHC_2929,2x2
4V7B_998,2x2
5KPV_6381,hairpin6
3JAG_1608,hairpin6
9NKL_4479,2x2
6LSR_7936,bulge2
6LSS_10625,hairpin5
8P16_15322,bulge2
5GAE_19005,hairpin4
6I7O_8174,hairpin6
7M4Y_2622,2x2
6Y2L_10015,bulge2
8S8J_4073,2x2
5IQR_15139,bulge1
7CPV_11566,bulge2
8URX_3919,bulge3
5NP6_8785,hairpin5
8E3M_13642,bulge2
4UG0_2504,bulge2
5ZEP_7137,bulge2
5UYL_9130,hairpin5
7NQL_3099,bulge3
6LQT_10615,hairpin5
7MQA_11017,bulge2
6R84_8867,bulge2
5LZD_8288,hairpin5
6NF8_8343,hairpin6
8FTO_3226,3x3
8YOP_3958,2x2
6R86_11869,hairpin5
6T7I_9435,hairpin6
6OM7_8723,hairpin6
6ZTP_639,bulge4
6DZP_7670,hairpin6
6SPB_12067,hairpin5
6TC3_9164,bulge2
6FXC_7554,bulge2
3J5L_1468,hairpin6
5UQ7_6860,bulge2
4UG0_2503,bulge2
8UPO_3587,3x3
7SUK_3070,2x2
6O8W_8194,bulge2
7OIG_2803,2x2
9GHB_17050,bulge2
6GZZ_8010,hairpin6
7QGU_3012,2x2
3J9W_2102,hairpin5
5NGM_8756,hairpin5
5WYJ_9403,hairpin5
6C0F_7563,hairpin6
9NLF_17220,bulge2
5U4I_6821,bulge2
8RPZ_15365,bulge2
6ERI_7716,hairpin6
8EUB_14127,bulge2
6WDM_9765,bulge2
9C3H_439,5x5
5NGM_8761,hairpin5
9NLB_4485,2x2
8OO0_14838,bulge2
5LKS_8208,hairpin5
5LZB_6249,bulge2
5XYM_9451,hairpin5
6VZ3_9426,bulge2
7O80_2709,2x2
6GXN_7934,hairpin6
7ASP_2968,bulge3
6GC4_10099,hairpin5
6WUB_9846,bulge2
8P18_15345,bulge2
5T2A_6758,bulge2
6DNC_9863,hairpin5
8K2C_3957,bulge3
4V6S_3633,bulge2
9NLH_17225,bulge2
8K82_1060,bulge4
5UYN_7116,hairpin6
5WE6_9315,hairpin5
8SYL_13979,bulge2
9NLF_4072,3x3
9GFT_16739,bulge2
7B7D_10626,bulge2
3JAJ_1362,bulge2
5WE4_9304,hairpin5
7SYX_3091,2x2
9E7F_16268,bulge2
5UYL_1677,2x2
5T5H_1649,2x2
6LSR_7934,bulge2
8YLD_16446,bulge2
6GXN_2376,bulge3
9FRA_4264,2x2
5LZS_8326,hairpin5
6OT3_11376,hairpin5
6Q8Y_11660,hairpin5
8P7X_4150,2x2
8S8D_1108,bulge4
7SYM_3079,2x2
6WD1_9526,bulge2
5IQR_15133,bulge1
6GXN_10235,hairpin5
8EVS_958,bulge4
6GZZ_8013,hairpin6
6SPG_9031,bulge2
5T7V_2080,hairpin3
6TMF_2684,bulge3
6PC5_8961,hairpin6
7PHA_91,4x4
8P2F_3534,3x3
5H1S_14889,bulge1
6WDG_9701,bulge2
9J3R_3982,3x3
5GAE_14845,bulge1
5U9G_7041,hairpin6
6SV4_9385,hairpin6
3J9W_452,bulge3
8FL3_13751,bulge2
8EIU_3428,bulge3
7CPJ_10716,bulge2
8XSY_15631,bulge2
8YOP_3972,bulge3
6ZSE_10334,bulge2
6RBE_9221,hairpin6
6OT3_1906,3x3
6T7T_9129,bulge2
8G2U_3677,bulge3
9GHF_4029,3x3
7PHC_12062,bulge2
8TOC_14999,bulge2
6GXO_7687,bulge2
6SWC_9406,hairpin6
8T5D_15918,bulge2
7NBU_11677,bulge2
7NQL_3100,bulge3
6P5J_1938,3x3
9GHC_4016,3x3
8C8X_3338,2x2
8RL2_4083,bulge3
6SV4_12119,hairpin5
3JCD_1692,hairpin6
5MDY_6406,bulge2
4D5Y_1588,bulge2
6I9R_8196,hairpin6
9MQ4_16682,bulge2
6VZ7_2751,bulge3
3J5L_4652,hairpin4
6GC8_7853,hairpin6
6ZTN_10379,bulge2
8P2H_15279,bulge2
6T4Q_9094,bulge2
6XDQ_9911,bulge2
8RCM_14964,bulge2
6ZMT_2447,2x2
9GR1_16277,bulge2
5NO4_8784,hairpin5
8FTO_3599,bulge3
5MDV_8442,hairpin5
8OVA_3687,bulge3
6AH0_9516,hairpin5
4V73_3744,bulge2
7MT3_3197,bulge3
3JBO_422,2x2
6OM0_8421,bulge2
7NQH_2552,3x3
6AZ3_7182,bulge2
5UYK_9116,hairpin5
5T5H_8948,hairpin5
3JCJ_1714,hairpin6
8P7Y_16196,bulge2
8VSA_3552,3x3
4CSU_2424,hairpin5
3JCE_2281,hairpin5
5WE6_7253,hairpin6
6O8Z_8235,bulge2
6TNU_2217,2x2
6FTG_7518,bulge2
5ZEB_9478,hairpin5
6V39_9554,hairpin6
6VYW_2077,3x3
8P7Y_4155,2x2
6PJ6_11629,hairpin5
5GAH_19021,hairpin4
5T62_6966,hairpin6
5GAE_14851,bulge1
8G7Q_3766,bulge3
3J9M_2091,hairpin5
3J9Z_1321,bulge2
8CGD_13856,bulge2
5LZX_8387,hairpin5
8QOA_3847,bulge3
6FTG_9999,hairpin5
8GLP_13496,bulge2
8I9V_877,bulge4
6YSS_10132,bulge2
3JAH_1617,hairpin6
5LJ5_6189,bulge2
8XXN_352,bulge5
5U4I_7021,hairpin6
6GAW_10060,hairpin5
6OSQ_8535,bulge2
5AKA_18287,hairpin4
7PIT_12176,bulge2
8INF_3229,3x3
9GHF_4030,3x3
6XDQ_2207,3x3
6Y7C_589,bulge4
8P2K_13824,bulge2
6WD4_2119,3x3
6RM3_9231,hairpin6
6HIV_8127,hairpin6
6S12_8946,bulge2
7BHP_266,5x5
6X9Q_9893,bulge2
6V3A_12356,hairpin5
5UQ8_9107,hairpin5
6HCJ_2349,hairpin3
6V3D_12377,hairpin5
6WDL_2801,bulge3
6T4Q_9101,bulge2
5LZA_6237,bulge2
8R6C_15756,bulge2
5ND8_2067,bulge3
8FL4_13753,bulge2
8YLR_16449,bulge2
4V79_3825,bulge2
7M4W_2615,2x2
6SZS_12159,hairpin5
6GZQ_7995,hairpin6
8YLR_3834,3x3
6WD7_9597,bulge2
6WDF_2314,2x2
6OSQ_2044,2x2
7JT1_10803,bulge2
5UYK_6885,bulge2
8FLD_13800,bulge2
6Q8Y_8734,bulge2
6VZ3_9428,bulge2
6BU8_7466,hairpin6
8C8Y_3339,2x2
7B7D_2556,2x2
3J7O_2982,bulge1
5WYJ_7073,bulge2
4V6R_953,2x2
6S0X_9256,hairpin6
5IT7_5826,bulge2
6V3D_2769,hairpin3
8XSY_3641,3x3
8XZ3_3704,3x3
8G6W_13479,bulge2
6DDD_7415,bulge2
8BIP_3218,2x2
9FS8_4270,2x2
5KPX_6396,hairpin6
9BKD_3749,3x3
6FEC_1815,2x2
8WIF_15150,bulge2
7NHN_11158,bulge2
8PHJ_14522,bulge2
3J9Y_1312,bulge2
6MTE_1761,3x3
6GZZ_10336,hairpin5
6GZX_10305,hairpin5
7NBU_11676,bulge2
6TMF_2214,2x2
7O81_2711,2x2
8R8M_15771,bulge2
6WDF_9685,bulge2
6ZU5_2498,2x2
9GHF_17094,bulge2
8T3F_16430,bulge2
9HA4_3882,3x3
9GGR_3925,3x3
6ELZ_9903,hairpin5
5LZE_8302,hairpin5
8P8W_4045,bulge3
8ZQ9_142,4x4
6S0K_11959,hairpin5
3JA1_606,hairpin3
6ND4_1936,2x2
8OHD_14790,bulge2
6ENF_7692,hairpin6
6YWY_2429,2x2
9HA6_16637,bulge2
7N2C_2630,2x2
8JDL_14470,bulge2
9F9S_16359,bulge2
5JTE_1466,2x2
5KPX_6403,hairpin6
4V74_900,3x3
8CRX_13195,bulge2
5OPT_8907,hairpin5
4V73_895,3x3
6OT3_2585,bulge3
3JCE_1696,hairpin6
5T7V_6785,bulge2
6T7I_12192,hairpin5
6OSK_8820,hairpin6
8CGK_13816,bulge2
7JSZ_10781,bulge2
8XP3_4183,2x2
6OGF_11070,hairpin5
6TBV_9474,hairpin6
5T62_6961,hairpin6
7SYQ_2891,3x3
6NU3_8399,hairpin6
6OLI_8401,bulge2
6YWS_10173,bulge2
8TPU_3719,3x3
8AKN_3021,3x3
8RPY_15356,bulge2
5ADY_4881,hairpin7
7NAX_11106,bulge2
4UE5_794,bulge3
8FZG_3962,2x2
9MQ4_16679,bulge2
8Y39_3984,2x2
8R3V_14946,bulge2
6S12_11987,hairpin5
7K53_3027,bulge3
8UR0_3597,3x3
3J9Z_457,bulge3
8RPZ_3885,2x2
8VK7_16786,bulge2
8P7X_4037,bulge3
5ZEU_2210,bulge3
8IE3_3614,bulge3
6OFX_8580,hairpin6
5WE4_2165,bulge3
8P2G_15264,bulge2
3JAH_1351,bulge2
6WNW_2182,3x3
6OSQ_11351,hairpin5
6Z1P_79,4x4
7AC7_10508,bulge2
6D9J_7407,bulge2
6GXN_7941,hairpin6
6N8O_8059,bulge2
9NLF_4215,bulge3
6O90_10971,hairpin5
3JA1_407,2x2
7KGB_11574,bulge2
6VYQ_9316,bulge2
5JTE_6055,bulge2
6SPB_12071,hairpin5
5IT9_19441,hairpin4
5LZW_8373,hairpin5
7K55_10909,bulge2
6XZA_2847,bulge3
6HMA_10485,hairpin5
8E3M_13643,bulge2
5G2X_18999,hairpin4
8QOA_15199,bulge2
6OIG_8353,bulge2
6GZX_7726,bulge2
7PI9_2936,2x2
6PCQ_9000,hairpin6
5MRC_2057,bulge3
6OLG_8391,bulge2
5ME0_2041,bulge3
4V6V_3662,bulge2
5APN_18311,hairpin4
5ME0_8494,hairpin5
8R6C_15762,bulge2
8VK7_16787,bulge2
8Y0U_3688,2x2
6SWA_9070,bulge2
9GFT_1191,bulge4
6QUL_9149,hairpin6
6S0K_2161,2x2
5AJ4_14291,bulge1
6TBV_536,bulge4
8YLD_4226,2x2
9FRK_16537,bulge2
5LMR_6210,bulge2
3Jan_1371,bulge2
6Q95_2630,bulge3
6ENF_9924,hairpin5
8ZTU_16830,bulge2
5H1S_14899,bulge1
6VYW_9363,bulge2
6ZXE_2338,3x3
5AKA_4906,hairpin7
6ZJ3_10255,bulge2
3J5L_2919,bulge1
6ZTO_10390,bulge2
8P60_13608,bulge2
6OLG_11176,hairpin5
6QUL_8820,bulge2
8OJ0_14801,bulge2
5WE6_9326,hairpin5
6Q98_2618,hairpin3
8ETG_12870,bulge2
5M1J_8419,hairpin5
6R5Q_2128,2x2
6FXC_7543,bulge2
8FLA_3567,bulge3
7BOG_10696,bulge2
8IFC_3698,2x2
5UYQ_9189,hairpin5
7PJY_2658,3x3
5UYQ_386,bulge4
5KPV_6375,hairpin6
8P09_3507,3x3
6R86_1991,3x3
5ANC_4925,hairpin7
8IPX_3491,2x2
9MQ4_16680,bulge2
8PFR_15554,bulge2
8FZF_15548,bulge2
6S12_11992,hairpin5
5MRF_6685,hairpin6
6TB3_9458,hairpin6
5LZD_1995,bulge3
6OM7_11226,hairpin5
5O2R_2098,bulge3
7K55_2481,3x3
5TCU_9002,hairpin5
5WYJ_9404,hairpin5
5UYK_6886,bulge2
6LSS_462,bulge4
6O9J_8259,bulge2
5MDZ_2039,bulge3
8Y0U_998,bulge4
6WDE_559,bulge4
3JCN_2310,hairpin5
6U48_12311,hairpin5
9L0R_175,4x4
8CEP_3583,bulge3
9B0G_4366,2x2
6HRM_7844,bulge2
8P17_15339,bulge2
6Q95_2111,2x2
8JDM_3607,2x2
6PCT_9023,hairpin6
5O60_8835,hairpin5
7BTB_10714,bulge2
5O2R_6840,hairpin6
6WDA_9630,bulge2
5JPQ_19946,hairpin4
6ZVJ_643,bulge4
6SPD_9343,hairpin6
5LZT_1912,hairpin3
9N2C_16975,bulge2
7LS2_10942,bulge2
6FXC_10041,hairpin5
6WRU_2191,3x3
5LMV_6228,bulge2
6P4H_487,bulge4
7M4X_10979,bulge2
7MT2_11654,bulge2
9NLH_4075,3x3
6WDJ_9735,bulge2
5ANB_5544,bulge2
5U4I_1666,2x2
7JSZ_10779,bulge2
8P8V_1143,bulge4
6WNW_9801,bulge2
6GXP_7695,bulge2
5UYM_7100,hairpin6
6ZTJ_10346,bulge2
8P2G_15260,bulge2
8XSZ_15638,bulge2
6OST_11367,hairpin5
5LMQ_6207,bulge2
7MQ8_11016,bulge2
6WD1_2109,3x3
8P7X_4149,2x2
6TC3_12256,hairpin5
9NLE_17204,bulge2
6GZ5_7722,bulge2
4V6P_3606,bulge2
5NGM_6629,bulge2
8KAB_15822,bulge2
6SPC_12072,hairpin5
6I7O_8170,hairpin6
8V9L_14709,bulge2
5LZB_6462,hairpin6
6GAW_7561,bulge2
4V6S_867,3x3
5KPW_6391,hairpin6
6GZZ_2334,hairpin3
8P5D_13589,bulge2
8HU1_15226,bulge2
6BU8_7245,bulge2
6SKG_12050,hairpin5
6H4N_7748,bulge2
6GZQ_10300,hairpin5
5O2R_6847,hairpin6
9F1C_15885,bulge2
8CG8_14237,bulge2
8P18_3573,3x3
8VIO_3929,3x3
5JUU_6107,bulge2
6O8Z_8232,bulge2
6WDD_9664,bulge2
7JT2_10805,bulge2
5UYN_9158,hairpin5
6OM7_8719,hairpin6
3JCJ_2298,hairpin5
5MRE_2059,bulge3
6ZTJ_10340,bulge2
6GZZ_10326,hairpin5
6SV4_9051,bulge2
6VWL_2705,bulge3
3J6B_4664,hairpin4
7AC7_10505,bulge2
7AC7_263,5x5
6P5K_11500,hairpin5
8C8Z_3340,2x2
4UE5_189,bulge4
8UIY_4227,bulge3
8BH4_3248,3x3
7WTZ_2948,3x3
6PCT_9021,hairpin6
7MSH_11619,bulge2
8FTO_13878,bulge2
7AFO_10546,bulge2
6WYV_9852,bulge2
3J9Y_1581,hairpin6
3JBP_2232,hairpin5
6P4G_486,bulge4
6LQS_1904,2x2
7K52_10866,bulge2
5IMQ_15104,bulge1
9NLQ_17247,bulge2
5JU8_1468,2x2
8UUA_3800,2x2
7PIT_767,bulge4
4CSU_2419,hairpin5
8CDL_3538,2x2
5UZ4_2140,bulge3
3JCN_1724,hairpin6
8RJB_14650,bulge2
9GGR_3918,3x3
7SYM_2886,3x3
3JBU_2240,hairpin5
7NHL_11130,bulge2
6O9K_2516,bulge3
8EKC_12862,bulge2
8Z70_16460,bulge2
6N7P_1772,3x3
7PIP_2956,2x2
6QYZ_11796,hairpin5
6RXX_518,bulge4
4V70_3719,bulge2
5O61_6700,bulge2
6R86_11863,hairpin5
5H1S_1361,3x3
6Q95_2616,hairpin3
6PPK_9058,hairpin6
6W6P_9478,bulge2
6MTD_10679,hairpin5
5LZF_8319,hairpin5
3JBO_406,3x3
8SYL_13980,bulge2
7N2U_11042,bulge2
6OM6_8712,hairpin6
8QHU_4308,2x2
6R7Q_2132,2x2
4V6V_1144,bulge3
6DZI_2256,hairpin3
6OSQ_8529,bulge2
6YDW_2393,2x2
6OUO_8877,hairpin6
6S0Z_11981,hairpin5
8R55_3369,3x3
6GZZ_2331,hairpin3
4UJE_2520,bulge2
8QCQ_3818,2x2
5UYN_9159,hairpin5
5AA0_1312,3x3
5TCU_7004,hairpin6
9C8K_3944,3x3
6HA8_2399,bulge3
8S1U_15513,bulge2
6S0X_8935,bulge2
6NU2_8389,hairpin6
6SKG_12045,hairpin5
6Z6K_10218,bulge2
8Y37_15787,bulge2
8Q87_4026,2x2
4V6Z_3695,bulge2
6FRK_9980,hairpin5
9F1C_4019,2x2
8PHJ_985,bulge4
7PIQ_765,bulge4
3J9M_1556,hairpin6
6SGC_2168,2x2
5NP6_6663,bulge2
6H58_7758,bulge2
3JAH_1614,hairpin6
6DNC_2328,bulge3
6BU8_7247,bulge2
7UVZ_3088,3x3
5KPV_6142,bulge2
5MDZ_8483,hairpin5
3J7P_90,bulge4
6WD1_9523,bulge2
5IT7_299,bulge4
5ADY_14214,bulge1
6V3B_9576,hairpin6
7K55_2480,3x3
5LZX_6534,hairpin6
6SV4_12141,hairpin5
4V7E_3867,bulge2
6N8L_8293,hairpin6
6MTD_10676,hairpin5
5WFK_7033,bulge2
8UQL_15409,bulge2
6YST_2873,bulge3
6GB2_7814,hairpin6
7O19_2581,3x3
8RXX_15311,bulge2
6WD2_2112,3x3
7A1G_2526,2x2
6P5K_2590,hairpin3
6R84_511,bulge4
5ZET_7149,bulge2
6XZA_9996,bulge2
6ZME_2897,bulge3
7CPJ_10724,bulge2
7PAH_11903,bulge2
9FQ0_3954,bulge3
5LZT_8338,hairpin5
8I9V_3369,2x2
3J9Y_602,hairpin3
8RPZ_3580,3x3
6DZI_7446,bulge2
3J92_1550,hairpin6
6XGF_9941,bulge2
5MDV_6570,hairpin6
6W6P_2757,bulge3
4V78_3805,bulge2
9GGR_4328,2x2
6YSR_10122,bulge2
6GXM_10217,hairpin5
6WD2_2767,bulge3
7BL4_660,bulge4
8J1Z_15238,bulge2
3JBN_1641,hairpin6
8G34_3332,3x3
6X7K_2202,3x3
5U9F_6828,bulge2
7OYD_2742,3x3
8BTD_3271,2x2
6PJ6_11632,hairpin5
6GQ1_1833,2x2
7OLD_2814,2x2
9HC4_17130,bulge2
6VYQ_9315,bulge2
5X8P_7289,hairpin6
9NL6_4058,3x3
6TB3_2202,2x2
6ZTL_2297,3x3
6CB1_9803,hairpin5
8PEG_14923,bulge2
6ZTN_10376,bulge2
6O90_8523,hairpin6
7SYL_2884,3x3
6VWN_9305,bulge2
8SCB_14576,bulge2
6FXC_10029,hairpin5
7P7T_2856,2x2
6WUA_2346,2x2
9GHB_17051,bulge2
5AJ4_14293,bulge1
9B0R_4146,bulge3
8WI7_3821,bulge3
4V6S_3635,bulge2
8BUU_346,5x5
6TNU_9506,hairpin6
7BOD_10682,bulge2
4V6X_3679,bulge2
5LZE_1906,hairpin3
6OUO_8876,hairpin6
6GQ1_432,bulge4
6RI5_1992,3x3
5LL6_8219,hairpin5
6TBV_2679,bulge3
8XSX_15614,bulge2
6S0K_11960,hairpin5
6T59_2677,bulge3
6FXC_10032,hairpin5
9GR1_16275,bulge2
9HA6_16633,bulge2
5LZB_6459,hairpin6
6GWT_7916,hairpin6
6ZQD_2462,2x2
7PJZ_2664,3x3
7K52_3024,bulge3
6YWX_10186,bulge2
7PI9_12084,bulge2
5T2A_6937,hairpin6
9F9S_16356,bulge2
8XSZ_15640,bulge2
6WDD_2311,2x2
9H3X_16649,bulge2
5LZT_1422,3x3
6OLG_8679,hairpin6
5GAK_19037,hairpin4
9GGR_16761,bulge2
7LV0_2488,3x3
6FAI_9973,hairpin5
5T2A_2110,bulge3
8CAH_3389,2x2
9L0R_178,4x4
7PIQ_12140,bulge2
3JBO_1387,bulge2
9FO0_16528,bulge2
6O90_1832,3x3
6I7O_10539,hairpin5
3JA1_2151,hairpin5
9NLJ_4220,bulge3
7O1C_2591,3x3
8FR8_3141,3x3
6OLE_8662,hairpin6
3JBO_419,2x2
5UYL_6888,bulge2
6OLE_8374,bulge2
8UU8_3788,2x2
8UKB_4049,bulge3
6W6P_9479,bulge2
6R87_513,bulge4
5NJT_6635,bulge2
5LMO_6434,hairpin6
5MYJ_6515,bulge2
6SKG_2174,2x2
6GQV_7615,bulge2
6YSU_10151,bulge2
8OVJ_15291,bulge2
6TBV_9154,bulge2
5IMQ_1454,2x2
8UR0_3912,bulge3
8T30_16397,bulge2
9F1C_15882,bulge2
6H58_1724,3x3
8CEU_13843,bulge2
7M4W_10970,bulge2
6WD9_9618,bulge2
8FZD_3974,bulge3
7ABZ_2364,3x3
6SJ6_9310,hairpin6
6OGF_8600,hairpin6
6I0Y_8155,hairpin6
5MRF_6507,bulge2
5M1J_6366,bulge2
8FIZ_13217,bulge2
8G5Z_868,bulge4
5UYQ_7136,hairpin6
6ZSA_2285,3x3
6V3A_9565,hairpin6
8K0S_3862,bulge3
8CSS_3412,bulge3
9H3Y_4289,2x2
6YLY_10095,bulge2
6ZQF_632,bulge4
8G7R_14901,bulge2
6VYQ_9318,bulge2
5A9Z_1308,3x3
7JSW_10778,bulge2
3J6B_1482,hairpin6
3J6B_1484,hairpin6
5V93_2143,bulge3
3J5S_4659,hairpin4
8VR4_3939,3x3
4V5H_822,2x2
9NLE_17207,bulge2
5LZZ_1437,3x3
7QV3_2831,3x3
7PAI_11915,bulge2
3J9W_2097,hairpin5
6V3E_12383,hairpin5
7NWH_2570,3x3
8CRX_13194,bulge2
6O90_8242,bulge2
6SV4_12117,hairpin5
6O9K_2517,bulge3
7NWW_11687,bulge2
6GZ4_7973,hairpin6
6U48_9207,bulge2
5UYK_7084,hairpin6
6T7T_9131,bulge2
8YP6_3946,3x3
3JCE_415,3x3
7JT3_10821,bulge2
7PHB_2926,2x2
5OQL_8912,hairpin5
5U9F_7035,hairpin6
5XY3_7106,bulge2
6HCQ_10439,hairpin5
3JA1_1337,bulge2
3JAH_1610,hairpin6
8PJ2_3707,3x3
8I9W_878,bulge4
8T2Y_16386,bulge2
8P8W_4173,2x2
7JSW_10769,bulge2
7ZUW_3231,2x2
3JCE_413,3x3
6WQQ_2187,3x3
5OQL_8913,hairpin5
5JUO_6076,bulge2
5O61_1619,2x2
5JU8_20003,hairpin4
5APN_4929,hairpin7
5UYL_2130,bulge3
6SPD_9010,bulge2
8G34_14429,bulge2
6P4G_2073,2x2
6SW9_9396,hairpin6
8EWB_14162,bulge2
8UIY_463,5x5
6R84_2134,2x2
8ANY_3235,3x3
6VLZ_2774,hairpin3
8Q5I_14182,bulge2
6HD7_192,5x5
3J5L_1993,hairpin5
5LMT_8236,hairpin5
8FZF_15552,bulge2
7P3K_11448,bulge2
6N8L_8044,bulge2
8D8J_12847,bulge2
6QTZ_11778,hairpin5
6LU8_10632,hairpin5
5UYM_6907,bulge2
9F1B_15867,bulge2
8G6J_3509,bulge3
6DDD_9847,hairpin5
5LZT_8342,hairpin5
9DUL_4105,bulge3
8C8Z_3115,3x3
8G6J_13469,bulge2
8TOC_15002,bulge2
6ZSE_2290,3x3
8SYL_13978,bulge2
6Q95_2629,bulge3
4V73_1154,bulge3
6LSR_194,5x5
6OLI_8405,bulge2
5NCO_6526,bulge2
7PI9_12083,bulge2
9GUW_16322,bulge2
5KPX_6164,bulge2
6Q9A_503,bulge4
5JUT_6101,bulge2
5MRF_6506,bulge2
5LZW_6526,hairpin6
7AQD_10564,bulge2
6V3D_12382,hairpin5
6HTQ_10512,hairpin5
6ZTO_10385,bulge2
8EVQ_14138,bulge2
5LZX_8386,hairpin5
6GZQ_1711,3x3
8OVJ_15294,bulge2
7NRC_11169,bulge2
9J3T_158,4x4
6N8N_10727,hairpin5
8IPB_1007,bulge4
6OLF_8389,bulge2
4V6Z_3707,bulge2
6YPU_10096,bulge2
6GXO_10237,hairpin5
8OVA_3609,2x2
6TNN_12284,hairpin5
5AKA_4908,hairpin7
7N2C_11029,bulge2
5LMR_8230,hairpin5
6SKF_9318,hairpin6
8FZG_15703,bulge2
6VZJ_2753,bulge3
6XIR_575,bulge4
7TQL_2906,3x3
8RD8_14852,bulge2
8WIC_348,bulge5
5UMD_7048,hairpin6
3JCE_1698,hairpin6
8SCB_3712,bulge3
6XDQ_9912,bulge2
6WDG_9693,bulge2
7NHL_11129,bulge2
6YW5_10158,bulge2
6MTD_8012,bulge2
7NRD_11186,bulge2
3J7Z_2061,hairpin5
7M4Y_10989,bulge2
8EMM_892,bulge4
6OG7_8589,hairpin6
6FTI_7754,hairpin6
6DZI_9875,hairpin5
5AKA_4907,hairpin7
5U9F_6829,bulge2
9F58_17030,bulge2
5AFI_18195,hairpin4
8R55_14626,bulge2
7PHB_12049,bulge2
5MMM_6649,hairpin6
6OT3_8558,bulge2
8S8I_4069,2x2
5UYP_6935,bulge2
3J7Z_1526,hairpin6
8P2F_3535,3x3
5FLX_14838,bulge1
5JUS_6089,bulge2
9F1D_4022,2x2
6DZI_9883,hairpin5
6WDL_566,bulge4
8I9R_3365,2x2
5T2C_8937,hairpin5
8CG8_14240,bulge2
5MYJ_6522,bulge2
8RDV_14859,bulge2
4CE4_1834,hairpin6
3J9Z_1588,hairpin6
3J9Y_398,3x3
9GHG_4033,3x3
3JCD_1682,hairpin6
7QCA_3178,2x2
4V69_3387,bulge2
7M5D_11601,bulge2
3J5L_2925,bulge1
8FZJ_15743,bulge2
8OM2_14606,bulge2
6GC0_7830,hairpin6
7P7U_2757,3x3
6LNB_10596,hairpin5
8FL2_13742,bulge2
5MMI_8547,hairpin5
8G34_14436,bulge2
6HA1_8054,hairpin6
8IP8_14766,bulge2
6I7O_10535,hairpin5
8P8W_16227,bulge2
4V8M_4424,bulge2
6GC0_10084,hairpin5
8AKN_3238,2x2
5APN_18317,hairpin4
6ZMI_10289,bulge2
9E6Q_16249,bulge2
5LZZ_6356,bulge2
6Y2L_10017,bulge2
7P7Q_2745,3x3
8X9O_16821,bulge2
7OQC_2626,3x3
3J7A_4700,hairpin4
6MTD_10674,hairpin5
9N2B_3996,3x3
8HSP_3825,2x2
3J5L_2920,bulge1
5IT7_5831,bulge2
3JCJ_1444,bulge2
5ANC_4923,hairpin7
6V3B_12364,hairpin5
5MDW_8462,hairpin5
6XIJ_9956,bulge2
6D9J_7619,hairpin6
5X8P_1717,2x2
8R3V_3782,bulge3
8T5D_15912,bulge2
6Y69_2858,bulge3
5MMM_6651,hairpin6
5IQR_19343,hairpin4
8RCM_14960,bulge2
3J79_2952,bulge1
8YLR_16451,bulge2
6N8N_8057,bulge2
5LZC_326,bulge4
6OGG_11087,hairpin5
6HCJ_2350,hairpin3
4V7H_3869,bulge2
6ZSA_2471,2x2
6V39_9224,bulge2
6YWS_10169,bulge2
5KPS_6367,hairpin6
6YLX_10088,bulge2
6FXC_7555,bulge2
7PI8_3271,bulge3
8SCB_14572,bulge2
6GXM_7929,hairpin6
5U4I_9036,hairpin5
6R7Q_9195,hairpin6
4V5H_719,3x3
8YUS_16174,bulge2
7B7D_657,bulge4
3J6B_2940,bulge1
8I9V_13522,bulge2
6Y6X_2859,bulge3
6TC3_12251,hairpin5
5U9G_6840,bulge2
8RWG_16700,bulge2
7PJU_2637,3x3
8IFC_14755,bulge2
7QCA_322,5x5
5ZEP_7143,bulge2
8RCM_3444,3x3
5LZW_8380,hairpin5
6GQ1_1832,2x2
6O8W_8201,bulge2
6VWN_9298,bulge2
6GZ4_7713,bulge2
8E3L_899,bulge4
6GWT_7643,bulge2
6RXT_2657,hairpin3
8PV2_14369,bulge2
8YUP_16139,bulge2
5L3P_1953,bulge3
8BGE_3240,3x3
6ORE_8778,hairpin6
6SZS_12165,hairpin5
6PCH_8990,hairpin6
6ZMO_10295,bulge2
8OM3_14610,bulge2
5V7Q_6952,bulge2
5KPW_8155,hairpin5
6V3D_9246,bulge2
6YSU_2264,3x3
7KGB_11583,bulge2
7JSZ_2589,2x2
7O7Z_11313,bulge2
7BOG_10694,bulge2
7OPE_2724,2x2
5UQ8_1674,2x2
6Y2L_254,5x5
6OLI_242,bulge5
6C4I_9761,hairpin5
5IQR_19356,hairpin4
8Q7Q_3857,bulge3
8QRM_3944,bulge3
8Q7V_3858,bulge3
8RD8_3757,bulge3
8P60_3411,2x2
8FR8_13512,bulge2
7ABG_2944,bulge3
6AWC_9525,hairpin5
6PC5_2084,2x2
5MYJ_6697,hairpin6
6OLI_11182,hairpin5
3JAG_2158,hairpin5
9H3Y_3870,3x3
6S0X_11969,hairpin5
8YUP_16136,bulge2
4V4B_2568,bulge2
8INE_3485,2x2
6ENU_7489,bulge2
9N2B_16971,bulge2
6I0Y_8164,hairpin6
7JT2_10813,bulge2
6G5I_7794,hairpin6
9NL7_4207,bulge3
8RCT_14984,bulge2
8ESQ_2999,3x3
6R84_2643,hairpin3
8YUO_3768,3x3
6DZI_216,bulge5
6V3E_12384,hairpin5
5MMM_6476,bulge2
8G60_13454,bulge2
6ORL_8791,hairpin6
6WD0_2289,2x2
6ZS9_2904,bulge3
9F9S_16361,bulge2
7NSQ_278,5x5
6DNC_9871,hairpin5
6OFX_8294,bulge2
6ZTJ_2477,2x2
6O8X_10941,hairpin5
7K54_10887,bulge2
6VYS_9340,bulge2
5UYM_6909,bulge2
7A5I_2530,2x2
3JBU_1408,bulge2
4V7C_928,3x3
5KPW_8164,hairpin5
5ND8_6716,hairpin6
8Y38_3693,3x3
6P5J_11496,hairpin5
3J7A_1496,hairpin6
8URX_3920,bulge3
6NU3_2469,hairpin3
6FXC_10031,hairpin5
8PJ5_1086,bulge4
8CGJ_3591,bulge3
5WE6_9322,hairpin5
6ZOJ_2451,2x2
9N2B_16966,bulge2
8HSP_15209,bulge2
6OGF_8320,bulge2
6OSQ_11342,hairpin5
8IPD_13938,bulge2
8VKW_16795,bulge2
5H4P_14910,bulge1
5O61_6704,bulge2
5OA3_358,bulge4
4A2I_2375,hairpin5
7AS8_10566,bulge2
8PV1_14365,bulge2
8P17_15333,bulge2
5AJ4_1787,bulge3
8JDM_14477,bulge2
3JBU_2241,hairpin5
6YTF_2878,bulge3
5UYP_6929,bulge2
5WFS_7043,bulge2
8CSS_3411,bulge3
6ENJ_7697,hairpin6
6LQM_10599,hairpin5
7SYI_2879,3x3
5WE4_9308,hairpin5
3J7O_2021,hairpin5
5LZC_6259,bulge2
8G7R_14903,bulge2
5LMT_1977,bulge3
8Y0W_14720,bulge2
4V6I_3547,bulge2
6WU9_9838,bulge2
5AJ0_18239,hairpin4
7PHB_2785,3x3
6MTD_10673,hairpin5
5U9G_9078,hairpin5
7JT2_2999,bulge3
8IFC_3699,2x2
8URI_15455,bulge2
8IE3_13908,bulge2
5IMR_5806,bulge2
6QKL_8785,bulge2
6P5I_11474,hairpin5
6WD8_9601,bulge2
8G7S_3745,2x2
6R86_9212,hairpin6
7D6Z_10731,bulge2
5ZLU_9510,hairpin5
7BOE_267,5x5
8EVT_14154,bulge2
6Y6X_10048,bulge2
9AXU_16092,bulge2
6HA1_8049,hairpin6
9HC4_17126,bulge2
6WUB_2812,bulge3
6SPG_2011,3x3
6OG7_8306,bulge2
6SGC_12030,hairpin5
8UT0_16110,bulge2
6SWA_2711,hairpin3
5LZU_8355,hairpin5
8FTO_13882,bulge2
3JBO_2221,hairpin5
8WI8_3805,2x2
6GC6_10101,hairpin5
3JCD_1694,hairpin6
3JAH_1613,hairpin6
6GXP_7954,hairpin6
6OLI_8400,bulge2
5MMI_8548,hairpin5
6D9J_2248,hairpin3
6FRK_7507,bulge2
6RZZ_8914,bulge2
8YOO_1071,bulge4
4CSU_2427,hairpin5
4C4Q_680,hairpin3
5U4I_7024,hairpin6
8TPU_4008,2x2
9NLB_17197,bulge2
6GBZ_10078,hairpin5
8K0S_15243,bulge2
7ABZ_10498,bulge2
9B0F_16856,bulge2
5FLX_5090,hairpin7
6UZ7_540,bulge4
8IDT_13889,bulge2
7N2U_11035,bulge2
6ZTO_10392,bulge2
4V6K_940,2x2
8RPZ_3578,3x3
6Q97_11684,hairpin5
8UPO_15391,bulge2
5ZEB_7342,hairpin6
5MY1_8597,hairpin5
5LZB_8258,hairpin5
6LQM_8214,hairpin6
6PC6_8674,bulge2
6FXC_10035,hairpin5
8AYE_3243,2x2
6GC6_1680,3x3
6P4H_11472,hairpin5
6WD0_9507,bulge2
6N8L_10715,hairpin5
8PEG_3428,3x3
7ACR_10530,bulge2
5ZEB_7344,hairpin6
5AN9_4914,hairpin7
6Q95_8738,bulge2
9GHD_4454,2x2
6GXP_7958,hairpin6
6N8N_8056,bulge2
8IR1_943,bulge4
7Q0R_3006,2x2
3J7P_3003,bulge1
6YST_2260,3x3
8QRK_3940,bulge3
6ZTP_10405,bulge2
6HA1_10381,hairpin5
6HA8_7790,bulge2
5JBH_19879,hairpin4
3J9Z_2124,hairpin5
8TOC_136,4x4
6WU9_9840,bulge2
7A5I_2941,bulge3
8T5D_4030,2x2
6MTC_1758,3x3
8UIY_1224,bulge4
3J81_589,hairpin3
8RCM_3785,bulge3
5AKA_1326,3x3
9B0G_453,5x5
5AJ0_18238,hairpin4
6OGI_11106,hairpin5
7QV2_3026,2x2
5LI0_1863,hairpin3
5WE6_2127,hairpin3
3JCD_2261,hairpin5
5IMQ_15113,bulge1
6GB2_10067,hairpin5
6VWN_543,bulge4
8FLF_3465,2x2
5AJ4_14286,bulge1
6GZZ_10334,hairpin5
8EVP_14135,bulge2
6DDG_7424,bulge2
6ORL_8787,hairpin6
7PJY_2656,3x3
6TC3_9475,hairpin6
6N8M_10723,hairpin5
7Q4K_2980,3x3
8IPY_13954,bulge2
6GC8_10119,hairpin5
5T2A_6755,bulge2
6W6P_9481,bulge2
5NGM_6794,hairpin6
6O8X_8493,hairpin6
4V6Z_3697,bulge2
6T7I_9118,bulge2
5UYN_9155,hairpin5
6OM0_243,bulge5
7AFH_10536,bulge2
5GAE_19017,hairpin4
5FLX_291,bulge4
6PCT_11619,hairpin5
4V5H_3112,bulge2
8XZ3_15830,bulge2
5WF0_9332,hairpin5
5MMM_8566,hairpin5
7MDZ_11006,bulge2
5ME1_6425,bulge2
8XSX_15615,bulge2
3J5L_1994,hairpin5
6SWA_9397,hairpin6
6PCQ_1954,3x3
5LZC_6252,bulge2
3JBN_2216,hairpin5
6R6G_8836,bulge2
8FKP_3538,bulge3
8P8M_15474,bulge2
6VZ7_2749,bulge3
4V73_3750,bulge2
4V74_899,3x3
6K0B_2387,hairpin3
5IT7_15179,bulge1
4V5H_3116,bulge2
7OLC_11746,bulge2
6WDJ_9727,bulge2
3J9M_2095,hairpin5
5LZE_6482,hairpin6
8FR8_13515,bulge2
6ZVK_2512,2x2
6D9J_9836,hairpin5
8VR4_16802,bulge2
8P8V_4043,bulge3
7CPV_11570,bulge2
7UG7_2916,3x3
7OYD_2832,2x2
3JAI_2183,hairpin5
8KAB_15826,bulge2
6QT0_11767,hairpin5
6ZON_2280,3x3
9L0R_4401,2x2
3J6B_1230,bulge2
5GAE_14853,bulge1
6GAW_2353,bulge3
5LZU_8354,hairpin5
8RD8_3405,3x3
9L0R_4406,2x2
6O9J_2513,bulge3
5LZB_6458,hairpin6
6VWN_9299,bulge2
5GAK_14867,bulge1
6Q95_11674,hairpin5
6OLG_2526,hairpin3
3J5L_4656,hairpin4
6OGI_8620,hairpin6
3J7P_1505,hairpin6
5LZX_1431,3x3
5LMS_6215,bulge2
6GAZ_10063,hairpin5
8R55_14621,bulge2
8URI_3904,2x2
8Q87_1098,bulge4
6RW4_2654,bulge3
6TBV_9151,bulge2
6O90_8529,hairpin6
6QUL_8818,bulge2
9NL6_4061,3x3
8YUS_16176,bulge2
5MMI_6463,bulge2
6ZU1_2320,3x3
6BU8_2246,bulge3
8RDV_14866,bulge2
6OGG_8335,bulge2
5LZD_1994,bulge3
8R08_3891,bulge3
6HA8_2346,hairpin3
5ZEB_7128,bulge2
6OM0_8703,hairpin6
6ZJ3_10254,bulge2
5AFI_18194,hairpin4
8ZDB_3902,3x3
8K2C_15591,bulge2
5APO_14367,bulge1
6X9Q_2356,2x2
6OM7_11222,hairpin5
6XIJ_2845,bulge3
3J7Q_1255,bulge2
8P2H_3867,bulge3
6DZP_2259,hairpin3
9J3R_153,4x4
3JCD_2260,hairpin5
8IPX_13946,bulge2
7PIT_12172,bulge2
8IE3_13911,bulge2
7PIO_2953,2x2
6GC8_2294,hairpin3
6SGC_2659,bulge3
6S0K_11957,hairpin5
7K5I_2482,3x3
6BU8_406,bulge4
6ENF_9928,hairpin5
4V6M_1126,bulge3
7JIL_2429,3x3
6GZ5_10284,hairpin5
5H1S_14893,bulge1
6V39_2760,hairpin3
6N8L_10716,hairpin5
5NCO_6528,bulge2
6PCR_2096,2x2
6GBZ_2290,hairpin3
5MDW_6393,bulge2
8IPD_13942,bulge2
7B9V_10627,bulge2
6O8X_8210,bulge2
5UQ7_9094,hairpin5
6WDJ_9733,bulge2
8PVL_3616,2x2
8EVQ_3522,2x2
5MRF_6684,hairpin6
9GGR_16758,bulge2
8WHX_15086,bulge2
9GGR_16766,bulge2
8PJ5_3714,3x3
6WDD_9660,bulge2
5UYN_2112,hairpin3
8CWO_13144,bulge2
9AXV_4117,2x2
6HD7_8110,hairpin6
8WI8_15121,bulge2
7NAR_11083,bulge2
4UY8_2527,bulge2
6N8M_10719,hairpin5
6ZP4_2282,3x3
7OHQ_11383,bulge2
8CF5_14231,bulge2
8FZJ_3673,3x3
6XIR_2374,2x2
4V4N_2670,bulge2
9NLB_1217,bulge4
5XXU_7313,hairpin6
6O9K_8546,hairpin6
8WIB_15132,bulge2
8G6W_3131,3x3
5UYQ_9186,hairpin5
5LZX_8383,hairpin5
8SYL_3231,3x3
8T3D_4220,2x2
9IS7_16769,bulge2
8XSX_15617,bulge2
6SV4_9039,bulge2
8RL2_4084,bulge3
8S8E_4056,2x2
6ELZ_7680,hairpin6
3JA1_2140,hairpin5
5XXB_7099,bulge2
5ZLU_7380,hairpin6
6WD5_9571,bulge2
6YST_10135,bulge2
8RCT_14995,bulge2
4V6Y_3680,bulge2
6MTD_8018,bulge2
6V3A_9232,bulge2
8JDL_335,bulge5
4V75_3775,bulge2
9MOR_16669,bulge2
6ZV6_2327,3x3
3JAG_1603,hairpin6
6N8J_8034,bulge2
6H58_10374,hairpin5
5IMQ_5184,hairpin7
9B0P_16885,bulge2
6GXM_7931,hairpin6
5UQ8_9100,hairpin5
8G7P_14880,bulge2
7JT3_10820,bulge2
5GAE_14856,bulge1
6SPF_9023,bulge2
6Q95_8744,bulge2
6WD3_9542,bulge2
6PPF_11639,hairpin5
7N1P_11022,bulge2
6GQ1_7593,bulge2
8G6X_13203,bulge2
6H58_1718,3x3
6HCQ_10441,hairpin5
6C4I_1776,2x2
7UNU_3121,2x2
6GC0_7826,hairpin6
5MDW_8459,hairpin5
6Q98_9088,hairpin6
8HSP_3523,3x3
8EIU_12918,bulge2
5AKA_18288,hairpin4
8Y0W_3691,2x2
6T4Q_12173,hairpin5
8I9Z_884,bulge4
6WDL_9751,bulge2
6N8N_10726,hairpin5
6GQV_2300,hairpin3
6OLI_8399,bulge2
6VU3_9264,bulge2
5GAO_14879,bulge1
5UYL_6895,bulge2
5IMR_15124,bulge1
6SZS_9415,hairpin6
7TTU_2909,3x3
5LZV_6519,hairpin6
6V3D_9247,bulge2
8FTO_13885,bulge2
8Y0W_14723,bulge2
6I7O_7877,bulge2
8K0Q_3862,2x2
6XDR_9924,bulge2
6PC5_8672,bulge2
3JA1_1327,bulge2
9GFT_3911,3x3
9GHH_17120,bulge2
4V70_3714,bulge2
5LZU_6315,bulge2
5OT7_6750,bulge2
3JCD_2264,hairpin5
5KPS_6127,bulge2
7K55_10898,bulge2
6XIR_9972,bulge2
7BL4_10660,bulge2
9E7F_16265,bulge2
6WNW_9794,bulge2
9GFT_3916,3x3
6GWT_7646,bulge2
6N8O_10738,hairpin5
5WFK_9347,hairpin5
4CSU_116,bulge4
6PJ6_2606,hairpin3
6GZ3_7968,hairpin6
8AYE_3033,3x3
5IMR_19329,hairpin4
9GHF_4461,2x2
8RDV_3406,3x3
7PAM_2888,2x2
6WDC_9647,bulge2
8AP4_2986,3x3
6R86_8872,bulge2
6GZ3_7699,bulge2
8XU8_16436,bulge2
4V6V_3660,bulge2
5XXU_1729,2x2
6ELZ_7682,hairpin6
5IQR_298,bulge4
6HA8_1730,3x3
8TOC_3800,bulge3
5U9G_9065,hairpin5
6WDM_9769,bulge2
5MLC_6633,hairpin6
6FAI_7501,bulge2
4V6O_3595,bulge2
3JBU_2243,hairpin5
8CIV_14252,bulge2
6GB2_7565,bulge2
7AFL_10542,bulge2
3JAJ_1363,bulge2
6SPD_9011,bulge2
6H4N_8023,hairpin6
7K54_10896,bulge2
8G60_13455,bulge2
5UYN_1683,2x2
4V7E_3863,bulge2
6O8Y_10953,hairpin5
6GZ5_10285,hairpin5
6GXM_10214,hairpin5
7ACR_10529,bulge2
3JD5_472,bulge3
4V7I_3884,bulge2
9GGR_3926,3x3
6OLG_11178,hairpin5
6GWT_10200,hairpin5
8IDY_13902,bulge2
6NU2_2465,hairpin3
5AJ3_18250,hairpin4
6OST_11357,hairpin5
8FZH_15719,bulge2
3JCJ_1705,hairpin6
8YLD_1163,bulge4
5AKA_1396,2x2
8PV8_3652,2x2
5H4P_5121,hairpin7
8UIZ_4498,2x2
9GUS_4060,bulge3
6AZ1_7393,hairpin6
5JUT_6099,bulge2
7K54_10890,bulge2
8Y39_15808,bulge2
6ZTM_10369,bulge2
7K52_10870,bulge2
5IMR_19304,hairpin4
6V3B_2693,bulge3
6ORL_8784,hairpin6
5IMQ_1855,bulge3
8CIV_14255,bulge2
9AXU_16088,bulge2
6GBZ_10076,hairpin5
6M62_10641,hairpin5
6QT0_11770,hairpin5
5AFI_4888,hairpin7
6HD7_451,bulge4
6YST_10140,bulge2
8P2G_349,bulge5
3J7Z_386,3x3
6R6P_9188,hairpin6
9L0R_4421,2x2
8V9L_14710,bulge2
6P5J_8937,hairpin6
6HCF_10411,hairpin5
6VZ5_2090,3x3
6SWA_2710,hairpin3
8FZJ_3671,3x3
7BHP_10641,bulge2
8OIS_3160,3x3
8T3B_16408,bulge2
6H58_8035,hairpin6
7P7S_2848,2x2
3JAI_612,hairpin3
6Q97_2112,2x2
6N8N_8309,hairpin6
7UNV_3122,2x2
6OLI_8685,hairpin6
5KPS_8125,hairpin5
9N2B_4434,2x2
3JCE_2284,hairpin5
6TBV_2027,3x3
7SYK_2883,3x3
4V7B_925,3x3
6SWC_76,4x4
7MT7_11668,bulge2
6R7Q_1987,3x3
5ZET_7361,hairpin6
8RPY_15358,bulge2
6I7O_10542,hairpin5
5MPS_8569,hairpin5
6ZM7_10271,bulge2
6OIG_2514,hairpin3
8EKC_12863,bulge2
6ZXH_2343,3x3
6YSR_10119,bulge2
7PNY_2805,3x3
6R6P_11838,hairpin5
6HA8_1731,3x3
9FRK_16539,bulge2
7NWW_11689,bulge2
5UYQ_7130,hairpin6
9NL6_4059,3x3
8VFT_441,5x5
5KPS_6368,hairpin6
6MTD_1925,2x2
8EKC_2997,3x3
7N31_2524,3x3
8FZJ_422,5x5
7AFK_10540,bulge2
8IPY_13952,bulge2
8WIC_3496,3x3
5KPV_1476,2x2
6P4H_8923,hairpin6
7ZUW_3230,2x2
5ME1_6428,bulge2
6GQV_2302,hairpin3
6TBV_9161,bulge2
6OG7_8591,hairpin6
6VWL_9278,bulge2
6XIR_2221,3x3
4V74_898,3x3
7PI8_12072,bulge2
8OVA_14480,bulge2
6RXU_11918,hairpin5
8YLD_4228,2x2
8IPA_3401,3x3
8G34_3598,2x2
6O9J_10994,hairpin5
5X8P_7295,hairpin6
6UZ7_9548,hairpin6
8G7R_3420,3x3
8CKU_3556,2x2
5H1S_19056,hairpin4
6FTJ_10019,hairpin5
5U9G_9064,hairpin5
8RCL_3498,3x3
7K52_2600,2x2
7ACR_2377,3x3
6RI5_11890,hairpin5
7P7U_2862,2x2
7M5D_3185,bulge3
7M5D_11607,bulge2
6AWD_7177,bulge2
7K53_10884,bulge2
6T4Q_9422,hairpin6
6O9J_8248,bulge2
6U48_2042,3x3
5MMM_6645,hairpin6
5LZD_1410,3x3
8RCM_3787,bulge3
6O9J_10983,hairpin5
9GHD_17072,bulge2
3JBV_2255,hairpin5
6YT9_2877,bulge3
7PAJ_2878,2x2
8QSJ_14526,bulge2
7P7R_2847,2x2
9GHB_4447,2x2
5LZB_8263,hairpin5
7PAQ_2901,2x2
8P7Y_4040,bulge3
9GGR_16746,bulge2
3JAI_1625,hairpin6
7LV0_3040,bulge3
5FLX_164,bulge5
5OPT_6743,bulge2
6SWA_9068,bulge2
8Q7Z_15901,bulge2
4V78_1166,bulge3
7N31_11073,bulge2
7PIC_2948,2x2
8P8U_15491,bulge2
6PC8_494,bulge4
6GXM_7924,hairpin6
8G2U_3596,2x2
4V7B_241,bulge4
6GAZ_1825,2x2
8XSX_3637,3x3
8P2H_3849,2x2
8RCT_14998,bulge2
5JU8_1940,bulge3
6EML_9915,hairpin5
6HRM_10493,hairpin5
8G7Q_14897,bulge2
5T6R_6969,hairpin6
6PCH_8688,bulge2
4V6R_3618,bulge2
6VYR_2718,bulge3
9G8O_4122,2x2
7NHM_11140,bulge2
5IMQ_15095,bulge1
9AXV_3761,3x3
8T5D_15920,bulge2
6VZ5_2748,bulge3
6MTC_10665,hairpin5
8QPP_3357,3x3
6P5I_8927,hairpin6
6Y6X_10045,bulge2
8P7X_4147,2x2
6N8K_2440,hairpin3
6XIJ_9963,bulge2
6SPD_9007,bulge2
8IFB_3739,bulge3
6VYR_2716,bulge3
6ZU1_10415,bulge2
5OPT_6925,hairpin6
6QZP_11807,hairpin5
9NL5_17172,bulge2
8T5H_15923,bulge2
8T2T_14512,bulge2
6TMF_9488,hairpin6
7PAU_2779,3x3
8FTO_13883,bulge2
5ND8_1986,hairpin3
6OT3_1907,3x3
7A01_2345,3x3
4V4W_864,bulge3
6PC7_2089,2x2
6VWN_9306,bulge2
6ZSB_10323,bulge2
8FLD_3575,bulge3
8OVA_14479,bulge2
7MSC_11614,bulge2
9AXT_4115,2x2
5LZU_6510,hairpin6
7UG7_2917,3x3
8HU1_3832,2x2
5IT7_5210,hairpin7
6WDD_2144,3x3
8FZJ_15745,bulge2
5X8P_1718,2x2
8B0X_2989,3x3
5LZE_1504,2x2
5IMQ_5798,bulge2
5AN9_5538,bulge2
6WDI_2321,2x2
3JA1_1598,hairpin6
5JPQ_19949,hairpin4
8PV5_14385,bulge2
6GXO_10243,hairpin5
5H1S_14888,bulge1
8OIN_13574,bulge2
5JU8_19997,hairpin4
8OJ5_14815,bulge2
7PIR_2968,2x2
8UPR_15400,bulge2
6TNN_9185,bulge2
5MMI_6464,bulge2
6R86_8876,bulge2
6OM6_8716,hairpin6
6VLZ_9587,hairpin6
6GXN_7671,bulge2
6TPQ_9517,hairpin6
8PJ1_3705,3x3
6YST_599,bulge4
8INF_13924,bulge2
7A5H_10480,bulge2
6OSQ_485,bulge4
8FLA_13780,bulge2
8G7R_14909,bulge2
3JBO_2223,hairpin5
6PCH_2092,2x2
6D90_7401,bulge2
6Q8Y_2108,2x2
6WD1_9524,bulge2
5O5J_8828,hairpin5
9GHA_1206,bulge4
6SNT_12053,hairpin5
8FZH_3665,3x3
5MC6_341,bulge4
6SWA_239,5x5
6GC4_429,bulge4
6O9J_8258,bulge2
3Jan_2201,hairpin5
7WU0_2949,3x3
7JT2_2450,3x3
9GHA_17039,bulge2
6I7O_8173,hairpin6
6OGF_8323,bulge2
9NLE_4210,bulge3
7SYH_2877,3x3
8UU8_3790,2x2
6SPF_9020,bulge2
3JCD_640,hairpin3
5AKA_14307,bulge1
6Z6L_10224,bulge2
5UQ7_7066,hairpin6
5ZLU_9513,hairpin5
7NHK_3087,bulge3
8P8N_15482,bulge2
7A5K_2942,bulge3
8Q4F_4001,bulge3
6DNC_7647,hairpin6
4V73_3747,bulge2
8HSP_3521,3x3
5IMQ_19297,hairpin4
6GC4_7580,bulge2
6TH6_9176,bulge2
6HA8_8070,hairpin6
6LQM_10603,hairpin5
8INF_13920,bulge2
6VWM_9288,bulge2
6ZTL_2298,3x3
7PJZ_2663,3x3
8IR3_13965,bulge2
8T3C_16413,bulge2
6OLI_2533,hairpin3
5X8P_7287,hairpin6
5ZEP_7356,hairpin6
6GZ5_10287,hairpin5
5AFI_18203,hairpin4
7BHP_10634,bulge2
6WDB_2306,2x2
4V6L_3563,bulge2
6H58_7762,bulge2
5AN9_18295,hairpin4
7PI8_12069,bulge2
6H58_8033,hairpin6
6T7T_9447,hairpin6
3J9M_449,bulge3
5ZEP_9495,hairpin5
6GXN_7939,hairpin6
4V7I_3882,bulge2
6T7I_12194,hairpin5
6HRM_10494,hairpin5
7JT1_10804,bulge2
5MRE_8581,hairpin5
8RWG_4310,2x2
8G6J_351,5x5
6V3B_9574,hairpin6
6DZI_7654,hairpin6
6YDW_10058,bulge2
7O1A_2584,3x3
8G60_13457,bulge2
5UYP_7120,hairpin6
5LZS_1420,3x3
3JAJ_1628,hairpin6
7UNR_2921,3x3
6H4N_2391,bulge3
6O7K_8188,bulge2
8WMN_3914,2x2
7SSW_2862,3x3
7D6Z_2984,bulge3
5GMK_14884,bulge1
6WD1_9514,bulge2
6GC8_7589,bulge2
6ZU9_2503,2x2
5UQ7_9086,hairpin5
6HA1_7781,bulge2
9GHA_17034,bulge2
5LZD_6264,bulge2
5UYM_9147,hairpin5
6VWL_2057,3x3
6ZTN_10381,bulge2
9F1D_15892,bulge2
9B0S_3972,3x3
8VKI_3934,3x3
5IMR_5195,hairpin7
5ND8_8643,hairpin5
5IMR_19305,hairpin4
5IMR_5811,bulge2
6XII_2214,3x3
6WD4_9556,bulge2
6LQT_7929,bulge2
8CEU_3212,3x3
7ZJX_3155,2x2
6YS3_10100,bulge2
7ABZ_2360,3x3
8FL6_13762,bulge2
6Z6N_2888,bulge3
5AJ4_14283,bulge1
7NHM_2659,2x2
8EVR_14147,bulge2
8E3M_900,bulge4
6I7O_7866,bulge2
5O2R_6845,hairpin6
5ZEP_7142,bulge2
8FZJ_3967,2x2
7QV3_3029,2x2
6HCQ_8100,hairpin6
6XDQ_2360,2x2
8CEC_399,5x5
8V9L_14707,bulge2
8G4I_16107,bulge2
7OII_2807,2x2
6ELZ_7681,hairpin6
5JUU_8097,hairpin5
6O9J_8533,hairpin6
8PV5_3589,2x2
8G7Q_14894,bulge2
7AFI_2959,bulge3
5IMQ_5182,hairpin7
6YSI_2248,3x3
8P2F_3836,2x2
7KWG_10915,bulge2
5M1J_8427,hairpin5
7K50_10844,bulge2
9B0P_3965,3x3
6SKF_235,5x5
6GXN_10231,hairpin5
8IA0_13538,bulge2
8PFR_15557,bulge2
7OYA_298,5x5
6Q8Y_11666,hairpin5
8IDY_13896,bulge2
3J7A_2013,hairpin5
6LQM_10601,hairpin5
8RCT_3460,3x3
3J9Z_1591,hairpin6
5IT9_19430,hairpin4
5O61_8844,hairpin5
5NJT_6637,bulge2
5LZX_8392,hairpin5
6V3A_9561,hairpin6
4V6N_851,3x3
5T62_6772,bulge2
7P7Q_2838,2x2
5X8T_7301,hairpin6
8FZG_15708,bulge2
8FMW_14349,bulge2
7N2V_11052,bulge2
9B0F_452,5x5
5MC6_8437,hairpin5
8UQL_3592,3x3
6V3E_9253,bulge2
8YOP_3957,2x2
8G7S_1013,bulge4
8VRL_146,4x4
7AS9_10578,bulge2
9NJF_17135,bulge2
9H3S_3861,3x3
6LSS_7947,bulge2
8I9Z_13535,bulge2
5APO_14363,bulge1
6DDG_9855,hairpin5
8ZTU_16831,bulge2
4V7A_923,3x3
6O8Z_2509,bulge3
8QOI_3917,2x2
8FL6_13764,bulge2
8CGV_3477,2x2
5M1J_6555,hairpin6
6R86_11865,hairpin5
5NO3_8781,hairpin5
5XXU_398,bulge4
6QDW_11728,hairpin5
9GFT_4323,2x2
7ACJ_2950,bulge3
6SNT_2176,2x2
6Q97_8746,bulge2
7OYD_3229,bulge3
7PIR_12148,bulge2
6Q95_2110,2x2
8QIE_4248,2x2
6O9J_10991,hairpin5
6V3A_12357,hairpin5
5XY3_1731,2x2
5JTE_15675,bulge1
5APN_18321,hairpin4
9GHG_401,bulge5
6S47_9296,hairpin6
5IQR_19352,hairpin4
6WD9_9616,bulge2
5IT7_19373,hairpin4
6RW4_11902,hairpin5
5UQ7_9097,hairpin5
5WYJ_7072,bulge2
6ZSC_2910,bulge3
9N2B_16969,bulge2
8WI7_15112,bulge2
9GUV_16313,bulge2
6I0Y_10516,hairpin5
7BL5_2409,3x3
7B5K_2552,2x2
5LZY_6542,hairpin6
8G5Y_3503,bulge3
8OVE_14492,bulge2
5WE4_9312,hairpin5
8CGD_13854,bulge2
7NHN_11153,bulge2
8UQM_15420,bulge2
3J7Z_1268,bulge2
6DNC_7645,hairpin6
7PJV_2646,3x3
8P03_3814,2x2
6O9J_8539,hairpin6
5IMQ_19302,hairpin4
6WDD_9659,bulge2
8P7Y_4039,bulge3
5MDV_6567,hairpin6
6SKG_8979,bulge2
5MDV_1937,hairpin3
3J7O_4714,hairpin4
6ELZ_7678,hairpin6
8SYL_13973,bulge2
5JBH_19881,hairpin4
8V9K_14696,bulge2
6V3A_2762,hairpin3
6ORE_8480,bulge2
9GFT_16726,bulge2
8Y36_3973,2x2
6OGF_8322,bulge2
6PCR_11591,hairpin5
8YUQ_16147,bulge2
6WDA_555,bulge4
8IDT_934,bulge4
4V79_3820,bulge2
8G7S_3770,bulge3
8FLD_13795,bulge2
6VZ7_2092,3x3
5ZEB_9479,hairpin5
6I9R_2376,hairpin3
8E3O_13646,bulge2
8J1Z_15240,bulge2
3J3W_379,3x3
6GWT_7644,bulge2
6XZA_2848,bulge3
7NAS_3077,bulge3
5NJT_8768,hairpin5
9GGR_4121,bulge3
4V7B_3842,bulge2
3JAH_2163,hairpin5
7NRC_2675,2x2
6GZX_7729,bulge2
8OJ0_14798,bulge2
7NHL_284,bulge5
5K0Y_8120,hairpin5
3J9Y_1310,bulge2
5U9G_9069,hairpin5
8VFT_16477,bulge2
7PH9_2918,2x2
6ZM7_2895,bulge3
5ANB_18297,hairpin4
6XGF_9937,bulge2
8Y36_15783,bulge2
8G61_328,bulge5
6NU2_8391,hairpin6
5AJ0_4892,hairpin7
5ND9_8649,hairpin5
9J3T_3986,3x3
5AFI_14235,bulge1
7P7S_2753,3x3
7SSL_3059,2x2
5KPW_6148,bulge2
8PV4_14378,bulge2
6WD2_547,bulge4
5A9Z_1310,3x3
5WE6_9318,hairpin5
4V4N_2675,bulge2
6G5I_427,bulge4
5T62_8951,hairpin5
6R6P_11836,hairpin5
8RQ2_15376,bulge2
6VYQ_9314,bulge2
5MRC_6486,bulge2
6HD7_8106,hairpin6
9GHD_4021,3x3
7WTX_2946,3x3
5IQR_5820,bulge2
8P03_1028,bulge4
6N8L_1935,2x2
7SYS_3086,2x2
5T7V_6984,hairpin6
6YSU_10147,bulge2
5UYN_9157,hairpin5
5JUS_6095,bulge2
6ZQF_10312,bulge2
3J5L_2928,bulge1
3JCJ_416,3x3
5NRL_6830,hairpin6
8Q7Z_428,5x5
9GR1_16284,bulge2
8FZD_1076,bulge4
8EMM_3399,2x2
8YLR_16452,bulge2
6ZTO_2924,bulge3
6DZP_7667,hairpin6
5MRF_6676,hairpin6
6ZUO_2326,3x3
5AN9_14315,bulge1
6GAW_7563,bulge2
8QBT_15173,bulge2
3J7O_2977,bulge1
5JB3_19875,hairpin4
6VWL_2237,2x2
6HA1_10385,hairpin5
6N7P_8276,hairpin6
6OM0_2540,hairpin3
4V6W_3670,bulge2
9FHL_16509,bulge2
6YHS_10074,bulge2
3JCN_1450,bulge2
5WF0_2169,bulge3
6TB3_9465,hairpin6
6Q8Y_11664,hairpin5
8PFR_15560,bulge2
6YWE_10162,bulge2
6H58_10378,hairpin5
8RPY_1045,bulge4
5X8P_7079,bulge2
4V6M_943,2x2
8EMM_3400,2x2
6UZ7_9214,bulge2
7LHD_2764,2x2
7ZS5_3229,2x2
5ME1_6599,hairpin6
7MSM_11634,bulge2
6ZU5_10429,bulge2
8CF5_14230,bulge2
7K54_3030,bulge3
6ERI_9961,hairpin5
6TB3_9146,bulge2
6OFX_11040,hairpin5
8FZF_15544,bulge2
6GQ1_7599,bulge2
7P7T_2755,3x3
6T4Q_9423,hairpin6
6X9Q_2357,2x2
6OLE_240,bulge5
4V7B_924,3x3
5UYK_6887,bulge2
5LZU_6313,bulge2
6AWD_9529,hairpin5
8RCL_3503,3x3
8IP9_14772,bulge2
5FLX_18987,hairpin4
5IMQ_19284,hairpin4
8YOO_15665,bulge2
6GB2_10071,hairpin5
8BIM_3267,3x3
7A1G_10471,bulge2
6VLZ_9586,hairpin6
7BL3_10653,bulge2
3JA1_402,3x3
5T2A_6946,hairpin6
8Q87_3730,3x3
3JAM_617,hairpin3
9L0R_4408,2x2
8UPR_3589,3x3
8R3V_14945,bulge2
6HRM_2365,hairpin3
6GAW_7800,hairpin6
8CF8_3220,3x3
5LZX_1923,hairpin3
6HA1_10390,hairpin5
8IFB_3740,bulge3
6YPU_10098,bulge2
6QDV_11720,hairpin5
5U9F_9050,hairpin5
6YAN_2234,3x3
5M1J_6368,bulge2
6WDH_2318,2x2
7AS8_10569,bulge2
9GUQ_16293,bulge2
6ZU5_2322,3x3
6OGG_11093,hairpin5
6LSS_10628,hairpin5
6PC8_11559,hairpin5
5APN_18324,hairpin4
4V77_3792,bulge2
6C4I_7356,bulge2
7UCK_2915,3x3
6SGC_9304,hairpin6
5LI0_8205,hairpin5
6N8O_8318,hairpin6
5YLZ_9463,hairpin5
5U9F_6837,bulge2
5IMQ_19299,hairpin4
6I7O_10525,hairpin5
5AKA_4910,hairpin7
5ZET_7152,bulge2
6Q95_8739,bulge2
4V6N_3583,bulge2
5IMR_19322,hairpin4
6P4G_11466,hairpin5
8TPU_15858,bulge2
8OJ0_410,5x5
3JAH_2165,hairpin5
6W7N_9497,bulge2
6OGF_476,bulge4
7M4Y_3051,bulge3
8P8V_4042,bulge3
3J9Y_2111,hairpin5
6PPF_9045,hairpin6
5MDW_6396,bulge2
6WDH_2795,bulge3
8URX_15470,bulge2
9NJF_17141,bulge2
6ZU1_10411,bulge2
6P5J_8647,bulge2
8IPA_3746,bulge3
8Q5I_3534,2x2
7MT7_2784,2x2
6NEQ_10766,hairpin5
6GXM_10213,hairpin5
3J9Y_95,bulge4
7UIN_3190,2x2
7M5D_11597,bulge2
6P5J_8646,bulge2
6LU8_2398,hairpin3
5APO_18327,hairpin4
6O9J_1838,3x3
4V7I_931,3x3
8YOO_1072,bulge4
9NLF_17214,bulge2
6Z6K_2436,2x2
6SKG_8984,bulge2
6H58_7761,bulge2
8E3L_13637,bulge2
3JBV_1415,bulge2
5A2Q_277,bulge4
6OLI_11180,hairpin5
5MC6_6564,hairpin6
9H3X_16650,bulge2
9NJV_1213,bulge4
5LZF_8312,hairpin5
6YEF_2239,3x3
5APN_4932,hairpin7
6V39_12348,hairpin5
6T7I_12190,hairpin5
4ADV_1549,bulge2
7K55_10900,bulge2
5KPV_8146,hairpin5
6O8X_8495,hairpin6
9D89_16562,bulge2
3J9Y_2122,hairpin5
8S8H_1109,bulge4
5AFI_14236,bulge1
8D8J_12845,bulge2
6VYU_9360,bulge2
9NLS_17260,bulge2
6O8Y_8499,hairpin6
4CE4_1578,bulge2
6P5N_11515,hairpin5
6HCF_10414,hairpin5
7UCK_3106,2x2
3JBP_1660,hairpin6
6PCQ_8699,bulge2
6N8O_10735,hairpin5
3J5L_1368,hairpin7
5AJ4_14288,bulge1
5LZC_6250,bulge2
6WDH_9708,bulge2
5LZS_6499,hairpin6
7ZPJ_3193,2x2
5OOL_6738,bulge2
7PAO_11970,bulge2
8AYE_3031,3x3
8BGH_3244,3x3
6HCQ_8103,hairpin6
6M62_10637,hairpin5
6WDH_9705,bulge2
8IA0_3382,2x2
7BHP_2973,bulge3
8EMM_13558,bulge2
6VYS_2720,bulge3
7MSH_2777,2x2
8QBT_15171,bulge2
9B0P_16886,bulge2
7LHD_296,bulge5
6PC7_8678,bulge2
8I0T_15817,bulge2
5Z3G_7124,bulge2
6FXC_10028,hairpin5
6OSQ_8536,bulge2
6QT0_8811,bulge2
6WNT_9776,bulge2
3JA1_2146,hairpin5
6N8J_10693,hairpin5
6WDF_560,bulge4
6FTJ_7534,bulge2
3JAI_1620,hairpin6
6OST_8546,bulge2
8G5Z_13442,bulge2
9N2B_4435,2x2
6D9J_9834,hairpin5
8G7R_3768,bulge3
7ABZ_10500,bulge2
7SYV_2899,3x3
6WU9_2344,2x2
6GXN_7669,bulge2
6BU8_9615,hairpin5
4V6U_1141,bulge3
6GZ5_10292,hairpin5
6SNT_2180,2x2
6SPD_12083,hairpin5
9GHB_17047,bulge2
5AJ4_14282,bulge1
6AWC_7171,bulge2
6GXM_7657,bulge2
5NP6_8792,hairpin5
3JAG_2157,hairpin5
6UES_2687,bulge3
8FLC_13789,bulge2
9LMF_4431,2x2
3J7P_1246,bulge2
3JCE_1695,hairpin6
5AFI_14241,bulge1
7D80_10743,bulge2
5IMQ_5181,hairpin7
8FZH_3664,3x3
6DDG_9856,hairpin5
6VWM_2707,bulge3
6UZ7_12337,hairpin5
5LZS_8328,hairpin5
8UQM_3906,bulge3
4V4B_810,bulge3
8XSZ_15637,bulge2
8FZG_15702,bulge2
4V74_3755,bulge2
6OIG_11122,hairpin5
7N30_11059,bulge2
8EYT_14175,bulge2
6PCH_11575,hairpin5
6ZMO_2901,bulge3
8FL2_3552,bulge3
6O9K_8552,hairpin6
5NJT_2081,bulge3
5OT7_6931,hairpin6
6SGC_9306,hairpin6
6Q9A_9096,hairpin6
6NF8_10767,hairpin5
6QDW_11724,hairpin5
5WE4_7248,hairpin6
9F1D_4010,bulge3
6R87_8880,bulge2
6Q8Y_2614,hairpin3
6WNT_9777,bulge2
5U9F_9049,hairpin5
9D89_16561,bulge2
7PAR_11990,bulge2
5AFI_14223,bulge1
6WDI_2163,3x3
8W51_3744,3x3
5AFI_5512,bulge2
9H3S_4285,2x2
5O2R_357,bulge4
6ZMI_10290,bulge2
6RI5_9225,hairpin6
6ZTN_10377,bulge2
8K0S_3833,2x2
9FHL_4086,bulge3
6ZS9_10316,bulge2
9NLE_4211,bulge3
8VKI_16789,bulge2
6ZME_10276,bulge2
5ZLU_7373,hairpin6
6OST_1900,3x3
5U9F_9059,hairpin5
6RXT_11910,hairpin5
5APO_5558,bulge2
7BOH_10699,bulge2
7PIO_2795,3x3
6NY2_2477,hairpin3
7OT5_2731,3x3
6PJ6_8718,bulge2
6YWX_2425,2x2
6T83_12215,hairpin5
8P8V_16224,bulge2
5AFI_18202,hairpin4
9NLB_17201,bulge2
6ZU1_10412,bulge2
7NRC_2676,2x2
8Q4F_15847,bulge2
6H58_10373,hairpin5
4V69_902,2x2
6GAZ_7807,hairpin6
6DDD_9846,hairpin5
6W6P_2287,2x2
6QDW_11721,hairpin5
8RCS_14977,bulge2
6Y57_2227,3x3
6T7T_9442,hairpin6
7K00_2458,3x3
5UYP_6926,bulge2
5ND9_6718,hairpin6
5MDY_6589,hairpin6
7OQE_2628,3x3
8UPR_3892,2x2
6P5K_2625,bulge3
5ND8_1988,hairpin3
6SV4_9386,hairpin6
5X8P_1721,2x2
5LMT_1976,bulge3
8VK0_16784,bulge2
5GAK_19032,hairpin4
6ZTP_10400,bulge2
6SPB_8999,bulge2
7B7D_10623,bulge2
5KPW_6146,bulge2
8URY_15527,bulge2
6DDD_1788,2x2
8R8M_15765,bulge2
8QYX_16371,bulge2
7BL6_2567,2x2
7PIT_12175,bulge2
7QIW_2823,3x3
9F1B_15868,bulge2
3J5L_2934,bulge1
5IMR_19321,hairpin4
8YUR_16166,bulge2
6WDA_9626,bulge2
6MTD_8267,hairpin6
6TH6_9487,hairpin6
6W2T_2097,3x3
4UJC_100,bulge5
6HCM_2406,bulge3
8WIF_3830,bulge3
6TPQ_9509,hairpin6
6GXO_10250,hairpin5
8QHU_1187,bulge4
6SPG_9369,hairpin6
6OLZ_11195,hairpin5
7O1A_2700,2x2
8S8D_15974,bulge2
6AWC_9526,hairpin5
7XAM_3091,3x3
7PAL_2767,3x3
6HTQ_7854,bulge2
3J3W_378,3x3
6HA8_7797,bulge2
7A01_2517,2x2
8VFT_4081,bulge3
9NJF_17142,bulge2
6YWX_2427,2x2
8XT0_3966,bulge3
6I0Y_7858,bulge2
6LU8_7951,bulge2
9J3T_3990,3x3
6HCF_10409,hairpin5
8PKL_14941,bulge2
5LZT_6508,hairpin6
6TC3_9479,hairpin6
8K82_15606,bulge2
7N30_11062,bulge2
6YWX_2423,2x2
8FR8_13513,bulge2
6ENU_7488,bulge2
6WDM_567,bulge4
4V6M_3574,bulge2
5LZC_1990,bulge3
6GAZ_2356,bulge3
5AJ4_18271,hairpin4
7M4U_10961,bulge2
6X9Q_9889,bulge2
6ORE_11280,hairpin5
6R5Q_8832,bulge2
9E7F_16272,bulge2
8IDT_377,5x5
5UYQ_9197,hairpin5
5MRE_6495,bulge2
8YOP_15676,bulge2
6WDB_9643,bulge2
8OVJ_15295,bulge2
5MDY_6583,hairpin6
5O2R_8819,hairpin5
6O9J_1837,3x3
9GUT_4063,bulge3
5TZS_377,bulge4
6VZJ_9461,bulge2
8TOC_3771,2x2
6XA1_9903,bulge2
6BU8_7246,bulge2
6GZZ_7734,bulge2
8ETJ_3004,3x3
6OGG_1851,3x3
3JAH_1611,hairpin6
6HCM_10431,hairpin5
5LZD_8285,hairpin5
8UR0_3598,3x3
6VYQ_9312,bulge2
7AQD_10557,bulge2
7N2V_11050,bulge2
6ZSB_2286,3x3
6R87_2648,hairpin3
7MSC_2775,2x2
6ZON_2279,3x3
9NLH_4076,3x3
7NHM_2661,2x2
5IT7_15161,bulge1
3J7Z_1265,bulge2
6ZU5_10430,bulge2
6HCQ_10438,hairpin5
6FTG_9996,hairpin5
9H3L_16568,bulge2
6OLF_8384,bulge2
6LSR_8219,hairpin6
6I0Y_10513,hairpin5
3J6B_1481,hairpin6
4V61_1046,bulge3
6ENF_9926,hairpin5
3JCE_2280,hairpin5
6ENF_7689,hairpin6
7NAV_2532,3x3
8ZTU_16835,bulge2
5ZEB_9475,hairpin5
7LHD_2758,2x2
6O8Y_8223,bulge2
4V70_1151,bulge3
6YEF_10062,bulge2
5OT7_6930,hairpin6
9BH5_3747,3x3
5IQR_15140,bulge1
6OM0_11203,hairpin5
8PV1_3581,2x2
6VZJ_9457,bulge2
6PCH_8989,hairpin6
5GAE_5707,bulge2
3J6B_1480,hairpin6
5MDZ_6411,bulge2
6W77_2759,bulge3
6BU8_9627,hairpin5
6MTC_8004,bulge2
7SYH_3075,2x2
9GUQ_16290,bulge2
6ENU_9956,hairpin5
3J7O_1243,bulge2
7PAS_2776,3x3
5LZW_8377,hairpin5
5LZT_1515,2x2
6V3E_9585,hairpin6
7A5F_10474,bulge2
7LVK_11595,bulge2
6PJ6_500,bulge4
6ZSD_2288,3x3
8VR4_4344,2x2
8UQP_3907,bulge3
7K55_682,bulge4
6SV4_9387,hairpin6
6NU3_2472,bulge3
8BSJ_3047,3x3
6VYT_9347,bulge2
9GHH_4038,3x3
8G2U_14405,bulge2
8P60_13596,bulge2
6GQ1_10131,hairpin5
3J5L_4645,hairpin4
4UJE_2522,bulge2
6GQ1_7863,hairpin6
5V93_9215,hairpin5
6SKG_8985,bulge2
8IP9_1004,bulge4
5AFI_14220,bulge1
6T7T_9444,hairpin6
8CEC_3628,2x2
9E6Q_16252,bulge2
8PKL_3431,3x3
6QDW_11727,hairpin5
7NSJ_277,5x5
9J1M_4387,2x2
5JTE_19971,hairpin4
9HAM_4297,2x2
6SKG_8983,bulge2
6N8L_8297,hairpin6
8OVA_14485,bulge2
6SPD_9013,bulge2
8VFT_4243,2x2
5LZD_1411,3x3
7A01_10457,bulge2
6YSI_10109,bulge2
9NLB_17195,bulge2
5MDY_6587,hairpin6
7A5F_10473,bulge2
7UQB_3247,2x2
7O19_2698,2x2
6GXO_7684,bulge2
6GZZ_1865,2x2
6O9K_1997,2x2
8FZE_15695,bulge2
6SKG_8980,bulge2
4V6R_863,3x3
3J92_2087,hairpin5
9G06_4155,bulge3
3JCT_2323,hairpin5
8FN2_14357,bulge2
6SV4_9055,bulge2
8XSY_15627,bulge2
8YLR_16450,bulge2
8G60_349,5x5
6VWM_2239,2x2
8OIN_3527,bulge3
8R8M_3994,bulge3
4CE4_1837,hairpin6
8G7Q_414,5x5
5LZC_8276,hairpin5
8FKY_925,bulge4
7D6Z_10737,bulge2
5MRE_8584,hairpin5
7K51_10858,bulge2
6H58_1871,2x2
5T7V_6980,hairpin6
7BHP_10636,bulge2
4V4B_2564,bulge2
6ZMW_622,bulge4
6N8O_8061,bulge2
9GHD_17075,bulge2
8OJ8_14820,bulge2
8RXX_3871,2x2
4V76_3780,bulge2
8W2Z_16508,bulge2
6YSS_10131,bulge2
6RXU_8903,bulge2
6FRK_7732,hairpin6
6WNW_2807,bulge3
5LZB_6457,hairpin6
8IE3_936,bulge4
5JUU_6109,bulge2
6O7K_2503,bulge3
6N8M_8050,bulge2
4V69_1078,bulge3
6GZ4_1856,2x2
5LZF_8318,hairpin5
8RJC_404,5x5
6GAW_10062,hairpin5
7C7A_664,bulge4
6Y69_2230,3x3
6W6P_2756,bulge3
8PV3_14376,bulge2
8FZH_15714,bulge2
4V8M_4427,bulge2
9N2C_4000,3x3
8UKB_3799,3x3
9FBV_3951,bulge3
7PAI_746,bulge4
8BH4_3505,2x2
7BL3_10657,bulge2
7OZS_3230,bulge3
5NO4_8783,hairpin5
6O8X_8492,hairpin6
6T59_2022,3x3
6R5Q_2126,2x2
6LQS_10612,hairpin5
8FL7_3561,bulge3
8FL7_3460,2x2
7A01_10455,bulge2
5O2R_6676,bulge2
6ZMT_2272,3x3
8PV1_14361,bulge2
8OHD_14796,bulge2
4V6R_3622,bulge2
7LV0_3039,bulge3
5WFS_7042,bulge2
6TPQ_9514,hairpin6
5UYK_7087,hairpin6
7AQC_10552,bulge2
4V79_3814,bulge2
4CE4_2418,hairpin5
8G7R_3419,3x3
5T2C_6951,hairpin6
6GZ4_7708,bulge2
6OSQ_11346,hairpin5
6SV4_9045,bulge2
3J9W_2099,hairpin5
6OM0_8418,bulge2
6SGC_8967,bulge2
9J1M_3977,3x3
8Q7Z_3729,3x3
7M4Z_2501,3x3
7P7R_2842,2x2
9GHC_4018,3x3
8ESR_12867,bulge2
7P7S_2850,2x2
8YLD_16443,bulge2
6C4I_7569,hairpin6
5ZET_208,bulge5
6C4I_7353,bulge2
8V84_3551,3x3
6OM7_8436,bulge2
8RRI_4125,bulge3
8A5I_3168,2x2
8FL0_3551,bulge3
8OJ0_14805,bulge2
6ND4_2448,hairpin3
6HMA_8133,hairpin6
6GQV_7612,bulge2
8EMM_3153,3x3
6MTC_1921,2x2
6SZS_9409,hairpin6
6GC6_7843,hairpin6
4V77_911,3x3
7ASE_2966,bulge3
8FKS_3447,2x2
6QDW_11726,hairpin5
5O60_6856,hairpin6
6D90_9823,hairpin5
5V7Q_7168,hairpin6
6S0Z_11977,hairpin5
5JTE_19965,hairpin4
8UT0_16109,bulge2
6GXN_7672,bulge2
6N8L_8292,hairpin6
7JQC_2434,3x3
7BOH_10701,bulge2
5NJT_2082,bulge3
5TC1_2091,hairpin3
8GLP_13500,bulge2
7JT1_10795,bulge2
7JT1_10797,bulge2
8XZ3_15833,bulge2
8EKC_3421,bulge3
4V70_3712,bulge2
6NF8_1937,2x2
7ODE_2795,2x2
9GR1_16278,bulge2
8P16_3565,3x3
6VYW_9373,bulge2
5MDZ_6419,bulge2
3JCE_1700,hairpin6
6N8L_8042,bulge2
9GHB_17049,bulge2
5JU8_1470,2x2
5NJT_6636,bulge2
6V3D_2770,hairpin3
8P5D_356,5x5
8URH_15448,bulge2
7PWG_2809,3x3
5MMM_6475,bulge2
7Y41_115,4x4
5LQW_8242,hairpin5
6FXC_10038,hairpin5
6W2S_2095,3x3
6TB3_12225,hairpin5
7N2C_2507,3x3
5T2C_6947,hairpin6
6SPG_12105,hairpin5
8Y36_15778,bulge2
6T59_12185,hairpin5
6Z1P_10203,bulge2
6OG7_2005,2x2
6RXU_9236,hairpin6
6GZ3_1853,2x2
6MTE_1928,2x2
6R87_8878,bulge2
6T83_9452,hairpin6
6NU3_8401,hairpin6
7ABZ_10493,bulge2
3JCJ_2294,hairpin5
7PAI_11912,bulge2
3J5L_4646,hairpin4
3J6B_1485,hairpin6
8PV6_14389,bulge2
7N2V_690,bulge4
8EWB_14164,bulge2
8IPY_13950,bulge2
6R6P_11841,hairpin5
6SZS_9078,bulge2
5UMD_6854,bulge2
4V70_3713,bulge2
6Z6K_604,bulge4
6TBV_9471,hairpin6
7ABZ_2362,3x3
8IFB_14749,bulge2
6X7F_9867,bulge2
8OIS_3531,bulge3
9NKL_17161,bulge2
8P7X_4038,bulge3
6OLZ_11188,hairpin5
6Y57_2380,2x2
7OHU_85,4x4
6GSN_10194,hairpin5
6OLZ_8694,hairpin6
5T2C_8939,hairpin5
6WD2_9538,bulge2
5LZW_6331,bulge2
6T59_9109,bulge2
6G5I_1822,2x2
9NJF_17143,bulge2
4V66_1065,bulge3
5ZWM_7384,hairpin6
6NU2_1803,3x3
8WHX_15088,bulge2
9C3H_4203,2x2
9J6Y_16947,bulge2
5A9Z_5482,bulge2
5WE4_7014,bulge2
6OST_8543,bulge2
5UYP_9182,hairpin5
8OVE_14489,bulge2
6OLE_11157,hairpin5
8P16_3564,3x3
5M1J_8422,hairpin5
8CDL_3541,2x2
5MDV_8450,hairpin5
8I9W_3372,2x2
8VIO_4123,bulge3
6P5I_488,bulge4
6VYS_9334,bulge2
5GAK_14868,bulge1
6YLG_10077,bulge2
6FTJ_7763,hairpin6
8YUP_16145,bulge2
6ZUO_2325,3x3
6TH6_12261,hairpin5
8XSY_1065,bulge4
5L3P_8191,hairpin5
6H4N_7741,bulge2
8FMW_14355,bulge2
6VZ3_2745,bulge3
6WQQ_9822,bulge2
3JCE_1703,hairpin6
6LU8_7948,bulge2
6GXM_7655,bulge2
8YLD_16441,bulge2
8PPL_3289,3x3
5AFI_14232,bulge1
3Jan_1367,bulge2
8UQL_3902,bulge3
5IMQ_15098,bulge1
6WD9_9620,bulge2
8FLD_13799,bulge2
5UYN_6915,bulge2
8FLA_13777,bulge2
6OG7_11048,hairpin5
5ZEB_7134,bulge2
8RJB_14656,bulge2
5T6R_6968,hairpin6
9MOR_4108,bulge3
6OGG_8605,hairpin6
8JDJ_394,5x5
3JCD_2263,hairpin5
6GQV_7611,bulge2
6P5K_8653,bulge2
5KPW_6153,bulge2
5KPX_321,bulge4
6OM0_11200,hairpin5
5M1J_6554,hairpin6
6OGG_11091,hairpin5
4A2I_1539,bulge2
6C0F_9745,hairpin5
6Q9A_9098,hairpin6
5LMO_1961,bulge3
6PC5_11533,hairpin5
6T59_12186,hairpin5
5LZS_8330,hairpin5
7PAI_11909,bulge2
7BL2_2404,3x3
8RCS_1018,bulge4
8K0Q_15300,bulge2
6SV4_12142,hairpin5
6WNW_2808,bulge3
6XGF_9933,bulge2
7LHD_2675,3x3
6OT3_1908,3x3
3JBU_1673,hairpin6
8P60_13603,bulge2
8CCS_3536,2x2
6N7X_1933,2x2
6R7Q_2653,bulge3
7MT2_11650,bulge2
7BGD_10632,bulge2
8QIE_1169,bulge4
6N8M_8304,hairpin6
5MYJ_8607,hairpin5
6MTB_7997,bulge2
3JAJ_1633,hairpin6
6WDB_9639,bulge2
6V3B_12369,hairpin5
9GFT_3917,3x3
5LZW_6334,bulge2
3J9Z_400,3x3
8WHX_15089,bulge2
4UE4_2500,bulge2
5NJT_8771,hairpin5
6PCS_11607,hairpin5
6YAL_2387,2x2
5O61_8845,hairpin5
6Q9A_2634,bulge3
9GUV_16316,bulge2
8Y36_3688,3x3
6HA8_8065,hairpin6
6WUA_2810,bulge3
8EUG_12875,bulge2
6P5N_1940,3x3
6UES_9527,hairpin6
6RW5_2656,hairpin3
3JBU_463,bulge3
5UYQ_6940,bulge2
5LZB_8264,hairpin5
5AFI_18216,hairpin4
6WDD_2788,bulge3
8C83_3388,2x2
8GLP_3514,bulge3
8TPU_4009,2x2
6O8X_1980,2x2
5AJ4_18272,hairpin4
5AN9_4912,hairpin7
8XP3_3804,3x3
5WLC_9363,hairpin5
6Z6M_10235,bulge2
6OLF_11162,hairpin5
6I7O_2371,hairpin3
5JBH_15606,bulge1
8RJC_14665,bulge2
5LZA_6235,bulge2
6NU3_10835,hairpin5
3J9M_2094,hairpin5
4V6O_948,2x2
6J6Q_10575,hairpin5
8T2R_3694,bulge3
6GBZ_7817,hairpin6
6ENU_7710,hairpin6
8A98_3563,2x2
5NWY_8809,hairpin5
8RPZ_15366,bulge2
7BT6_10709,bulge2
6N8M_10724,hairpin5
9F1B_1089,bulge4
3J9W_395,3x3
6SZS_9413,hairpin6
6N8J_470,bulge4
6S47_9291,hairpin6
6P5K_11505,hairpin5
6SW9_2707,hairpin3
3JAH_2168,hairpin5
6QZP_9165,hairpin6
6WD1_9522,bulge2
6OFX_11045,hairpin5
8P2H_3850,2x2
4CSU_2422,hairpin5
6P4G_11468,hairpin5
3JBP_2230,hairpin5
5AFI_4883,hairpin7
8CEE_3354,3x3
7AZY_654,bulge4
3J7A_2969,bulge1
6WD5_9572,bulge2
3Jan_1373,bulge2
6GZZ_10335,hairpin5
5AFI_14219,bulge1
4CSU_2428,hairpin5
6ME0_7978,bulge2
8G5Y_347,5x5
6TC3_9166,bulge2
5OOL_8901,hairpin5
6WD0_9513,bulge2
6WD4_2118,3x3
6YS3_2246,3x3
8UQL_15412,bulge2
6OUO_1917,3x3
8QBT_3508,3x3
5LZC_8278,hairpin5
6CB1_7392,bulge2
6OFX_8584,hairpin6
7OYD_11826,bulge2
6SPG_2187,2x2
5UYL_1679,2x2
8S1U_15511,bulge2
5MC6_8434,hairpin5
7NAT_11093,bulge2
3J79_2953,bulge1
6O9K_8549,hairpin6
6OLG_2017,2x2
5WE4_9306,hairpin5
5MDY_1939,hairpin3
8QBT_3512,3x3
9J1M_4159,bulge3
8RCL_3500,3x3
3JBP_1661,hairpin6
6SPB_2691,hairpin3
6VZJ_9452,bulge2
6HRM_7847,bulge2
7BT6_10711,bulge2
6OGG_477,bulge4
6V3B_12368,hairpin5
3J92_594,hairpin3
6GZ5_189,5x5
8FIZ_13218,bulge2
5O2R_8825,hairpin5
6V3D_9577,hairpin6
9FO0_4263,2x2
6TC3_12258,hairpin5
8G2U_3676,bulge3
5KPV_1389,3x3
6W77_2103,3x3
6ZM7_10266,bulge2
3JBO_1655,hairpin6
5JTE_19959,hairpin4
5WDT_9299,hairpin5
6AWC_7390,hairpin6
8W51_15935,bulge2
6O8X_1829,3x3
5ANB_5543,bulge2
6S47_2674,hairpin3
7K53_2602,2x2
5ZEP_2206,bulge3
6GXN_7937,hairpin6
8PEG_3426,3x3
7PAH_11898,bulge2
3JBP_1662,hairpin6
9DUK_16658,bulge2
8FZE_3961,2x2
5ZEB_9480,hairpin5
6VZ2_9410,bulge2
8EUB_14129,bulge2
6H58_10364,hairpin5
6P5N_8662,bulge2
6GZX_8006,hairpin6
8QHU_16693,bulge2
6VYQ_2243,2x2
6P5K_11512,hairpin5
6VLZ_9254,bulge2
4V6S_3632,bulge2
6UZ7_12332,hairpin5
3J79_4693,hairpin4
6T83_12221,hairpin5
6YSR_10121,bulge2
8CEU_13844,bulge2
5APO_18337,hairpin4
4V7H_3873,bulge2
8Y39_3983,2x2
4V68_3380,bulge2
6PC5_1941,3x3
6SJ6_9309,hairpin6
3JCT_646,hairpin3
8TUX_3838,bulge3
6GWT_438,bulge4
8WI8_15115,bulge2
5UYK_2128,bulge3
8P7X_4146,2x2
3J9Z_401,3x3
6FXC_7785,hairpin6
3J92_593,hairpin3
6GQV_10154,hairpin5
5UQ8_6867,bulge2
6HRM_10500,hairpin5
8PEG_3429,3x3
5AN9_18292,hairpin4
6WD2_9527,bulge2
5T62_2073,hairpin3
6VYQ_2244,2x2
3JBN_409,2x2
5O2R_8822,hairpin5
6OSK_8817,hairpin6
3JAJ_2193,hairpin5
8UIY_17278,bulge2
6X6T_2815,bulge3
8IPA_3713,2x2
8IA0_3151,3x3
5ANC_18301,hairpin4
8RCT_14987,bulge2
5WFK_7034,bulge2
9GHC_17057,bulge2
3J7R_583,hairpin3
8P7Y_16195,bulge2
7K51_10859,bulge2
5AJ3_14276,bulge1
6H58_2393,bulge3
6PJ6_11626,hairpin5
5GAK_19033,hairpin4
7PH9_2916,2x2
8SYL_13974,bulge2
9GUX_16325,bulge2
6O9K_11002,hairpin5
5UYP_7123,hairpin6
6O8W_2504,bulge3
8UQM_15415,bulge2
6VYT_9341,bulge2
6OM6_11209,hairpin5
5GM6_14881,bulge1
6S05_11951,hairpin5
7LS1_10937,bulge2
6X9Q_9892,bulge2
6XZB_10003,bulge2
4V69_3397,bulge2
6FAI_1811,2x2
6OM6_8428,bulge2
6GZ3_10267,hairpin5
8PKL_14933,bulge2
5GAE_5095,hairpin7
6N8J_2434,hairpin3
5X8R_1722,2x2
8P8V_4167,2x2
9GHG_4465,2x2
8P60_358,5x5
9GR1_4194,2x2
5KPW_1858,hairpin3
6DDD_9848,hairpin5
8EYT_14177,bulge2
6LU8_10633,hairpin5
7PAQ_2773,3x3
4V5M_996,bulge3
5LMN_6196,bulge2
8T5D_15915,bulge2
9GGR_16754,bulge2
6GZQ_7723,bulge2
6VYZ_9403,bulge2
8P2F_15248,bulge2
6ORE_8491,bulge2
4V6O_1129,bulge3
3J9Y_2115,hairpin5
6FRK_9985,hairpin5
8T3C_16412,bulge2
7KGB_11584,bulge2
5IMR_15115,bulge1
5MMM_6471,bulge2
8T2X_16379,bulge2
5UYL_9127,hairpin5
8G5Z_13446,bulge2
7SYT_2895,3x3
5MMM_6470,bulge2
8INK_13934,bulge2
6VYX_9383,bulge2
7K52_2470,3x3
7N31_11068,bulge2
7N31_3072,bulge3
4V6M_849,3x3
4V71_3721,bulge2
8YUQ_4028,bulge3
8XU8_16437,bulge2
5XYU_2200,bulge3
5O5J_6690,bulge2
8VRL_16809,bulge2
6VU3_9261,bulge2
8T5H_3738,3x3
6PC8_8983,hairpin6
8I7J_995,bulge4
5KPS_8126,hairpin5
6TC3_12259,hairpin5
9MQ4_3896,3x3
7M4Y_3052,bulge3
9N2C_16978,bulge2
6SKG_2003,3x3
6I0Y_1736,3x3
6VYX_9381,bulge2
9B0Q_1201,bulge4
6C4I_7568,hairpin6
6PCS_11606,hairpin5
5NJT_6638,bulge2
8EWC_14167,bulge2
9NLS_4225,bulge3
6O8Z_8516,hairpin6
3JCT_1735,hairpin6
8EMM_13565,bulge2
6MTD_1760,3x3
8K2D_15593,bulge2
8IP9_3708,2x2
3JCN_2312,hairpin5
8FTO_13880,bulge2
9NKL_17164,bulge2
8OM4_14611,bulge2
5LZU_8351,hairpin5
8FZI_15734,bulge2
6LQM_8215,hairpin6
5IQR_15137,bulge1
6X9Q_9894,bulge2
6WD4_9562,bulge2
9B0R_16902,bulge2
3J79_4687,hairpin4
7OHS_2602,3x3
4V6U_3653,bulge2
6QT0_8809,bulge2
5NO3_8780,hairpin5
8QBT_15175,bulge2
6LQV_10619,hairpin5
5UYL_9125,hairpin5
9H3Z_3872,3x3
6ZQE_10310,bulge2
6ERI_7713,hairpin6
6O9J_1836,3x3
7ACJ_2538,2x2
7D6Z_2421,3x3
6LQM_7921,bulge2
8Y0U_3686,2x2
5T62_2074,hairpin3
9H3P_16578,bulge2
7PAS_12004,bulge2
8FLB_3569,bulge3
8Q5I_14187,bulge2
8GAP_13696,bulge2
6DNC_415,bulge4
7O7Z_2593,3x3
5H1S_1358,3x3
3JBO_1390,bulge2
7OYB_299,5x5
5ZLU_7382,hairpin6
6RZZ_8913,bulge2
3J9Z_1590,hairpin6
7TTW_3100,2x2
8UPO_3897,bulge3
6MTD_10677,hairpin5
5IT7_5211,hairpin7
4V8M_4425,bulge2
7RYG_2837,3x3
9NJF_4195,bulge3
5ANC_18305,hairpin4
7A09_2520,2x2
6HD7_10448,hairpin5
6PJ6_11625,hairpin5
6QKL_8783,bulge2
9GHA_4446,2x2
3JAH_2167,hairpin5
6WD2_2115,3x3
4V8M_4429,bulge2
6VZ3_9425,bulge2
7JT2_10811,bulge2
6XIJ_9964,bulge2
8PJ1_15836,bulge2
5LZD_6471,hairpin6
8W51_15933,bulge2
5NO4_6651,bulge2
6ZME_10283,bulge2
8SCB_3635,2x2
6ENU_420,bulge4
8YUR_16158,bulge2
6Q95_8743,bulge2
3J7P_1247,bulge2
5WE4_9309,hairpin5
9GFT_16730,bulge2
8RW1_4048,2x2
3J8G_2080,hairpin5
9N2C_16972,bulge2
8FZD_15683,bulge2
4V72_3734,bulge2
6O9K_8264,bulge2
8QRK_3626,3x3
9NLF_17219,bulge2
6WDJ_9732,bulge2
5MYJ_6687,hairpin6
8PV3_14374,bulge2
8V83_3547,3x3
7OIG_2719,3x3
9F9S_16367,bulge2
6VZ5_2746,bulge3
5LZB_6456,hairpin6
4ADV_490,bulge3
5O61_2039,hairpin3
3J7Q_2034,hairpin5
8WIB_15128,bulge2
6O8X_8491,hairpin6
5UZ4_9200,hairpin5
6TNU_2745,hairpin3
5LZU_1914,hairpin3
5AKA_5529,bulge2
8P60_357,5x5
8G6Y_13484,bulge2
4V73_896,3x3
6ORL_11295,hairpin5
6WDB_9641,bulge2
6I7O_7867,bulge2
6BU8_9624,hairpin5
5TCU_9009,hairpin5
5UMD_6852,bulge2
6V39_9226,bulge2
9DUK_4104,bulge3
5WDT_9293,hairpin5
7N1P_11019,bulge2
5ZET_9497,hairpin5
5UYK_1675,2x2
3J8G_2075,hairpin5
6G90_7797,hairpin6
4V6O_854,3x3
3J7P_3000,bulge1
5GAK_14864,bulge1
6YAM_2388,2x2
3JD5_1739,hairpin6
5WDT_1706,2x2
8Y37_15785,bulge2
6T59_9108,bulge2
5KPS_6371,hairpin6
4V6K_841,3x3
6RZZ_11945,hairpin5
6XDQ_9909,bulge2
4V4W_2745,bulge2
5LI0_6415,hairpin6
6GQV_7613,bulge2
5KPW_8160,hairpin5
7D80_2425,3x3
6R84_11859,hairpin5
5JU8_20000,hairpin4
5AFI_14227,bulge1
5MYJ_8606,hairpin5
6PC5_1942,3x3
6DNC_7640,hairpin6
6LSR_10621,hairpin5
6UZ7_12335,hairpin5
8PHJ_14517,bulge2
6S13_12001,hairpin5
6PPF_11634,hairpin5
6HA8_8066,hairpin6
5T5H_369,bulge4
6C4I_9762,hairpin5
5KPV_6133,bulge2
8YUP_4026,bulge3
6PCT_11618,hairpin5
8ZTU_16829,bulge2
5ND9_6727,hairpin6
6CB1_9801,hairpin5
6O8Y_10951,hairpin5
9FNY_4257,2x2
6H58_8037,hairpin6
7JIL_10753,bulge2
5LZF_6489,hairpin6
9NJF_4042,3x3
3J7O_1391,hairpin7
6OLI_11183,hairpin5
6W6L_9469,bulge2
6HD7_10445,hairpin5
4V6V_3667,bulge2
9GGR_16768,bulge2
8RCT_3759,2x2
6GC4_7838,hairpin6
6GQB_7602,bulge2
8CGN_3551,2x2
7UPH_3134,2x2
6ORL_2034,2x2
4V79_3824,bulge2
6V3D_9249,bulge2
6M62_10640,hairpin5
8RWG_16702,bulge2
5JBH_15610,bulge1
6T4Q_528,bulge4
5IQR_5822,bulge2
8INF_13923,bulge2
5IT7_15178,bulge1
4V68_3382,bulge2
8UQM_3896,2x2
3J7R_2046,hairpin5
5KPV_6376,hairpin6
6FXC_10036,hairpin5
8RCS_14983,bulge2
6TNU_12292,hairpin5
8K2A_3633,3x3
6PCS_9016,hairpin6
6SNT_8993,bulge2
6ZV6_2329,3x3
6O8Z_10962,hairpin5
7N31_2640,2x2
6GWT_2369,bulge3
6S47_522,bulge4
7NHL_11135,bulge2
6OGG_8336,bulge2
5IT9_15219,bulge1
6ZVK_10442,bulge2
6FTJ_7759,hairpin6
9L0R_4391,2x2
8XSY_3945,2x2
9NKL_17166,bulge2
6ZQF_2466,2x2
5LMQ_6206,bulge2
6Q8Y_9070,hairpin6
8PKL_14939,bulge2
5LI0_6181,bulge2
6GC0_10089,hairpin5
6GBZ_7569,bulge2
7M4Y_10991,bulge2
6N7R_2432,hairpin3
6O8Z_10961,hairpin5
8CAZ_3210,3x3
8RWG_16706,bulge2
7KGB_3181,bulge3
6Q98_9092,hairpin6
8RCL_15160,bulge2
6RXZ_8910,bulge2
5ANB_5542,bulge2
3J9Z_2125,hairpin5
8UQM_15422,bulge2
5IQR_19349,hairpin4
7PIR_2965,2x2
6R84_2645,hairpin3
6GXP_10262,hairpin5
8AP4_2987,3x3
3J7Q_1508,hairpin6
7JSZ_674,bulge4
5WE6_9314,hairpin5
6W6P_248,5x5
6T83_12220,hairpin5
8EIU_12919,bulge2
6GZX_10310,hairpin5
8OGJ_15998,bulge2
8CD1_3661,2x2
6TBV_9467,hairpin6
6ZQC_2457,2x2
8PFR_15555,bulge2
6LSR_10622,hairpin5
8YLR_4233,2x2
8P5D_3408,2x2
6ERI_1808,2x2
6OGF_8595,hairpin6
6ERI_7494,bulge2
8G7Q_14890,bulge2
5ZET_1742,2x2
8EWB_14160,bulge2
6XZA_9991,bulge2
7LV0_10957,bulge2
6WU9_9839,bulge2
9F9S_4211,2x2
8P8V_16222,bulge2
6FTI_7752,hairpin6
5LZC_1498,2x2
6R7Q_11854,hairpin5
6C4I_7572,hairpin6
8XT2_3967,bulge3
7ACR_10525,bulge2
8PHJ_14519,bulge2
6WDE_9675,bulge2
9HA4_16656,bulge2
9H3Z_4291,2x2
5IMR_19311,hairpin4
9J1M_16938,bulge2
8YUP_3772,3x3
6ENU_9953,hairpin5
6SJ6_12034,hairpin5
7BL6_10673,bulge2
5LMR_6439,hairpin6
6O7K_10915,hairpin5
8YUO_1136,bulge4
5MGP_6623,hairpin6
6HD7_10446,hairpin5
8R8M_3683,3x3
6GXP_1705,3x3
5A9Z_1387,2x2
8S1P_15506,bulge2
6GZ4_7979,hairpin6
6P5N_8950,hairpin6
7OJ0_2621,3x3
8C90_3342,2x2
6VZ3_9427,bulge2
7MSH_11620,bulge2
7Y7E_3299,3x3
6S0K_8929,bulge2
6SNT_524,bulge4
6ZM5_10259,bulge2
4ADV_1545,bulge2
8Z70_16464,bulge2
6PC5_8959,hairpin6
5JUU_1851,hairpin3
8WI8_15117,bulge2
5LZV_6322,bulge2
8K0P_3870,bulge3
6ZTJ_10349,bulge2
3J79_383,3x3
5XYM_1734,2x2
6XU6_9980,bulge2
6H58_10356,hairpin5
6GXP_186,5x5
7P7R_2844,2x2
5NP6_2095,bulge3
6SV4_9393,hairpin6
7UG7_2918,3x3
8YOP_15671,bulge2
6U48_9525,hairpin6
8EKC_12857,bulge2
3J7O_2020,hairpin5
8RCT_1019,bulge4
5NJT_6808,hairpin6
6H4N_1712,3x3
7UG7_3113,2x2
9B0P_16884,bulge2
6OLZ_11190,hairpin5
6D90_9829,hairpin5
5AKA_14298,bulge1
5LZU_150,5x5
8EWB_14161,bulge2
3JAJ_2190,hairpin5
6V39_12350,hairpin5
6OM6_11208,hairpin5
6RM3_8898,bulge2
5LZD_8286,hairpin5
8T2Z_16391,bulge2
3J6B_2944,bulge1
4V61_777,3x3
6HA8_8062,hairpin6
5GAF_19019,hairpin4
6FT6_2272,hairpin3
8FLE_13804,bulge2
6GC0_2291,hairpin3
6SGC_9303,hairpin6
8RQ2_3586,3x3
4V6K_3551,bulge2
3JCD_1685,hairpin6
8XSY_3946,2x2
6T7T_12210,hairpin5
5AFI_18213,hairpin4
7A1G_2527,2x2
7PWO_2811,3x3
9GHF_4187,bulge3
6Q98_11696,hairpin5
5IMR_19320,hairpin4
4D67_44,4x4
6TBV_9469,hairpin6
5O61_6870,hairpin6
6BU8_7460,hairpin6
9GHC_17059,bulge2
8OIR_13579,bulge2
6QKL_11741,hairpin5
8RCT_3797,bulge3
4V6P_3604,bulge2
6ZMO_2902,bulge3
6YDW_10057,bulge2
6OM6_1866,3x3
6ENJ_9935,hairpin5
9N2B_16961,bulge2
5JTE_15672,bulge1
6GAZ_1824,2x2
5AFI_14224,bulge1
4V70_3720,bulge2
5U4I_7026,hairpin6
6ZTL_10353,bulge2
8CGU_13868,bulge2
7M4Y_10997,bulge2
8FZE_15699,bulge2
7NFX_11110,bulge2
6FTJ_10017,hairpin5
8FZG_3662,3x3
8P60_13602,bulge2
6AZ1_7392,hairpin6
5WE4_7009,bulge2
6OSK_2577,bulge3
8OM2_3714,bulge3
6GZ3_7702,bulge2
6S12_8943,bulge2
6YWS_10172,bulge2
5ME1_8499,hairpin5
6RW5_2657,bulge3
6RXZ_519,bulge4
5UYP_6931,bulge2
6YSU_2265,3x3
6VYR_9325,bulge2
5UYM_7101,hairpin6
6ZTJ_10342,bulge2
8FL2_13741,bulge2
6YEF_10066,bulge2
6GB2_7811,hairpin6
4V7H_1179,bulge3
6PCQ_1953,3x3
6FXC_7553,bulge2
6AZ3_9538,hairpin5
8G6J_13472,bulge2
9IS7_378,bulge5
8WMN_3913,2x2
5MS0_8596,hairpin5
6PC6_8963,hairpin6
6TB3_12224,hairpin5
6SWA_9399,hairpin6
6SWE_12154,hairpin5
8RCT_3457,3x3
3JAH_1350,bulge2
5IQR_19355,hairpin4
6C4I_7567,hairpin6
6FAI_421,bulge4
7PI8_12067,bulge2
6SWC_9405,hairpin6
6H4N_7744,bulge2
6WU9_9842,bulge2
6WQQ_9824,bulge2
7M4X_2618,2x2
8RQ2_15380,bulge2
8JDL_14467,bulge2
4ADV_2378,hairpin5
8FL9_13774,bulge2
6SGC_8966,bulge2
6HCJ_8087,hairpin6
6S0X_9262,hairpin6
5O2R_6680,bulge2
5GAK_14865,bulge1
5V7Q_7159,hairpin6
5ZEP_7144,bulge2
6DDG_7421,bulge2
6VZ7_9447,bulge2
8BGH_3245,3x3
6SV4_12137,hairpin5
6ZTO_10395,bulge2
8UIZ_17285,bulge2
5LZD_6270,bulge2
9L0R_177,4x4
6R86_11864,hairpin5
8VKW_3937,3x3
8CBJ_3397,2x2
7A01_10456,bulge2
7AQD_2392,3x3
6VYT_9351,bulge2
6ORE_2567,bulge3
5LZB_1903,hairpin3
5U9G_7037,hairpin6
8FKS_3446,2x2
5ZEP_7140,bulge2
6HA1_7779,bulge2
6GQ1_7592,bulge2
6OG7_11049,hairpin5
6UET_9528,hairpin6
5FLX_14834,bulge1
8OVE_3691,bulge3
6DNC_2329,bulge3
5NP6_6660,bulge2
8G6Y_13485,bulge2
5OT7_6935,hairpin6
9NLF_4490,2x2
8K4E_3988,bulge3
5X8P_2148,hairpin3
4V6S_3636,bulge2
6OIG_11115,hairpin5
5OT7_8922,hairpin5
8UUA_15084,bulge2
7AC7_10511,bulge2
6N8K_10706,hairpin5
8CG8_14241,bulge2
3JBO_1657,hairpin6
6GZZ_10328,hairpin5
6T59_2194,2x2
6TNN_2744,hairpin3
6D9J_7408,bulge2
5U9G_9076,hairpin5
8WI8_3492,3x3
4V78_3807,bulge2
8RWG_16698,bulge2
5ND8_6542,bulge2
6YT9_10156,bulge2
7AC7_10506,bulge2
5MQF_6480,bulge2
8PVL_14504,bulge2
6ZMI_10293,bulge2
3JCN_1720,hairpin6
5APN_4934,hairpin7
6OLI_11181,hairpin5
7NBU_2699,3x3
5UYL_9131,hairpin5
6RXV_9237,hairpin6
8P17_15340,bulge2
5JTE_15656,bulge1
6T7I_531,bulge4
6OGG_2532,bulge3
6GC0_10086,hairpin5
6MTB_10653,hairpin5
8V9L_14703,bulge2
5JU8_6063,bulge2
6R86_2646,hairpin3
4V6L_3560,bulge2
7NHK_11126,bulge2
6QIK_9112,hairpin6
6YLX_595,bulge4
9NJV_17155,bulge2
9B0Q_16896,bulge2
6N7P_2430,hairpin3
5MY1_6512,bulge2
4V6Z_3700,bulge2
6VZJ_2094,3x3
3J9W_1563,hairpin6
6O90_10979,hairpin5
3DEG_366,2x2
6H58_10366,hairpin5
8Z70_16463,bulge2
7O19_2578,3x3
6QKL_9120,hairpin6
6YDP_10054,bulge2
5JTE_19966,hairpin4
6GWT_10201,hairpin5
6RZZ_8917,bulge2
7NQH_2671,2x2
8H2H_12883,bulge2
6G18_1819,2x2
6N7X_8278,hairpin6
6N8J_10696,hairpin5
5LMS_8234,hairpin5
8QOI_15496,bulge2
8FMW_391,5x5
3J7P_1502,hairpin6
4V7H_3872,bulge2
6ZU1_2321,3x3
6Y2L_2226,3x3
6V3A_12354,hairpin5
5ZLU_7381,hairpin6
7K53_3028,bulge3
6H4N_1713,3x3
7K50_10843,bulge2
9NJF_4046,3x3
5LMT_6218,bulge2
7BL3_2406,3x3
5MDY_6408,bulge2
6PCQ_8999,hairpin6
4V78_3809,bulge2
6ZQD_2460,2x2
5T7V_8970,hairpin5
6OFX_8299,bulge2
6GC0_10090,hairpin5
6DZP_9896,hairpin5
6SPD_12078,hairpin5
6FXC_10042,hairpin5
6HA8_7791,bulge2
7MSC_11609,bulge2
5LMU_6224,bulge2
6OM6_8427,bulge2
9GUS_16300,bulge2
7ZPK_3194,2x2
8YLD_4227,2x2
4V70_883,3x3
8IPA_14774,bulge2
6PCR_9010,hairpin6
9GHH_17114,bulge2
8CMJ_3562,2x2
7NQH_11161,bulge2
6TBV_2206,2x2
3JCD_1691,hairpin6
3J9W_2108,hairpin5
8T5H_4033,2x2
6QT0_8806,bulge2
8RCL_3501,3x3
6QZP_9167,hairpin6
5IT7_15173,bulge1
5IT7_5206,hairpin7
6R6G_11826,hairpin5
9FBV_15570,bulge2
8UKB_4048,bulge3
8CWO_3447,bulge3
6P5K_2079,2x2
8G6W_3510,bulge3
9MOR_16666,bulge2
5WE4_394,bulge4
6QTZ_11776,hairpin5
5LZA_6454,hairpin6
9MOR_3887,3x3
8PEG_3772,bulge3
6YWS_10170,bulge2
8K2C_15584,bulge2
5WDT_7004,bulge2
9J1M_3979,3x3
4V79_1169,bulge3
6SV4_12134,hairpin5
6VWN_2064,3x3
8QPP_14567,bulge2
6GXP_10259,hairpin5
6V39_12349,hairpin5
3J3W_1212,bulge2
6ENF_9922,hairpin5
6Y2L_10019,bulge2
7K50_10848,bulge2
6WDK_9738,bulge2
8CEH_3546,2x2
6O8Y_8506,hairpin6
8WHX_3485,3x3
8G7S_3423,3x3
8R8M_3995,bulge3
4V75_901,3x3
6RI5_9226,hairpin6
8G61_13459,bulge2
6ENF_7688,hairpin6
6S0K_8923,bulge2
5AJ0_14263,bulge1
6C4I_2215,hairpin3
7AF8_2383,3x3
8FZF_3624,3x3
6V3D_2052,3x3
6XU8_9982,bulge2
4V6Q_3610,bulge2
7MSM_11626,bulge2
6GC8_7587,bulge2
8VRL_4349,2x2
6PC5_11529,hairpin5
5IT7_15160,bulge1
6OGF_11068,hairpin5
5UQ8_2108,hairpin3
5O61_6866,hairpin6
8Y0W_3735,bulge3
9B0F_4136,bulge3
9L0R_16956,bulge2
8XP3_374,bulge5
7MSH_11621,bulge2
6T7T_12204,hairpin5
8PVK_14495,bulge2
4V76_3781,bulge2
7NHM_11144,bulge2
5UYM_9139,hairpin5
8RXX_15314,bulge2
4UJD_2515,bulge2
8R8M_15775,bulge2
6GC4_2292,hairpin3
8G7S_14912,bulge2
9NL7_17193,bulge2
5MMM_2052,bulge3
6T83_12217,hairpin5
6O8X_8494,hairpin6
6PCQ_11582,hairpin5
8VR4_4342,2x2
6QUL_9150,hairpin6
6O9J_8251,bulge2
9GUP_16288,bulge2
3J7Q_581,hairpin3
7CPV_11563,bulge2
6GZX_8000,hairpin6
7OJ0_2617,3x3
5LZZ_8411,hairpin5
7N2V_11046,bulge2
8YUR_4029,bulge3
7OPE_2726,2x2
8YUQ_16155,bulge2
6WD1_9525,bulge2
6QTZ_11773,hairpin5
6FAI_1813,2x2
6HTQ_8150,hairpin6
8JDL_14469,bulge2
8PJ3_4000,2x2
6YST_2258,3x3
6WDM_2325,2x2
6R7Q_231,5x5
8CGR_375,5x5
6M62_2399,hairpin3
8VKW_16794,bulge2
5V7Q_9207,hairpin5
7NWW_11688,bulge2
6ZQE_2464,2x2
6P5N_8667,bulge2
5UYN_9156,hairpin5
8A5I_2970,3x3
8IPB_3714,2x2
9DTR_16488,bulge2
6H58_7767,bulge2
9NL6_4060,3x3
5IT7_19366,hairpin4
4V6W_3672,bulge2
9HA3_3873,3x3
5MDZ_1450,3x3
5IT7_19387,hairpin4
6YWV_2419,2x2
6ZU1_2495,2x2
6LSR_8221,hairpin6
5KPX_6394,hairpin6
5LZC_6253,bulge2
6LSS_7946,bulge2
5XYM_9453,hairpin5
6QUL_8822,bulge2
4V6L_3559,bulge2
6OGI_11113,hairpin5
6S12_11996,hairpin5
5AJ4_135,5x5
8OO0_14831,bulge2
6LQM_7924,bulge2
6TPQ_2040,3x3
5AFI_18204,hairpin4
6HA1_2397,bulge3
8QPP_3631,2x2
8RDW_14870,bulge2
8G31_14421,bulge2
6X6T_2198,3x3
7PIC_2947,2x2
3J7Q_2033,hairpin5
7OII_2726,3x3
6FTG_10004,hairpin5
6HA1_1872,2x2
9DUK_16661,bulge2
8UQP_15430,bulge2
8JIV_15204,bulge2
8RDW_14871,bulge2
6GZ5_7984,hairpin6
5ANC_18302,hairpin4
7N2V_11047,bulge2
6LQV_10618,hairpin5
6VWL_246,5x5
6HA8_8071,hairpin6
7OT5_2732,3x3
6GC0_7574,bulge2
8T2S_3620,2x2
8IPY_13955,bulge2
5JTE_15682,bulge1
6HA8_10395,hairpin5
7D4I_10728,bulge2
3J7A_395,2x2
7NHM_2656,2x2
8K82_15603,bulge2
8JDJ_3603,2x2
7AFI_2960,bulge3
6Q95_9080,hairpin6
4V7I_3880,bulge2
8K0Q_3871,bulge3
8WIC_15138,bulge2
3J7O_4702,hairpin4
8K0P_15297,bulge2
6OSQ_1898,3x3
8PHJ_3623,2x2
6MTE_8273,hairpin6
7L08_3033,bulge3
6VYR_9327,bulge2
7D1A_10727,bulge2
7N2U_11036,bulge2
6SKG_8987,bulge2
9J1M_16932,bulge2
9E6Q_4185,2x2
5ZET_7150,bulge2
8WHX_137,4x4
3JBP_2227,hairpin5
9B0P_16883,bulge2
6O8X_1983,2x2
6ZMO_10294,bulge2
7Y7C_3292,3x3
3J9Y_1578,hairpin6
6ZM5_2445,2x2
6T4Q_9096,bulge2
8YUO_16128,bulge2
8E3O_901,bulge4
4V6W_1145,bulge3
9GHF_4186,bulge3
6OT3_8838,hairpin6
9J1M_4386,2x2
5OOM_6921,hairpin6
8P2H_15274,bulge2
8UIZ_464,5x5
8Y38_15799,bulge2
8CGN_14247,bulge2
6O8W_8192,bulge2
6ZTN_10383,bulge2
8JIW_3824,2x2
5T5H_6769,bulge2
6GC6_7839,hairpin6
6Q95_2109,2x2
5LZY_6345,bulge2
5XYM_7114,bulge2
5LMT_1975,bulge3
8WIB_15135,bulge2
7PAR_2903,2x2
8IDT_3612,bulge3
6P4H_11469,hairpin5
6FTI_7530,bulge2
6Y57_10022,bulge2
7N31_11069,bulge2
5LZF_8316,hairpin5
4V6L_941,2x2
6TNN_9493,hairpin6
6DZP_7666,hairpin6
9B0G_16862,bulge2
6ERI_9959,hairpin5
6TPQ_9202,bulge2
8PKL_3777,bulge3
8Y38_3979,2x2
6FTI_7526,bulge2
6VYS_2719,bulge3
5NP6_6659,bulge2
4V66_893,2x2
6OLE_11152,hairpin5
6UZ7_12334,hairpin5
6Y7C_2385,2x2
8TOC_3461,3x3
7SSO_2859,3x3
8G60_3352,2x2
5L3P_8194,hairpin5
6AWC_2216,bulge3
4V6M_3569,bulge2
8G2U_14407,bulge2
6SNT_12060,hairpin5
6J6N_7901,bulge2
8Z71_16469,bulge2
8EKC_12859,bulge2
7OQE_2728,2x2
7ABZ_10492,bulge2
6MTC_8009,bulge2
6OGF_11074,hairpin5
7OHW_720,bulge4
9IS7_4332,2x2
8QPP_14563,bulge2
7LVK_11594,bulge2
5NP6_8790,hairpin5
8FZE_15691,bulge2
6FTJ_7536,bulge2
8ETC_3208,2x2
5AKA_1324,3x3
6PC7_8971,hairpin6
6QTZ_8814,bulge2
4V5H_3124,bulge2
7M4X_10988,bulge2
8ZQ9_16657,bulge2
7NAR_3076,bulge3
6YWY_2428,2x2
8Y39_15812,bulge2
6GZ3_2317,hairpin3
8CGD_13857,bulge2
7O19_2579,3x3
6DNC_7430,bulge2
8T30_16398,bulge2
8URY_3922,2x2
5GAE_14855,bulge1
7PAN_2892,2x2
6RBE_2143,2x2
7ABZ_10494,bulge2
6ZME_10278,bulge2
5O2R_6848,hairpin6
8RCL_15161,bulge2
8S1P_15503,bulge2
6PPK_9051,hairpin6
9B0S_3974,3x3
6VYR_9329,bulge2
9GUS_16296,bulge2
7NHN_2548,3x3
5WE4_7243,hairpin6
8P8N_15486,bulge2
5GAK_5719,bulge2
5LZW_6528,hairpin6
8CGJ_13861,bulge2
6O8Z_8234,bulge2
7WTV_2942,3x3
7OIF_2713,3x3
3JCJ_1442,bulge2
6WD4_2296,2x2
7NWT_2574,3x3
4V8T_4498,bulge2
6VZJ_9451,bulge2
5UQ7_1672,2x2
9GGR_16763,bulge2
7B5K_2551,2x2
6D90_7399,bulge2
6MTD_8019,bulge2
9J3T_165,4x4
6VZ2_9408,bulge2
8IPB_14783,bulge2
6SPG_12115,hairpin5
7N30_11067,bulge2
8B7Y_3217,2x2
5XY3_9441,hairpin5
6GXN_7935,hairpin6
8ZTV_4362,2x2
6GZQ_10297,hairpin5
7AZY_10604,bulge2
6WDG_9700,bulge2
8Y38_3980,2x2
5T5H_2071,hairpin3
5UQ7_7062,hairpin6
6DZP_9893,hairpin5
6PC5_11535,hairpin5
6Q8Y_11667,hairpin5
8SCB_3713,bulge3
6OM7_8725,hairpin6
7AQD_10558,bulge2
3JBN_2215,hairpin5
8RCS_14980,bulge2
8UKB_4180,2x2
6ZTN_10375,bulge2
7A5F_2936,bulge3
6O8Z_1830,3x3
5MMM_2055,bulge3
3J5L_1220,bulge2
7PAO_11969,bulge2
6GZ5_10286,hairpin5
5LZA_6234,bulge2
5JBH_5328,hairpin7
9GMO_16062,bulge2
7NWH_2571,3x3
9L0R_183,4x4
9B0G_386,bulge5
6SPF_12100,hairpin5
8QOA_15193,bulge2
6GXP_10254,hairpin5
6WDG_9692,bulge2
3JBU_2246,hairpin5
8RWG_3901,3x3
8IR1_13958,bulge2
6ZTM_636,bulge4
9FDA_4152,bulge3
6TNU_2218,2x2
6RM3_1993,3x3
6I0Y_7860,bulge2
6DZP_7460,bulge2
6GBZ_7572,bulge2
5UYP_2137,bulge3
6Q8Y_9073,hairpin6
5UYP_6927,bulge2
8KAB_15825,bulge2
5WE4_9310,hairpin5
5WLC_7045,bulge2
6T4Q_9095,bulge2
5A9Z_1306,3x3
6GZZ_8016,hairpin6
6SJ6_2681,hairpin3
6OUO_11408,hairpin5
3JA1_2143,hairpin5
5XY3_7315,hairpin6
5L3P_6409,hairpin6
5ADY_18184,hairpin4
6XDR_2363,2x2
7O7Z_11315,bulge2
5LZB_1400,3x3
5ANC_1329,3x3
5IMQ_19276,hairpin4
8XZ3_15832,bulge2
6S0X_8930,bulge2
8YOO_15664,bulge2
7JIL_10752,bulge2
9FBV_15567,bulge2
7D6Z_10732,bulge2
6R6P_11842,hairpin5
9GHE_4027,3x3
6OLE_8381,bulge2
5MDW_6575,hairpin6
8RCL_3836,bulge3
6VZ7_9441,bulge2
7PIA_2941,2x2
9GHE_4026,3x3
6DZI_1795,2x2
6UZ7_9550,hairpin6
5AKA_4911,hairpin7
5O61_8841,hairpin5
6GXO_10245,hairpin5
5LZU_8349,hairpin5
7PHA_2784,3x3
6SGC_9305,hairpin6
8YP6_16827,bulge2
3JBU_431,2x2
6VU3_9271,bulge2
6QZP_9168,hairpin6
6OSQ_8824,hairpin6
3JCE_1434,bulge2
7JSS_2436,3x3
8YOP_15674,bulge2
6ZVJ_2330,3x3
3J9W_1298,bulge2
6WD7_9592,bulge2
4V6Z_3705,bulge2
6S0K_1999,3x3
6Q98_2114,2x2
5LMQ_6438,hairpin6
8R6C_3991,bulge3
8HU1_15225,bulge2
9F1B_1091,bulge4
8K2C_3635,3x3
6TC3_12260,hairpin5
5IQR_15152,bulge1
5T7V_6973,hairpin6
8PJ1_1083,bulge4
8CRX_3453,bulge3
8P17_3882,bulge3
4CE4_1576,bulge2
6SJ6_9313,hairpin6
9J6Y_16946,bulge2
6PCH_8690,bulge2
5MDZ_8493,hairpin5
3Jan_1636,hairpin6
5NP6_8787,hairpin5
6WD9_9611,bulge2
3JAH_2172,hairpin5
7NHK_11118,bulge2
7PAH_2870,2x2
5A9Z_5483,bulge2
5KPW_6392,hairpin6
6AWD_7173,bulge2
8OIN_353,5x5
8P2K_928,bulge4
4V6Y_3682,bulge2
8I9Z_3378,2x2
6WDG_2793,bulge3
5IT9_15227,bulge1
6ZS9_2903,bulge3
8S8F_15976,bulge2
6V3B_12373,hairpin5
8S8I_4067,2x2
6H58_447,bulge4
6OT3_8840,hairpin6
7JSW_10774,bulge2
7SYN_2888,3x3
6OM6_1869,3x3
8P18_15346,bulge2
5ZEB_7135,bulge2
6I0Y_7863,bulge2
6G5H_426,bulge4
6ZTP_2317,3x3
6HTQ_2366,hairpin3
8FKW_13724,bulge2
8XSZ_15641,bulge2
9G8M_4121,2x2
5LZV_6323,bulge2
5XYI_7321,hairpin6
5AJ4_18262,hairpin4
7BL2_2561,2x2
8FLB_13783,bulge2
6O8X_8488,hairpin6
8RWG_16701,bulge2
8WHX_15091,bulge2
9NLS_17267,bulge2
6R87_2135,2x2
6GQB_7606,bulge2
5LMV_1982,bulge3
8G5Y_3122,3x3
8T3E_16422,bulge2
8G7P_3764,bulge3
6SPF_12093,hairpin5
5NJT_6802,hairpin6
7LS1_2608,2x2
9FBV_15565,bulge2
6YDW_10059,bulge2
6DNC_2253,hairpin3
9GUU_4065,bulge3
9FIB_16926,bulge2
7TQL_2905,3x3
9L0R_16955,bulge2
4V71_3728,bulge2
6D9J_1786,2x2
5JUO_313,bulge4
3JCT_1736,hairpin6
8IFB_14741,bulge2
5MRE_6673,hairpin6
6N8O_8063,bulge2
9GHD_4020,3x3
5GAE_14847,bulge1
6VU3_2054,3x3
6OM6_11214,hairpin5
6T83_12212,hairpin5
8CGN_14242,bulge2
6OUO_8872,hairpin6
7N30_11065,bulge2
5MLC_8538,hairpin5
4V4V_2741,bulge2
4V6P_951,2x2
6OLZ_1864,3x3
5ADY_4879,hairpin7
5LMN_8222,hairpin5
6O9J_2515,bulge3
5IQR_15142,bulge1
4V8M_1387,bulge3
7AS9_2545,2x2
8JDL_14468,bulge2
9NLE_17208,bulge2
6ZMO_270,bulge5
6OM7_11227,hairpin5
6GZQ_10293,hairpin5
6FTI_7753,hairpin6
6PCS_2603,hairpin3
6H58_7773,bulge2
6BK8_7204,bulge2
6TH6_9486,hairpin6
5FLX_14841,bulge1
6NM9_10769,hairpin5
4V69_3395,bulge2
6OLE_11160,hairpin5
5LZX_6343,bulge2
6VYW_2730,bulge3
7NHN_2665,2x2
5UQ8_179,bulge5
6WYV_9851,bulge2
6QDW_8771,bulge2
6T7T_9443,hairpin6
4V6O_856,3x3
3J7R_1258,bulge2
7ST7_3069,2x2
4UJE_570,3x3
7MDZ_270,5x5
7PKT_302,5x5
9F9S_4207,2x2
6X6T_2814,bulge3
5MC6_6560,hairpin6
5ZEP_9489,hairpin5
8W51_15939,bulge2
9NL5_4054,3x3
8RCT_3455,3x3
9CAI_4075,2x2
6H58_7764,bulge2
4V6K_840,3x3
5UYP_9176,hairpin5
5LZU_8353,hairpin5
6WRU_9833,bulge2
8C01_3204,2x2
8QOA_3519,3x3
5LZZ_6358,bulge2
5LZU_6516,hairpin6
6SW9_238,5x5
5IQR_19348,hairpin4
6N8N_8307,hairpin6
6XIR_2373,2x2
3J7Z_2064,hairpin5
6TPQ_2747,hairpin3
9GHD_4455,2x2
8FL3_3458,2x2
6PJ6_8716,bulge2
9B0H_387,bulge5
6H58_10369,hairpin5
8URI_15459,bulge2
6ENJ_7701,hairpin6
7XD7_3059,3x3
6WRU_9832,bulge2
5JUT_316,bulge4
5U9G_9077,hairpin5
5T7V_1652,2x2
5UYM_7109,hairpin6
8G5Y_867,bulge4
7PIA_760,bulge4
6WDI_2320,2x2
8T5D_4029,2x2
6DDG_7425,bulge2
6OFX_8583,hairpin6
9B0H_16877,bulge2
6SPG_12114,hairpin5
5LL6_1485,2x2
5WFS_7040,bulge2
6SV4_2190,2x2
6ZM5_10258,bulge2
6GWT_10198,hairpin5
6Y6X_10044,bulge2
6I7O_7882,bulge2
8EVT_14157,bulge2
8RQ0_15372,bulge2
5MRC_6663,hairpin6
5MMJ_6644,hairpin6
6OGI_8618,hairpin6
6QYZ_9159,hairpin6
6VYS_9337,bulge2
5H4P_14912,bulge1
3J9Y_454,bulge3
6V3D_2231,2x2
8IPB_14779,bulge2
8IPY_942,bulge4
7SYR_2893,3x3
9C4G_3721,3x3
6FXC_7540,bulge2
6N8K_8288,hairpin6
5O61_1618,2x2
7K50_2461,3x3
8PJ4_4002,2x2
8FLB_13785,bulge2
8IP8_14765,bulge2
6DDD_1790,2x2
3JBU_1672,hairpin6
5T6R_8959,hairpin5
8XP3_3803,3x3
7PIA_12093,bulge2
3J5L_2927,bulge1
6BU8_7464,hairpin6
5WE6_2167,bulge3
5U9G_2119,bulge3
5MDZ_6592,hairpin6
6WDH_9703,bulge2
8G7Q_3416,3x3
6GZ4_7978,hairpin6
4V8T_4499,bulge2
8EUI_12882,bulge2
4V71_888,3x3
6C4I_9760,hairpin5
6O7K_8474,hairpin6
6GQB_7601,bulge2
6YS3_2245,3x3
6OGF_11072,hairpin5
5MDW_6391,bulge2
8CIV_3554,2x2
6OT3_11368,hairpin5
5LZV_8366,hairpin5
8CGR_3475,2x2
6GZZ_8017,hairpin6
6SV4_12133,hairpin5
5LZY_1926,hairpin3
6V3A_2691,bulge3
8AKN_3237,2x2
7B5K_10617,bulge2
9B0G_16864,bulge2
6T7T_12201,hairpin5
6N8M_10718,hairpin5
8Y0X_14730,bulge2
6VWM_542,bulge4
5T6R_8961,hairpin5
6SKF_8975,bulge2
8EMM_13562,bulge2
5LI0_6179,bulge2
7SSO_2858,3x3
6OGG_8332,bulge2
8G38_14440,bulge2
8RCS_3790,bulge3
8QIE_4082,bulge3
6SKG_8978,bulge2
3JCT_2327,hairpin5
6FT6_2270,hairpin3
4V75_904,3x3
7OE0_2596,3x3
5JUU_8103,hairpin5
5ADY_14213,bulge1
5XXU_1728,2x2
7LVK_11592,bulge2
7JSS_672,bulge4
7BHP_10638,bulge2
6QZP_2634,hairpin3
8G5Y_3350,2x2
6OLF_11163,hairpin5
6WDA_2139,3x3
3J9Y_2118,hairpin5
8R6C_3680,3x3
6WDI_9719,bulge2
6DZI_7448,bulge2
6WDF_9682,bulge2
3J9W_1295,bulge2
6FTJ_7761,hairpin6
7K00_3019,bulge3
6S05_11954,hairpin5
8T5H_4032,2x2
5OA3_1620,2x2
8OO0_3725,2x2
6HIW_10478,hairpin5
3J5L_1476,hairpin6
8ASW_2988,3x3
7PIT_3277,bulge3
3JCD_639,hairpin3
8E3O_13647,bulge2
3J9W_601,hairpin3
5UYQ_1687,2x2
8RW1_1107,bulge4
6H58_10363,hairpin5
5IMQ_1368,3x3
6QDW_8769,bulge2
8TVZ_15235,bulge2
6GXP_7698,bulge2
8K2B_15581,bulge2
5O5J_2100,bulge3
8B7Y_3216,2x2
7NAV_11098,bulge2
4V79_3818,bulge2
8YUP_16138,bulge2
6OLZ_2536,hairpin3
6OM6_8430,bulge2
6WD2_9529,bulge2
6I7O_8180,hairpin6
8HTZ_15224,bulge2
9G6K_4079,bulge3
6ZTJ_2294,3x3
5LJ5_8207,hairpin5
5MLC_6461,bulge2
6S05_9244,hairpin6
5ZEB_7335,hairpin6
6I9R_10563,hairpin5
7P3K_2633,3x3
6WQN_9814,bulge2
7JT3_2454,3x3
9FNY_16519,bulge2
8RCS_14982,bulge2
6TNU_9195,bulge2
5LZZ_8407,hairpin5
5XYU_7116,bulge2
8WIF_3832,bulge3
5TCU_6806,bulge2
6WD7_9596,bulge2
6M62_8241,hairpin6
8OHD_3719,2x2
3JCJ_1707,hairpin6
6HTQ_7852,bulge2
8FL4_3459,2x2
6YWV_10179,bulge2
8HTZ_3524,3x3
5MDW_6390,bulge2
5ZET_9498,hairpin5
6LQS_1903,2x2
6OM0_11199,hairpin5
6Q8Y_502,bulge4
8D8L_3419,bulge3
5KPV_1475,2x2
6HA8_10401,hairpin5
8G7P_14883,bulge2
6SPF_9021,bulge2
6OM6_8711,hairpin6
6I0Y_7861,bulge2
8PV6_14394,bulge2
6DDD_1789,2x2
6XZB_10000,bulge2
8HU1_3531,3x3
8FLE_13805,bulge2
6YWY_10190,bulge2
8V9J_14681,bulge2
6OGG_8340,bulge2
8FIZ_13211,bulge2
8OO0_14833,bulge2
3J7Q_1507,hairpin6
5LZU_6317,bulge2
6T7T_2724,hairpin3
6C0F_9744,hairpin5
7BL3_2563,2x2
8T3E_16423,bulge2
5UYK_7083,hairpin6
6GXO_7945,hairpin6
6P5I_8931,hairpin6
5XYM_7112,bulge2
8R3V_14950,bulge2
6UZ7_9215,bulge2
6OM0_11201,hairpin5
6VZ2_9414,bulge2
8WIB_15134,bulge2
7CPJ_10719,bulge2
6Q8Y_8732,bulge2
6R7Q_2642,hairpin3
5UYN_6922,bulge2
7MT2_11648,bulge2
6SGC_12028,hairpin5
5LZZ_6548,hairpin6
6H58_8048,hairpin6
7SSD_2853,3x3
4V61_3305,bulge2
8E3M_3426,2x2
5LZD_6269,bulge2
6GZQ_10296,hairpin5
3J7Q_1251,bulge2
6O8W_8477,hairpin6
6OUO_8871,hairpin6
7K52_10874,bulge2
8P16_15331,bulge2
8RL2_16505,bulge2
8Z71_16467,bulge2
4V8Z_4547,bulge2
5LZT_1423,3x3
7JT1_2996,bulge3
8HTZ_15217,bulge2
6S12_8941,bulge2
5MDY_8473,hairpin5
6S47_9294,hairpin6
6WDD_9662,bulge2
6PJ6_8715,bulge2
9NLQ_17246,bulge2
6WD5_2121,3x3
3JBN_411,2x2
9N2C_4168,bulge3
8I9W_13525,bulge2
8G7Q_14898,bulge2
6PC8_8686,bulge2
5MDV_8454,hairpin5
7B7D_10621,bulge2
6QUL_11785,hairpin5
6X6T_2350,2x2
5WE6_9317,hairpin5
6GWT_7645,bulge2
5M1J_6369,bulge2
5LZB_6248,bulge2
6Y0G_10010,bulge2
5L3P_8185,hairpin5
6GBZ_7567,bulge2
3JA1_1328,bulge2
6N8L_8043,bulge2
8FL3_3555,bulge3
6OSK_8522,bulge2
6O9J_2499,hairpin3
7K53_10882,bulge2
8YLD_16445,bulge2
8Y38_15797,bulge2
5IMQ_15111,bulge1
6WD3_9550,bulge2
8QCQ_15188,bulge2
6HA8_191,5x5
8IP9_3707,2x2
6PC5_8670,bulge2
8ZTU_4361,2x2
5LZC_1992,bulge3
6PJ6_11624,hairpin5
6M62_8243,hairpin6
9H3Q_4281,2x2
8QHU_4111,bulge3
5T2C_6953,hairpin6
6OT3_8555,bulge2
6OLG_8394,bulge2
8UIZ_17286,bulge2
6HD7_10443,hairpin5
6VU3_2701,bulge3
8FLF_13812,bulge2
6OG7_1846,3x3
8RCS_14974,bulge2
8V9J_14679,bulge2
3J0P_385,2x2
6XIQ_9970,bulge2
5APO_14358,bulge1
6P5N_8661,bulge2
8V9J_14682,bulge2
8CAM_3471,2x2
8I9Z_3379,2x2
6N8O_10737,hairpin5
6OIG_8625,hairpin6
5V7Q_9208,hairpin5
7M5D_11602,bulge2
8EWB_3529,2x2
8CD1_3374,3x3
6C4I_7347,bulge2
5T6R_8964,hairpin5
6WDF_9687,bulge2
6ZM7_615,bulge4
6SPG_2697,hairpin3
7K00_10840,bulge2
8CDR_3542,2x2
6BU8_9625,hairpin5
6ZVK_10443,bulge2
6T83_9133,bulge2
9B0F_16860,bulge2
6WD6_9575,bulge2
4V78_1165,bulge3
6DZK_2335,bulge3
6WD3_9539,bulge2
9H3Y_16617,bulge2
6GQV_10148,hairpin5
4V3P_798,bulge3
9HA6_3875,3x3
5X8T_2151,hairpin3
8WI7_15114,bulge2
8INE_380,5x5
5ND9_1993,hairpin3
6QIK_8782,bulge2
5LZT_149,5x5
8URH_15452,bulge2
6T7T_9448,hairpin6
4V6U_3651,bulge2
7PJW_2648,3x3
8PHJ_3698,bulge3
7K54_2604,2x2
5JUT_6103,bulge2
6WD5_550,bulge4
9G06_4157,bulge3
7UNU_3118,2x2
5GAE_5710,bulge2
6N8J_8279,hairpin6
8Y0W_14722,bulge2
6Z6K_10219,bulge2
9GHD_17067,bulge2
6OFX_11033,hairpin5
6S0K_2000,3x3
5MDZ_6410,bulge2
7NQL_11164,bulge2
7PHC_12063,bulge2
6J6Q_7904,bulge2
8P2F_15253,bulge2
5IQR_19350,hairpin4
6ZXG_10449,bulge2
6OLE_479,bulge4
5U9F_6834,bulge2
6ERI_7492,bulge2
5IQR_19336,hairpin4
6Y69_10041,bulge2
6FTI_7529,bulge2
5X8T_7300,hairpin6
8INF_3616,bulge3
8FKP_3441,2x2
6V3D_9579,hairpin6
6O8Y_8501,hairpin6
8Q4F_1088,bulge4
7NBU_11679,bulge2
9NJF_17144,bulge2
9FRA_4093,bulge3
6X6T_2813,bulge3
6VMI_12395,hairpin5
5XXB_7095,bulge2
6RI5_8892,bulge2
6YSR_2868,bulge3
6I9R_8195,hairpin6
5NP6_6661,bulge2
6SKF_8976,bulge2
5LI0_1861,hairpin3
5MDZ_6418,bulge2
6O9J_10985,hairpin5
3JBP_1403,bulge2
5GAN_14876,bulge1
6RW4_2655,bulge3
7AS9_10576,bulge2
6OST_8541,bulge2
7AC7_2948,bulge3
7PAJ_2877,2x2
6GZ4_7974,hairpin6
6OST_8539,bulge2
7ACR_2378,3x3
7NAT_11089,bulge2
5OOL_6916,hairpin6
5IQR_15150,bulge1
4V6N_3587,bulge2
6YSR_2250,3x3
8G34_3680,bulge3
3JA1_2147,hairpin5
7N30_11057,bulge2
6GWT_7649,bulge2
8QYX_16374,bulge2
5MGP_6622,hairpin6
9F1B_4016,2x2
5LMS_6216,bulge2
8FZH_15723,bulge2
6ZME_10281,bulge2
9J1M_16941,bulge2
6NU2_10829,hairpin5
6WDE_9678,bulge2
9AR6_4351,2x2
8S8I_1110,bulge4
6O8Z_10964,hairpin5
9NLS_17268,bulge2
6FTG_7748,hairpin6
3J80_1535,hairpin6
6VZ5_9436,bulge2
6V3D_12374,hairpin5
8PEG_1014,bulge4
6R84_1989,3x3
7O5H_2592,3x3
4V4B_2563,bulge2
9B0F_16853,bulge2
3JCN_1445,bulge2
6WUB_2347,2x2
7UNU_2924,3x3
8S8E_4055,2x2
7PI9_12079,bulge2
9F9S_16357,bulge2
7BHP_10637,bulge2
5LZZ_337,bulge4
7MT2_11653,bulge2
8YOP_15668,bulge2
6ZMI_10291,bulge2
6W2S_2096,3x3
5T2A_367,bulge4
3J8G_1538,hairpin6
8XU8_4225,2x2
5LZY_6538,hairpin6
8RL2_4250,2x2
7SYO_2890,3x3
6ZU5_2497,2x2
8G6J_13467,bulge2
6GZZ_2387,bulge3
5LZD_8291,hairpin5
4V79_1168,bulge3
6S12_9279,hairpin6
6T7T_12209,hairpin5
8IFC_3742,bulge3
9BS0_3842,3x3
8PHJ_14521,bulge2
6VZ5_9439,bulge2
6P5N_8659,bulge2
8P2H_3541,3x3
8T2Y_16389,bulge2
8UQL_15407,bulge2
6XDQ_2361,2x2
6UZ7_9213,bulge2
8K2D_15592,bulge2
5ND8_6708,hairpin6
5AFI_14228,bulge1
8R3V_14943,bulge2
6ERI_9958,hairpin5
8P5D_13592,bulge2
6PC6_8964,hairpin6
6SV4_12129,hairpin5
8P2K_13830,bulge2
5KPS_6121,bulge2
8P2F_15252,bulge2
6AWD_7391,hairpin6
6LQM_2392,hairpin3
7MT3_2693,3x3
7QIZ_3022,2x2
5JUU_6341,hairpin6
4V7I_3885,bulge2
8P2H_3852,2x2
6ZV6_641,bulge4
6P5I_8640,bulge2
4V7A_1172,bulge3
8JIV_15203,bulge2
8FKV_3450,2x2
7ABZ_10501,bulge2
8G34_978,bulge4
8FL7_13765,bulge2
6ZMT_621,bulge4
6OLZ_8409,bulge2
3J45_1214,bulge2
8ZDB_16713,bulge2
6AWC_9524,hairpin5
7M4W_10969,bulge2
7UNU_3119,2x2
3J7R_1257,bulge2
6OGF_11075,hairpin5
8PVL_14505,bulge2
5LMO_6197,bulge2
5UYP_7122,hairpin6
8FZD_3975,bulge3
5XYM_7325,hairpin6
5WFS_7274,hairpin6
7QCA_3177,2x2
6OGI_8349,bulge2
7PIO_2950,2x2
6GZ3_2318,hairpin3
6GXM_183,5x5
5TZS_1664,2x2
3J7R_1261,bulge2
7PAQ_11987,bulge2
6GZQ_7996,hairpin6
7NSQ_2567,3x3
6X6T_9865,bulge2
9LMF_4430,2x2
6WDE_9670,bulge2
8VR8_4346,2x2
5LZB_8256,hairpin5
6PC7_8679,bulge2
6ZU1_2494,2x2
7BOG_10697,bulge2
5ZEP_7348,hairpin6
8QBT_15169,bulge2
8BF7_3238,3x3
3JBN_412,2x2
4UJD_567,3x3
6SV4_9036,bulge2
6LQP_1900,2x2
9MQ4_1186,bulge4
5LZF_6492,hairpin6
8UIZ_17288,bulge2
6T59_12187,hairpin5
8CRX_13196,bulge2
6QYZ_9158,hairpin6
6H58_10377,hairpin5
6ORE_484,bulge4
6RZZ_11950,hairpin5
7QEP_2814,3x3
7NHK_2535,3x3
6SPG_12102,hairpin5
8VKW_145,4x4
4D67_1597,bulge2
8R3V_3779,bulge3
5APN_18315,hairpin4
6GZ4_2323,hairpin3
7AS8_2394,3x3
8T2S_3695,bulge3
5MRF_6501,bulge2
7NHN_11155,bulge2
5UYK_381,bulge4
6VYU_9353,bulge2
8RJC_14663,bulge2
4V75_3768,bulge2
6YSS_2257,3x3
6RXX_11927,hairpin5
8ZTU_16836,bulge2
6WDK_9747,bulge2
6YHS_2241,3x3
7LHD_292,5x5
5XXB_7096,bulge2
8OM2_3363,3x3
8SYL_3498,2x2
6O9J_10988,hairpin5
6S0K_520,bulge4
9B0G_16867,bulge2
7LS2_10943,bulge2
6WDC_2141,3x3
7NQL_2674,2x2
8XXM_3854,2x2
8EVS_14148,bulge2
6GZX_2329,hairpin3
9E7F_4191,2x2
8TOC_3763,2x2
8FMW_14351,bulge2
3J9Z_405,2x2
7NRC_11170,bulge2
6ZXD_644,bulge4
5LI0_1957,bulge3
8FZG_3661,3x3
8G6Y_13490,bulge2
8QBT_3509,3x3
9BS0_3843,3x3
7MT7_11665,bulge2
7ACR_2379,3x3
6YLG_10078,bulge2
5V7Q_7164,hairpin6
6ZU1_10420,bulge2
7UQZ_3248,2x2
9NLQ_17251,bulge2
5LZD_6268,bulge2
8QBT_3511,3x3
6GC7_1681,3x3
6WQN_2332,2x2
6D90_9826,hairpin5
6O8W_10923,hairpin5
9D89_16560,bulge2
6GXP_10260,hairpin5
8XT1_15648,bulge2
8UQM_3905,bulge3
5WDT_7237,hairpin6
3JA1_1330,bulge2
5GAK_19030,hairpin4
6QTZ_11781,hairpin5
8G6W_3133,3x3
5LZE_6483,hairpin6
7NAU_11094,bulge2
4V66_3357,bulge2
3JBP_102,bulge4
5MRF_6679,hairpin6
6OGI_11111,hairpin5
8G7R_14902,bulge2
8FL9_3565,bulge3
5XXB_7100,bulge2
6WU9_2194,3x3
6Q95_1969,3x3
5GAK_14869,bulge1
9GGR_16751,bulge2
6MUS_1930,2x2
8P7Y_4157,2x2
5APO_283,bulge4
9NLE_4070,3x3
8FL2_3457,2x2
5LZA_6233,bulge2
6ZU9_10432,bulge2
6PJ6_9030,hairpin6
5LZV_1428,3x3
6XGF_2834,bulge3
6Q95_8741,bulge2
3J5L_390,2x2
7ST2_2868,3x3
9NLJ_4080,3x3
5UYK_6878,bulge2
7ACJ_10520,bulge2
3J6B_1373,hairpin7
6R7Q_8855,bulge2
6OFX_8585,hairpin6
5U9F_6830,bulge2
6OGF_11069,hairpin5
6TPQ_12308,hairpin5
6O9J_10981,hairpin5
5JUU_6336,hairpin6
7PAQ_2900,2x2
7QH4_2819,3x3
8QOA_3820,2x2
5T5H_6960,hairpin6
6U48_12310,hairpin5
5UQ7_6864,bulge2
8C8X_3337,2x2
9GHF_17098,bulge2
5LZW_334,bulge4
6MTD_8268,hairpin6
7Q4K_2978,3x3
8FZF_3623,3x3
9GHC_17056,bulge2
3Jan_1640,hairpin6
6HA1_8051,hairpin6
7B7D_10619,bulge2
5FLX_14832,bulge1
6WDC_9655,bulge2
4V74_1156,bulge3
6X6T_9858,bulge2
8K0S_15242,bulge2
6GZZ_10318,hairpin5
9H3V_3865,3x3
7OTC_2825,2x2
3J81_2069,hairpin5
9NLF_17217,bulge2
8VR4_16798,bulge2
7AFK_2961,bulge3
8D8K_3418,bulge3
9E7F_4190,2x2
9GFT_16724,bulge2
3JCT_2321,hairpin5
8APN_3200,2x2
6TBV_12246,hairpin5
8FL0_3455,2x2
7UNV_102,4x4
6V3D_2051,3x3
3J7A_394,2x2
8FL0_13736,bulge2
9F1C_15881,bulge2
3J45_4639,hairpin4
6HA1_7776,bulge2
7UVV_3079,3x3
8K4E_15752,bulge2
6GZZ_10324,hairpin5
3JBN_1645,hairpin6
7SYI_3076,2x2
6ORE_8777,hairpin6
9H3K_16567,bulge2
5UYM_9137,hairpin5
6ORL_8788,hairpin6
5AJ4_14290,bulge1
3J6B_1478,hairpin6
6TBV_12239,hairpin5
9B0Q_16889,bulge2
5V93_7179,hairpin6
5LZB_6463,hairpin6
5H1S_1437,2x2
8VR4_16800,bulge2
8UT0_16113,bulge2
5OQL_1642,2x2
4CSU_472,2x2
5GAE_5096,hairpin7
6WD5_9564,bulge2
9GGR_3923,3x3
6XYW_9985,bulge2
8OJ8_14822,bulge2
6ORL_11301,hairpin5
5IT7_15170,bulge1
7M4X_10980,bulge2
5IQR_1371,3x3
8QBT_15174,bulge2
5ND8_6532,bulge2
8PVK_3615,2x2
7ASE_10581,bulge2
8FTO_3600,bulge3
3JA1_2138,hairpin5
5UYL_7097,hairpin6
6N8N_10733,hairpin5
8PVK_14497,bulge2
6HCJ_10424,hairpin5
5AJ4_18270,hairpin4
7UNU_2923,3x3
6ZMI_10284,bulge2
6V3D_12375,hairpin5
9F58_17026,bulge2
6GZ5_1861,2x2
5UYQ_6939,bulge2
4V7B_927,3x3
7UNR_3117,2x2
5NGM_8762,hairpin5
6X7F_9875,bulge2
3J8G_1537,hairpin6
6C4H_9748,hairpin5
5IQR_19354,hairpin4
8VRL_16808,bulge2
8CMJ_14268,bulge2
6VYY_9390,bulge2
7K53_680,bulge4
5LZX_6531,hairpin6
3J9W_1305,bulge2
6MTE_10681,hairpin5
6K0A_7906,bulge2
5UMD_9085,hairpin5
6P5J_8935,hairpin6
5JU8_6071,bulge2
9NLS_4091,3x3
6T7I_9112,bulge2
8CIV_14250,bulge2
6R6G_11823,hairpin5
5MGP_1947,hairpin3
6ORL_1883,3x3
6Q8Y_9072,hairpin6
5IT7_15167,bulge1
8FL7_13768,bulge2
6PCT_2097,2x2
5MDZ_6412,bulge2
3J5L_2933,bulge1
6OGF_8324,bulge2
5UQ8_9105,hairpin5
9NLJ_17242,bulge2
3J79_4675,hairpin4
6SZS_12169,hairpin5
6Z6K_2437,2x2
6M62_7956,bulge2
6QT0_2629,hairpin3
6Q98_11691,hairpin5
9J3T_172,4x4
9J1M_16939,bulge2
5LZS_8327,hairpin5
6ZTL_10351,bulge2
9C6J_4205,2x2
6WDK_2800,bulge3
6OLZ_2021,2x2
9GHF_17100,bulge2
6HMA_7840,bulge2
6SZS_9079,bulge2
4V6P_950,2x2
8OM4_14612,bulge2
5MLC_8543,hairpin5
8VRL_4348,2x2
5XXB_9431,hairpin5
6Z6K_2440,2x2
5U9F_7034,hairpin6
8FL3_3554,bulge3
8FKY_13729,bulge2
8P8W_3798,3x3
3J7Z_2058,hairpin5
6W6P_2282,2x2
7NHM_11145,bulge2
8PHJ_3622,2x2
9GHA_4444,2x2
5AJ3_18256,hairpin4
8I9P_3363,2x2
8BF9_390,5x5
6I7O_10529,hairpin5
5ME1_6600,hairpin6
7NHK_3089,bulge3
8G61_13460,bulge2
6H4N_8019,hairpin6
8UQL_15403,bulge2
8IFB_3741,bulge3
6O90_8243,bulge2
3J9Y_2121,hairpin5
6OM0_2538,hairpin3
8FZG_15711,bulge2
6ZLW_2267,3x3
6OSK_11337,hairpin5
5AKA_18290,hairpin4
6O8Y_2508,bulge3
7MSZ_11640,bulge2
6GZ4_444,bulge4
8Y0X_3694,2x2
5UYQ_9190,hairpin5
6VYU_2076,3x3
6LSR_7933,bulge2
6O8W_10922,hairpin5
9L0R_4420,2x2
5LZZ_6545,hairpin6
7K00_10838,bulge2
5LZZ_2023,bulge3
6YDP_2862,bulge3
8OJ0_14800,bulge2
8FKY_3547,bulge3
8A22_324,5x5
6P5J_11498,hairpin5
7A5I_10482,bulge2
6PC6_8968,hairpin6
5WDT_393,bulge4
6GB2_7809,hairpin6
5OT7_6928,hairpin6
8URH_3915,bulge3
6GZQ_10301,hairpin5
6ERI_7723,hairpin6
4V75_902,3x3
6C4I_7354,bulge2
3J92_1547,hairpin6
7PAK_2766,3x3
5UQ7_7065,hairpin6
8RXH_15304,bulge2
6OG7_8310,bulge2
5NJT_6806,hairpin6
3J79_2009,hairpin5
6SPD_12075,hairpin5
5ZEB_2203,bulge3
6O8Y_8218,bulge2
6ZQB_628,bulge4
5UYN_6913,bulge2
6H58_7765,bulge2
6GZX_7999,hairpin6
6SV4_2700,hairpin3
6S0X_9259,hairpin6
6O90_10968,hairpin5
3Jan_618,hairpin3
6W7N_9494,bulge2
3JCE_2286,hairpin5
7NRC_11171,bulge2
4CE4_2417,hairpin5
8WIF_15149,bulge2
9B0H_16875,bulge2
8OJ0_14799,bulge2
5APN_1330,3x3
6WDG_9702,bulge2
7OQE_2629,3x3
8QOA_3516,3x3
4V75_3766,bulge2
6D90_9825,hairpin5
8OM3_3715,bulge3
8CGJ_13862,bulge2
7N2V_2515,3x3
7UNU_2925,3x3
6WD2_9536,bulge2
7BTB_10715,bulge2
6D9J_1785,2x2
8URX_3604,3x3
6TNU_9503,hairpin6
9GGR_16744,bulge2
6PC6_2086,2x2
5XXB_7311,hairpin6
5UYL_6889,bulge2
5T2A_1648,2x2
5T6R_6781,bulge2
7SS9_3055,2x2
6NEQ_8341,hairpin6
5ZEU_9506,hairpin5
6OLF_11169,hairpin5
6GXO_7681,bulge2
7LVK_11590,bulge2
5MYJ_2065,bulge3
8FLC_3571,bulge3
5MRC_6661,hairpin6
7L20_10922,bulge2
9FRK_4267,2x2
7M5D_11604,bulge2
9GHA_17038,bulge2
6PJ6_2099,2x2
3J6B_2947,bulge1
6SJ6_9308,hairpin6
6TBV_2025,3x3
6VYW_9366,bulge2
7MT3_11662,bulge2
5LMU_1492,2x2
6HCJ_10421,hairpin5
7OJ0_2720,2x2
8V9K_14697,bulge2
8TOC_3765,2x2
6P5I_8928,hairpin6
8FZE_15701,bulge2
6WD1_9519,bulge2
6N8J_8035,bulge2
6H58_8045,hairpin6
8OVJ_3560,3x3
8RQ2_15378,bulge2
8YOO_3954,2x2
4V77_3801,bulge2
9ESH_16490,bulge2
6ME0_7977,bulge2
6DDG_7422,bulge2
7CPJ_10720,bulge2
6T4Q_2715,hairpin3
4CSU_2421,hairpin5
7UVX_3084,3x3
6ELZ_7464,bulge2
6WDK_2168,3x3
5APN_18314,hairpin4
7M4U_3042,bulge3
6YBS_2390,2x2
8QPP_3632,2x2
6R6P_8851,bulge2
8T2Y_16388,bulge2
7JT2_2591,2x2
6GXM_10220,hairpin5
6HRM_10491,hairpin5
6TBV_12238,hairpin5
6HRM_10495,hairpin5
6WD5_9568,bulge2
5H1S_5110,hairpin7
9N2C_4437,2x2
6X7K_2820,bulge3
8XSX_15616,bulge2
6H58_2339,hairpin3
4V91_4564,bulge2
6ZTM_10361,bulge2
5APN_14342,bulge1
7S1G_2669,3x3
6LQM_10602,hairpin5
5ND8_6713,hairpin6
5MRC_6656,hairpin6
5MMJ_6643,hairpin6
6WD5_2773,bulge3
9F9S_16363,bulge2
6GZ5_10290,hairpin5
8RQ2_15382,bulge2
7K51_10864,bulge2
6O8Y_8216,bulge2
5LZX_6533,hairpin6
8FZG_3660,3x3
6VYY_9395,bulge2
7PHA_92,4x4
8T3D_16420,bulge2
8XSX_15613,bulge2
7OLD_2810,2x2
4V76_905,3x3
6DZI_7662,hairpin6
7PI9_12077,bulge2
6GXM_7654,bulge2
3JBO_1393,bulge2
6TB3_9463,hairpin6
5MYJ_6517,bulge2
4V6M_3570,bulge2
8G6X_3056,3x3
8YUR_3783,3x3
5JTE_311,bulge4
6TC3_2032,3x3
6GC7_10111,hairpin5
5LZY_6543,hairpin6
5UQ8_6873,bulge2
6S13_8950,bulge2
9L0R_4422,2x2
3J7Z_1525,hairpin6
7QV3_2832,3x3
8BQD_3261,2x2
8VKW_4340,2x2
4V6X_3678,bulge2
8CGN_14245,bulge2
5APO_1331,3x3
7PIO_2951,2x2
9HC4_17134,bulge2
8ZTV_16845,bulge2
9G8M_4120,2x2
5KPW_8162,hairpin5
6N8N_8308,hairpin6
6SPG_12106,hairpin5
5IMQ_15094,bulge1
8FLC_3572,bulge3
6SZS_9083,bulge2
6N8L_10714,hairpin5
8S8K_1132,bulge4
4UG0_191,bulge4
6PPK_9057,hairpin6
6GZZ_8011,hairpin6
6Q8Y_8728,bulge2
6LU8_10630,hairpin5
5TCU_9008,hairpin5
8PJ2_15839,bulge2
3J7O_1242,bulge2
7SSW_3064,2x2
6O90_8525,hairpin6
9GHF_17097,bulge2
5NWY_8811,hairpin5
6GSM_10189,hairpin5
9L0R_4413,2x2
8G2U_14403,bulge2
7MSH_11622,bulge2
7BTB_10713,bulge2
7P3K_2631,3x3
8UPO_15383,bulge2
3JAM_2195,hairpin5
7UNR_3115,2x2
5JUU_6111,bulge2
5AFI_4887,hairpin7
6OFX_8295,bulge2
3JAI_2175,hairpin5
8INK_13932,bulge2
6TB3_9462,hairpin6
8QPP_14569,bulge2
5LZX_153,5x5
6SWA_9064,bulge2
8FZJ_15738,bulge2
3Jan_1639,hairpin6
9NLH_1220,bulge4
6LSS_8227,hairpin6
3J5L_1992,hairpin5
8XT0_3965,bulge3
5IQR_5202,hairpin7
9FPZ_15573,bulge2
5AN9_5539,bulge2
6Q8Y_8733,bulge2
5ME0_6423,bulge2
5KPV_8138,hairpin5
5IT9_15221,bulge1
6P5I_2584,hairpin3
8KIE_15895,bulge2
6LU8_7949,bulge2
9J6Y_16943,bulge2
6VZ5_2747,bulge3
6WDB_9635,bulge2
9NLQ_4222,bulge3
6V3A_2045,3x3
3J92_1290,bulge2
5UMD_9082,hairpin5
6R6P_11831,hairpin5
6GC8_7852,hairpin6
5MDV_6383,bulge2
8CGK_3467,2x2
6WDA_9625,bulge2
5U9G_6845,bulge2
6QZP_256,bulge5
6O8W_8485,hairpin6
5JTE_15666,bulge1
6YSR_2249,3x3
6PCQ_11579,hairpin5
8CIV_3553,2x2
6ERI_9962,hairpin5
7PAI_2873,2x2
8JSG_14786,bulge2
4V7E_930,3x3
9H3P_4279,2x2
7JSS_10768,bulge2
5JB3_15596,bulge1
5ANB_14319,bulge1
7CPV_2670,3x3
7BGD_10631,bulge2
3JAI_2184,hairpin5
9L0R_4405,2x2
3J9Z_2134,hairpin5
6X7K_9881,bulge2
4CSU_1842,hairpin6
6GQB_10138,hairpin5
7LV0_10954,bulge2
6S13_12002,hairpin5
7M4X_10986,bulge2
6WD0_9505,bulge2
6RZZ_8911,bulge2
3JCE_467,bulge3
8EIU_12916,bulge2
3J3W_4626,hairpin4
6PC7_8974,hairpin6
8P8V_4166,2x2
6TH6_2034,3x3
6QIK_11739,hairpin5
7CPJ_10722,bulge2
6YS3_10104,bulge2
7LHD_2759,2x2
6YSS_10126,bulge2
8VRL_16813,bulge2
8P60_13606,bulge2
5WLC_9364,hairpin5
5NCO_6698,hairpin6
3JCT_647,hairpin3
6OLZ_8698,hairpin6
6WD5_9567,bulge2
7NHK_11122,bulge2
6Q98_11701,hairpin5
9H3S_16593,bulge2
9KPO_395,bulge5
6X7F_2817,bulge3
6HD7_7808,bulge2
5MC6_8441,hairpin5
6HD7_2356,hairpin3
8OM3_3650,2x2
5LZU_6310,bulge2
9FRK_4266,2x2
6VU3_9265,bulge2
9NLH_4218,bulge3
7JSW_673,bulge4
6WDB_2307,2x2
6OST_8542,bulge2
6ZTN_2922,bulge3
7M4V_10965,bulge2
5T2A_8928,hairpin5
6I7O_10533,hairpin5
5ZEP_7358,hairpin6
3JBU_1667,hairpin6
6OST_8837,hairpin6
6QTZ_9145,hairpin6
6ZTL_10358,bulge2
4V6Y_876,3x3
6RXV_2659,hairpin3
8UKB_16237,bulge2
6FEC_1816,2x2
8SYL_13983,bulge2
4V76_3789,bulge2
6P5J_8643,bulge2
6VYX_2256,2x2
6ZVK_10445,bulge2
6O8Z_10963,hairpin5
5KPV_8141,hairpin5
6ZXD_2336,3x3
6SPD_9009,bulge2
6Q9A_11709,hairpin5
7PJX_290,5x5
5U9G_6842,bulge2
8B6C_3234,2x2
7PAI_11913,bulge2
3JCJ_1438,bulge2
6SPG_9034,bulge2
8FIZ_13219,bulge2
5NGM_6622,bulge2
6R6G_9182,hairpin6
6PJ6_9028,hairpin6
6N8K_2438,hairpin3
6HCF_2404,bulge3
7JT3_10819,bulge2
6I7O_7871,bulge2
8TOC_1020,bulge4
5KPW_6156,bulge2
8YUQ_4027,bulge3
3JAG_96,bulge4
6H58_7752,bulge2
6PC6_8673,bulge2
6HCQ_10442,hairpin5
8FZJ_15742,bulge2
6TBV_9153,bulge2
7NWW_11690,bulge2
6ZV6_2328,3x3
6P4H_11471,hairpin5
8Y36_15784,bulge2
7NAS_11086,bulge2
6GWT_1694,3x3
5M1J_6361,bulge2
5NO2_6643,bulge2
8RPY_15357,bulge2
5AFI_1319,3x3
5LZC_6257,bulge2
5X8P_9411,hairpin5
4UY8_571,3x3
9NLJ_4219,bulge3
8PJ6_3715,3x3
3JCS_1457,bulge2
4V6U_3656,bulge2
5APO_18329,hairpin4
3J9Z_604,hairpin3
6TPQ_12304,hairpin5
8RCS_14976,bulge2
5LZV_1917,hairpin3
4V70_885,3x3
5WFS_7039,bulge2
6YWX_262,bulge5
5X8R_9418,hairpin5
8QYX_1156,bulge4
6HTQ_10502,hairpin5
6WD3_2769,bulge3
6TMF_9184,bulge2
7PAM_2886,2x2
6PC5_8956,hairpin6
5ND9_6719,hairpin6
3JBP_2231,hairpin5
8OVE_14490,bulge2
5OPT_2059,hairpin3
5IT7_15162,bulge1
8FKY_13731,bulge2
5V7Q_6950,bulge2
6OGG_11082,hairpin5
8EWC_14169,bulge2
6SPD_9012,bulge2
8OM4_3717,bulge3
7BL3_659,bulge4
6N8M_10721,hairpin5
5T7V_8973,hairpin5
5TC1_7001,hairpin6
3J79_2964,bulge1
7ZP8_3158,2x2
5IMR_19308,hairpin4
6WD5_9569,bulge2
6GXP_10257,hairpin5
6GZ4_10280,hairpin5
7N30_691,bulge4
6Z6M_10236,bulge2
8RQ0_15374,bulge2
6OSK_8528,bulge2
8PV6_976,bulge4
6LQS_10610,hairpin5
8KAB_3701,3x3
8GLP_330,bulge5
9HAL_3879,3x3
6N8J_10695,hairpin5
6RXU_516,bulge4
6PCR_2602,hairpin3
6YSU_10146,bulge2
6GZ4_1857,2x2
5JTE_19977,hairpin4
6O8Z_8521,hairpin6
4V4N_84,5x5
5WE6_9316,hairpin5
5AFI_14225,bulge1
5LZB_8268,hairpin5
7NAT_11092,bulge2
8CGK_13821,bulge2
6D9J_9837,hairpin5
6VYT_2073,3x3
6WUB_9845,bulge2
8P8B_4160,2x2
6T7I_9117,bulge2
7QV2_306,5x5
4V76_907,3x3
3JCN_2309,hairpin5
5WFK_2172,bulge3
7M5D_2774,2x2
6S0Z_11985,hairpin5
7AF8_2955,bulge3
6H58_10362,hairpin5
6SNT_523,bulge4
6WDC_2309,2x2
8QCQ_3513,3x3
6V3B_9238,bulge2
5NP6_6658,bulge2
6GAZ_7808,hairpin6
8FKS_913,bulge4
5MMM_8565,hairpin5
8QHU_16697,bulge2
8P8V_16214,bulge2
6SNT_9322,hairpin6
3JBO_2220,hairpin5
8BPO_3440,2x2
6N8J_10691,hairpin5
9H3O_4278,2x2
5LZC_8279,hairpin5
5NGM_6621,bulge2
6NEQ_1777,3x3
6RM3_8900,bulge2
7OOD_2817,2x2
6C4I_9754,hairpin5
6TNN_2037,3x3
8G5Z_13445,bulge2
8RCL_3499,3x3
8G7Q_3414,3x3
5O60_6863,hairpin6
8G7P_3411,3x3
6FTI_10005,hairpin5
8G7R_415,5x5
6HRM_10489,hairpin5
5JUU_6105,bulge2
7K55_10905,bulge2
8IP8_14767,bulge2
7PIS_12160,bulge2
8PV6_14391,bulge2
5JBH_19880,hairpin4
5ZEP_9494,hairpin5
9BLN_3750,3x3
5IMR_19328,hairpin4
8WIB_15126,bulge2
6HTQ_2367,hairpin3
5APN_14329,bulge1
3J7R_2043,hairpin5
8FZE_3977,bulge3
8QHU_16694,bulge2
3J5L_1216,bulge2
6GQ1_1684,3x3
5AJ3_1321,3x3
4V6Q_862,3x3
9GHA_4445,2x2
6PCQ_8997,hairpin6
8UU9_3794,2x2
7B5K_2399,3x3
5LZD_1500,2x2
9FCO_4150,bulge3
5GAE_14843,bulge1
8R8M_15770,bulge2
7AC7_2366,3x3
7MSM_11633,bulge2
7CPV_11562,bulge2
6VYW_9367,bulge2
5JTE_6053,bulge2
5ND9_1990,hairpin3
3JCJ_470,bulge3
7N2U_3064,bulge3
3JAI_1621,hairpin6
7ZPI_3192,2x2
6DNC_9869,hairpin5
7NAD_12769,bulge2
8Y0X_14731,bulge2
6O8W_8484,hairpin6
5LZE_6486,hairpin6
3JCE_2278,hairpin5
8UIY_4093,3x3
9NL5_17169,bulge2
6OSK_2562,hairpin3
5AFI_14216,bulge1
6ZTJ_634,bulge4
6AWD_7175,bulge2
6OGI_8619,hairpin6
8V9K_3682,2x2
8R55_14623,bulge2
7SSO_2861,3x3
7K55_10906,bulge2
5IMQ_19277,hairpin4
6VYR_2717,bulge3
6PCT_11615,hairpin5
9FBV_15564,bulge2
3J79_2967,bulge1
4V7A_3838,bulge2
6OKK_2542,bulge3
6Q9A_2115,2x2
5H4P_14913,bulge1
6HCQ_8101,hairpin6
6XII_9948,bulge2
5M1J_6367,bulge2
6O8X_2506,bulge3
6S13_9284,hairpin6
5WLC_2131,hairpin3
7OLC_11750,bulge2
8PFR_15553,bulge2
6SPE_9014,bulge2
6WDE_2312,2x2
6VZ2_9416,bulge2
6TH6_12266,hairpin5
8CGD_13855,bulge2
5JTE_19955,hairpin4
4V8T_4503,bulge2
8T3E_16426,bulge2
6XGF_2836,bulge3
8Y39_3699,3x3
6S0X_9265,hairpin6
4V73_3749,bulge2
5AJ0_4890,hairpin7
4V5H_3119,bulge2
8CGK_13820,bulge2
5NP6_6662,bulge2
6H58_8029,hairpin6
8Y39_4000,bulge3
6YAN_592,bulge4
9NKL_17163,bulge2
4V69_3393,bulge2
9J1M_16935,bulge2
6YWX_10184,bulge2
6GZ5_1859,2x2
5LZU_8352,hairpin5
6S47_8953,bulge2
8UQM_15418,bulge2
6UZ7_9542,hairpin6
5X8R_7296,hairpin6
5GAE_292,bulge4
5APN_18325,hairpin4
6R6P_8849,bulge2
3J7Z_1531,hairpin6
6GQB_2298,hairpin3
9HC4_4040,3x3
3J6B_4668,hairpin4
6OGI_11100,hairpin5
6HRM_2407,bulge3
5WE6_7255,hairpin6
6ZSB_2472,2x2
6T7T_9125,bulge2
6SWE_12153,hairpin5
6V39_9558,hairpin6
6ZTN_2306,3x3
5WFS_7038,bulge2
7OLC_739,bulge4
6VLZ_9588,hairpin6
7K52_2601,2x2
5LZV_6326,bulge2
5AKA_1397,2x2
6VZ7_9440,bulge2
6ZJ3_611,bulge4
6OUO_2596,bulge3
6O90_8239,bulge2
8Y38_15802,bulge2
6YWX_10182,bulge2
8CGK_3203,3x3
9B1X_4004,3x3
6VYX_2255,2x2
6VYX_9380,bulge2
8JSG_14787,bulge2
8JIV_15201,bulge2
8HL2_14269,bulge2
6O9K_10999,hairpin5
7K00_677,bulge4
6VYZ_2737,bulge3
3JCT_1458,bulge2
7NRD_11184,bulge2
3J7Z_1533,hairpin6
3JBV_103,bulge4
6N8N_8055,bulge2
9NJF_17136,bulge2
6O9K_8543,hairpin6
8FLB_3568,bulge3
5NJT_8775,hairpin5
7R4X_3017,3x3
8Y0U_14716,bulge2
6VZ3_9424,bulge2
5NO4_2092,bulge3
4V75_3773,bulge2
5KPX_8173,hairpin5
6XA1_9901,bulge2
3JA1_1335,bulge2
3J9W_1572,hairpin6
6ZM7_10269,bulge2
6ZMI_10292,bulge2
6ZTM_2302,3x3
8INK_3617,bulge3
3J80_2066,hairpin5
6ENJ_9933,hairpin5
9L0R_174,4x4
5ZEP_7359,hairpin6
5AJ3_18251,hairpin4
5OQL_364,bulge4
4V4W_862,bulge3
8EUB_14126,bulge2
5WFS_2173,bulge3
6EM1_7683,hairpin6
6OIG_11117,hairpin5
8YUS_16177,bulge2
8IPA_3711,2x2
7NHL_11128,bulge2
8V9L_14700,bulge2
6S0X_9260,hairpin6
4V74_3763,bulge2
8CG8_14235,bulge2
6P5I_11475,hairpin5
6Q95_9077,hairpin6
6OGI_8346,bulge2
6X7K_9884,bulge2
7MSM_297,bulge5
6LQM_7920,bulge2
7QV1_305,5x5
6XA1_573,bulge4
5AJ3_14275,bulge1
8P17_15343,bulge2
8RDW_14875,bulge2
6ZM6_2446,2x2
7NHM_2664,2x2
9GFT_4119,bulge3
8Y37_15790,bulge2
6PCS_11599,hairpin5
5APO_14353,bulge1
7WTT_2936,3x3
8Y0X_14729,bulge2
8OHD_3749,bulge3
9B0F_16851,bulge2
6FXC_7548,bulge2
6VYQ_2067,3x3
6GWT_10195,hairpin5
6D9J_2247,hairpin3
8G60_13450,bulge2
6O8Y_10952,hairpin5
5ND9_2069,bulge3
6QDW_1977,3x3
7PNZ_2806,3x3
6QTZ_8816,bulge2
4V6T_234,bulge4
5ZEU_2208,bulge3
5AA0_1388,2x2
7LV0_10948,bulge2
8BHP_3510,2x2
6SKG_12043,hairpin5
6T7I_530,bulge4
8IA0_3380,2x2
5H4P_14904,bulge1
6ORE_8486,bulge2
6X7K_9883,bulge2
6S0Z_8938,bulge2
5MDW_1938,hairpin3
4V72_1153,bulge3
6T59_9110,bulge2
4CSU_437,3x3
6LU8_1916,2x2
6WD2_9528,bulge2
4UY8_2530,bulge2
6S12_9274,hairpin6
6ERI_7720,hairpin6
7JIL_669,bulge4
8OJ0_3751,bulge3
5WLC_7044,bulge2
7JT3_2453,3x3
9FRA_16534,bulge2
8PJ5_15844,bulge2
8KAB_15824,bulge2
6ZTO_2925,bulge3
3J7O_2986,bulge1
6FF4_7503,bulge2
7PAS_12003,bulge2
6OUO_8587,bulge2
8P8B_4159,2x2
3JAG_609,hairpin3
6TC3_2736,hairpin3
9GHD_17071,bulge2
3JCD_1689,hairpin6
6GZX_7998,hairpin6
5T6R_2076,hairpin3
5U4I_9042,hairpin5
8PKL_14940,bulge2
6OGG_11086,hairpin5
9L0R_184,4x4
6PVK_9066,hairpin6
7BHP_2559,2x2
6GC8_430,bulge4
3JBO_1650,hairpin6
6GXP_10258,hairpin5
6GXO_7952,hairpin6
3JBO_2222,hairpin5
6O8W_10918,hairpin5
7JT1_10799,bulge2
8WHX_3819,bulge3
5MMJ_8555,hairpin5
6Y69_587,bulge4
6MTC_10666,hairpin5
6MTE_8274,hairpin6
6SPF_9357,hairpin6
3J92_1284,bulge2
8B6C_3020,3x3
6TH6_12268,hairpin5
7QGU_2815,3x3
8FIZ_3063,3x3
5UYP_9181,hairpin5
5UYN_9161,hairpin5
6H58_8041,hairpin6
3JAI_1627,hairpin6
6MTC_10667,hairpin5
7BOE_10683,bulge2
3J8G_2074,hairpin5
4V6N_947,2x2
8UQP_3898,2x2
5LZU_6511,hairpin6
6WDA_2305,2x2
6FT6_9992,hairpin5
6OLZ_2534,hairpin3
9FHL_4085,bulge3
6VZ3_9418,bulge2
8K0P_3860,2x2
8INF_381,5x5
7RYH_2838,3x3
8P8B_4162,2x2
5MGP_6447,bulge2
6VWM_9286,bulge2
4V73_3752,bulge2
5APN_18320,hairpin4
9NJV_17154,bulge2
6HMA_10483,hairpin5
5WFS_9354,hairpin5
6GZX_8005,hairpin6
7CPJ_10718,bulge2
7UNW_3127,2x2
6MTD_8015,bulge2
8QYX_16377,bulge2
8FZI_15729,bulge2
6WD5_9574,bulge2
6WDG_9695,bulge2
7QH4_3015,2x2
3JAI_1624,hairpin6
6OM7_8440,bulge2
8FL4_13752,bulge2
6ORL_8501,bulge2
9H3P_16580,bulge2
6S0K_11964,hairpin5
6OLI_11185,hairpin5
6OLF_8673,hairpin6
6P4H_1936,3x3
4V77_3796,bulge2
6HA8_10397,hairpin5
5LZS_8325,hairpin5
5JTE_15676,bulge1
6SGC_8968,bulge2
8UQP_3908,bulge3
7JIL_10755,bulge2
6RXV_2152,2x2
8FZE_1077,bulge4
8OHD_14791,bulge2
6SWA_9066,bulge2
6O9J_10993,hairpin5
6FXC_7775,hairpin6
8VIO_16776,bulge2
6YEF_10069,bulge2
8P8V_3795,3x3
8UPO_15384,bulge2
6DDG_9857,hairpin5
5IMR_15129,bulge1
8FKW_920,bulge4
5MC6_6566,hairpin6
9B0F_3958,3x3
8P18_3883,bulge3
5LI0_8200,hairpin5
9NJV_4047,3x3
5ND9_6547,bulge2
9H3R_16588,bulge2
9GFT_16725,bulge2
6V3B_12372,hairpin5
6SWA_12147,hairpin5
6S0Z_9271,hairpin6
6XDQ_2208,3x3
5MYJ_8603,hairpin5
5WE4_9301,hairpin5
7MSZ_11636,bulge2
5TCU_6807,bulge2
9FS8_16551,bulge2
6I7O_7880,bulge2
8XSY_15624,bulge2
6O8Z_10955,hairpin5
5IMR_19325,hairpin4
6GBZ_10081,hairpin5
5IMR_19323,hairpin4
5M1J_6559,hairpin6
6OM6_8713,hairpin6
8P16_3874,2x2
6YSR_10116,bulge2
6SKG_12048,hairpin5
3JCJ_2297,hairpin5
6I0Y_455,bulge4
5WE4_9305,hairpin5
8RDV_3735,2x2
4CSU_686,hairpin3
6HD7_7811,bulge2
5U9F_9058,hairpin5
7JIL_10749,bulge2
8RCT_3795,bulge3
8QRK_3926,2x2
6GBZ_10074,hairpin5
5ND8_6539,bulge2
8PK0_14525,bulge2
6G5I_7793,hairpin6
6MTC_8007,bulge2
8XZ3_15829,bulge2
6V39_9557,hairpin6
8SYL_3623,bulge3
9GUS_3821,3x3
3J5L_2923,bulge1
5MRE_8586,hairpin5
5MGP_6625,hairpin6
3J6B_2006,hairpin5
6WDK_9748,bulge2
6WDR_9775,bulge2
4V4V_859,bulge3
5M1J_6557,hairpin6
9GHG_17112,bulge2
8AYE_3032,3x3
5JTE_1375,3x3
5KPW_1480,2x2
7PAS_12005,bulge2
5ANC_4927,hairpin7
6PCT_9022,hairpin6
5GAK_19039,hairpin4
7JT2_2998,bulge3
5H1S_5109,hairpin7
8FZG_15712,bulge2
6FAI_9974,hairpin5
6HCM_10426,hairpin5
6YSS_598,bulge4
3JCD_2268,hairpin5
6LQQ_1901,2x2
5T5H_6768,bulge2
6AWC_7388,hairpin6
5O60_6692,bulge2
6WD3_9544,bulge2
6QDW_9111,hairpin6
9GHC_17064,bulge2
6XDQ_2826,bulge3
9NLS_17262,bulge2
8RXH_1039,bulge4
8OJ5_14808,bulge2
8FKW_3451,2x2
6MTB_1919,2x2
8BN3_3640,2x2
8PEG_3773,bulge3
6ORE_11288,hairpin5
3JCN_2303,hairpin5
6QDV_8768,bulge2
9GGR_16742,bulge2
6ZQE_2463,2x2
8QBT_15167,bulge2
6TB3_9459,hairpin6
8FKP_910,bulge4
5JUS_6093,bulge2
5XYI_9447,hairpin5
4V75_3771,bulge2
6V3D_12376,hairpin5
5IQR_19358,hairpin4
5AA0_1311,3x3
6ORL_2035,2x2
5LZB_1988,bulge3
5LKS_6426,hairpin6
3J9W_600,hairpin3
6O8Y_8507,hairpin6
8UU7_3787,2x2
6OM7_11225,hairpin5
5JCS_19940,hairpin4
6SV4_9042,bulge2
7MSH_11624,bulge2
5AFI_14231,bulge1
3JBV_1674,hairpin6
3J8G_1545,hairpin6
8URY_3923,bulge3
7PAT_2910,2x2
4A2I_486,bulge3
4V69_3394,bulge2
5AJ4_18266,hairpin4
4V4B_809,bulge3
5UYQ_9195,hairpin5
5MDY_8477,hairpin5
8RQ0_3582,3x3
6HA8_8068,hairpin6
8FL6_3558,bulge3
7AQC_10549,bulge2
8P7Y_16198,bulge2
6PC5_8671,bulge2
8P2H_3544,3x3
8CGV_13873,bulge2
6GSN_437,bulge4
4V6Y_3683,bulge2
9NLE_4071,3x3
5LZB_6244,bulge2
8VK0_4334,2x2
8JDJ_3342,3x3
6AWC_7169,bulge2
6ENU_9952,hairpin5
4V6P_3608,bulge2
5WE4_9311,hairpin5
6H58_7771,bulge2
7DVQ_2988,bulge3
6ZM5_2269,3x3
9GGR_4327,2x2
6ENJ_2341,bulge3
8Q4F_15850,bulge2
8RQ0_3581,3x3
5APO_4936,hairpin7
7ZW0_3162,2x2
8I7N_341,5x5
6Y6X_588,bulge4
8FZH_3666,3x3
5UYK_6877,bulge2
7NAR_3075,bulge3
3J9Y_455,bulge3
7OHR_11387,bulge2
6ERI_9960,hairpin5
6GB2_10069,hairpin5
5K0Y_8121,hairpin5
6Q8Y_11662,hairpin5
6ZTO_10391,bulge2
6PCH_8691,bulge2
7NHM_11143,bulge2
6VYR_2070,3x3
5LZC_1407,3x3
6YST_10139,bulge2
5LZB_8261,hairpin5
8B5L_334,5x5
5AFI_18215,hairpin4
8IFC_3399,3x3
6SZS_9412,hairpin6
7N30_11058,bulge2
6TNU_9193,bulge2
3JBP_1400,bulge2
6YLX_10087,bulge2
6HA1_1727,3x3
8CGI_3218,3x3
8IPD_13939,bulge2
7OIG_2716,3x3
4D67_1594,bulge2
7OHS_11388,bulge2
8IFC_14753,bulge2
7AFN_2388,3x3
8FL2_13738,bulge2
5LZU_332,bulge4
6OUO_11417,hairpin5
3JCD_2270,hairpin5
3J7R_2048,hairpin5
5U9F_9056,hairpin5
8E3M_3425,2x2
7M5D_2683,3x3
3J79_2010,hairpin5
6HTQ_10503,hairpin5
6PJ6_11631,hairpin5
6H58_7772,bulge2
8ZTV_3954,3x3
6HRM_10492,hairpin5
6FRK_7511,bulge2
6GZZ_7735,bulge2
6ZOJ_2450,2x2
6HRM_10499,hairpin5
5O2R_8820,hairpin5
9F1C_15878,bulge2
5ZLU_7377,hairpin6
5ND9_8646,hairpin5
6AZ3_7180,bulge2
5L3P_6412,hairpin6
4V6P_3601,bulge2
6VYZ_9397,bulge2
5MC6_340,bulge4
6LQT_1907,2x2
9H3Y_4290,2x2
6DZP_7668,hairpin6
8Y39_15814,bulge2
6Q9A_8761,bulge2
7PAN_2770,3x3
5LZT_8345,hairpin5
8EUB_14128,bulge2
3JA1_2142,hairpin5
6DZI_9876,hairpin5
6N8M_8302,hairpin6
4V8Y_257,bulge4
7A5I_10484,bulge2
7O19_2577,3x3
8P2K_13825,bulge2
5WF0_9336,hairpin5
8P7X_16193,bulge2
6P5N_8947,hairpin6
3J80_1273,bulge2
8CMJ_14265,bulge2
7O1A_2583,3x3
6Z6J_10212,bulge2
6GXM_439,bulge4
6O8X_8207,bulge2
9GHG_17105,bulge2
7PIT_12174,bulge2
6P5K_8651,bulge2
6DDG_9854,hairpin5
3J7Z_1271,bulge2
6I7O_1892,2x2
6QDW_1978,3x3
6Y57_10026,bulge2
5LMT_6444,hairpin6
6ENF_7478,bulge2
8R55_14625,bulge2
7AS9_2546,2x2
8G7S_14915,bulge2
5AFI_14233,bulge1
5U4I_9047,hairpin5
8PV2_14367,bulge2
5O60_6697,bulge2
8FZI_3966,2x2
6GAZ_10065,hairpin5
6V3A_12359,hairpin5
8G5Y_13433,bulge2
6QKL_9119,hairpin6
5LZS_1511,2x2
8HU1_3529,3x3
4V6Y_877,3x3
6V39_12342,hairpin5
9GHA_17036,bulge2
5T2C_6950,hairpin6
6PC5_11537,hairpin5
9H3U_1177,bulge4
6X7F_2199,3x3
8FZD_15689,bulge2
9NKL_4053,3x3
3J7A_2015,hairpin5
5LKS_1866,hairpin3
6H58_10376,hairpin5
8JDL_980,bulge4
7JSZ_2441,3x3
7N2U_2512,3x3
8I9W_3147,3x3
8BGH_3246,3x3
6Q98_11702,hairpin5
7N2V_2635,2x2
6SZS_2017,3x3
6LSR_7937,bulge2
5OOL_8900,hairpin5
9NL5_4055,3x3
3J7Y_1519,hairpin6
9B0R_4147,bulge3
6H58_8039,hairpin6
9GHA_17042,bulge2
4V7B_926,3x3
7AQC_10551,bulge2
6O8Z_8518,hairpin6
8QOI_15498,bulge2
8Y0W_3693,2x2
5MDV_6384,bulge2
3J7P_1503,hairpin6
8WHY_15102,bulge2
7OT5_2820,2x2
6WDB_9636,bulge2
5LZW_1430,3x3
7PAR_3263,bulge3
8QCQ_15183,bulge2
5U9F_6831,bulge2
8ANA_3028,3x3
6WDJ_564,bulge4
6GQV_10155,hairpin5
8IR3_13970,bulge2
5OOM_6920,hairpin6
8OVJ_15296,bulge2
7AC7_10507,bulge2
6YWX_10188,bulge2
7CPJ_10723,bulge2
9FNY_16517,bulge2
7M4X_2496,3x3
6OLZ_8696,hairpin6
6ZTO_10388,bulge2
5T6R_6971,hairpin6
7OHX_2607,3x3
5AFI_5508,bulge2
6ENU_7712,hairpin6
7SSW_2864,3x3
8WI7_15108,bulge2
6S47_12009,hairpin5
4D61_118,bulge4
9N2C_16973,bulge2
4V6L_942,2x2
8VKI_4338,2x2
6Q95_11676,hairpin5
6ENU_7706,hairpin6
6ZTP_10399,bulge2
7QGU_3014,2x2
5LZF_6493,hairpin6
7PAS_2907,2x2
6GZQ_2385,bulge3
5LZS_1506,2x2
8URY_3611,3x3
7K51_10854,bulge2
6ERI_2346,bulge3
6PJ6_9031,hairpin6
6GQV_7876,hairpin6
6PPF_9043,hairpin6
6P5I_8642,bulge2
6R84_8863,bulge2
5MRC_8573,hairpin5
8CVM_13140,bulge2
8YUO_4023,bulge3
9G06_16928,bulge2
9HA3_16631,bulge2
8HU1_15233,bulge2
5JCS_19944,hairpin4
3J6B_2943,bulge1
5MRE_2058,bulge3
8XTS_16712,bulge2
5V93_2115,hairpin3
5MDW_8465,hairpin5
8FZF_15541,bulge2
6OLI_8690,hairpin6
8WI7_15104,bulge2
6ZSC_2909,bulge3
6C4I_9759,hairpin5
8FLE_13801,bulge2
7OLC_11749,bulge2
6WRS_9826,bulge2
6W6L_78,4x4
8EKC_12856,bulge2
6GC8_1683,3x3
5KPX_8179,hairpin5
8OHD_3718,2x2
7MT7_11670,bulge2
5JCS_19934,hairpin4
6V39_9552,hairpin6
6ENU_7711,hairpin6
8K2D_15599,bulge2
5UYL_7096,hairpin6
9B0Q_3966,3x3
8SYL_3232,3x3
5AKA_18281,hairpin4
6TNN_12282,hairpin5
5LMS_6442,hairpin6
6QUL_11784,hairpin5
5IMQ_5801,bulge2
6SJ6_8970,bulge2
5UYN_6914,bulge2
6MTC_8005,bulge2
9H3L_4277,2x2
8S1P_3607,3x3
7XNY_3317,2x2
4V6O_3599,bulge2
5L3P_6410,hairpin6
5AA0_5491,bulge2
8I9R_3521,bulge3
5MGP_6624,hairpin6
6O7K_2502,bulge3
8CED_3353,3x3
4V6X_237,bulge4
7MT3_11655,bulge2
3J9W_450,bulge3
9FRA_16535,bulge2
6GXO_10240,hairpin5
6N8L_1774,3x3
3J79_4679,hairpin4
8T3E_16424,bulge2
6OFX_8297,bulge2
6FTI_10007,hairpin5
6XDR_9926,bulge2
6QIK_8780,bulge2
8A57_3165,2x2
6FXC_7542,bulge2
8PJ3_3709,3x3
9H3Q_16583,bulge2
6G18_10047,hairpin5
6FXC_10040,hairpin5
5U9F_9057,hairpin5
5UMD_7046,hairpin6
9J3R_150,4x4
5MDV_8452,hairpin5
9H3Z_16623,bulge2
6QZP_11804,hairpin5
5IT7_15171,bulge1
5NP6_6820,hairpin6
6GXO_7680,bulge2
6RZZ_11947,hairpin5
9MOR_16670,bulge2
5ANB_18296,hairpin4
7PAQ_11983,bulge2
7M4Z_11002,bulge2
3J9Z_1592,hairpin6
5OT7_6936,hairpin6
5O61_6707,bulge2
8P16_3563,3x3
9F1D_15887,bulge2
6ENF_9921,hairpin5
9N2C_1204,bulge4
8RCL_3502,3x3
5AKA_5528,bulge2
8P8W_4171,2x2
8P8U_15490,bulge2
8IDT_13891,bulge2
9NLS_17258,bulge2
6PCQ_8698,bulge2
7P7R_2845,2x2
5MDV_8443,hairpin5
6DNC_7643,hairpin6
9HA6_16638,bulge2
6LQM_8212,hairpin6
8FZD_15688,bulge2
3J7R_2049,hairpin5
9GUP_16286,bulge2
6ENU_7709,hairpin6
4V6Y_3690,bulge2
6OM6_11206,hairpin5
8IR3_388,5x5
7K50_2596,2x2
8CSQ_3407,bulge3
8RCL_15162,bulge2
8EVQ_3523,2x2
6G5I_10053,hairpin5
4V77_912,3x3
4CE4_436,3x3
6Q98_9089,hairpin6
8P2K_3206,3x3
8FLA_13779,bulge2
8IR3_3496,2x2
5ZEP_7354,hairpin6
4D61_444,3x3
5GAE_1354,3x3
4V79_3815,bulge2
8UIZ_17282,bulge2
6O90_8532,hairpin6
6S13_9286,hairpin6
8CVO_13143,bulge2
6WRS_2190,3x3
8RJC_14659,bulge2
7JIL_2427,3x3
3J8G_398,2x2
9FS8_4271,2x2
6PCR_9007,hairpin6
5IMQ_15110,bulge1
5FLX_14842,bulge1
6WDL_9758,bulge2
7TTW_3098,2x2
7PAQ_3261,bulge3
6G5H_10050,hairpin5
6ORL_11298,hairpin5
8S8H_15978,bulge2
6WU9_9841,bulge2
9HAI_1183,bulge4
6TPQ_12305,hairpin5
6OLZ_11189,hairpin5
8FL9_13775,bulge2
6DZK_7455,bulge2
7OHW_2606,3x3
6OLG_11171,hairpin5
6GQB_7873,hairpin6
6NU3_8400,hairpin6
6O9J_8535,hairpin6
6O9K_8551,hairpin6
9F9S_16358,bulge2
4V6R_3619,bulge2
6WDA_9631,bulge2
9N2C_3997,3x3
9J1M_3978,3x3
6W6L_9470,bulge2
6SPG_9367,hairpin6
5MDW_6397,bulge2
6VWN_9300,bulge2
6AWC_7389,hairpin6
6YWE_10164,bulge2
8Y0W_3690,2x2
7K54_10893,bulge2
8YUQ_16146,bulge2
4V4N_839,bulge3
6ZSB_10324,bulge2
7O5B_2791,2x2
6SKF_12037,hairpin5
5IMQ_1455,2x2
5IMQ_5187,hairpin7
5GAK_5101,hairpin7
7JT1_10801,bulge2
6MTB_10661,hairpin5
6Z6L_2884,bulge3
8OJ0_14807,bulge2
7NAR_2529,3x3
3J7R_1514,hairpin6
6WDM_2174,3x3
5IMR_15126,bulge1
5UYN_6917,bulge2
6OM7_2542,hairpin3
9F1D_4009,bulge3
6UZ7_9547,hairpin6
9GGR_3924,3x3
9GFT_4115,bulge3
9GHD_17068,bulge2
6WDA_9628,bulge2
3J9Y_2114,hairpin5
5ME0_6597,hairpin6
6EM1_7468,bulge2
5LZV_6324,bulge2
8FZG_1078,bulge4
8K82_3938,2x2
8ANY_3500,2x2
8Q7Z_4024,2x2
5ND9_1989,hairpin3
8QRL_3627,3x3
8FMW_14352,bulge2
3JA1_1331,bulge2
9L0R_16954,bulge2
8CF5_14233,bulge2
5ZEP_7139,bulge2
9H3W_16611,bulge2
7PAO_2897,2x2
9L0R_4407,2x2
7OIG_2800,2x2
6QTZ_11777,hairpin5
7P7S_2752,3x3
5T2C_6764,bulge2
7PKQ_126,4x4
8P18_3880,2x2
5U9G_9070,hairpin5
8W2O_3872,2x2
7M4Y_10990,bulge2
6YAL_590,bulge4
4V72_3737,bulge2
9F1D_4020,2x2
6HD7_7806,bulge2
6DZI_9878,hairpin5
7PH9_2921,2x2
8P2G_15259,bulge2
6ZQA_2455,2x2
6R5Q_230,5x5
6UZ7_12340,hairpin5
6N7R_8277,hairpin6
7N30_3071,bulge3
8OO0_14832,bulge2
6ENF_9918,hairpin5
6P5K_11501,hairpin5
6C0F_9743,hairpin5
6HA8_8069,hairpin6
6ENU_1807,2x2
9J3T_3991,3x3
6HCF_10410,hairpin5
9NL6_17180,bulge2
8EKC_12864,bulge2
5WE6_7256,hairpin6
6GC4_7837,hairpin6
6ZSC_2287,3x3
6MTC_8261,hairpin6
8UUA_3798,2x2
6ZTO_10386,bulge2
6O8Y_8217,bulge2
6ZU1_10423,bulge2
6X9Q_9888,bulge2
6OGF_11071,hairpin5
5JUU_6342,hairpin6
6OFX_11034,hairpin5
6NU2_10824,hairpin5
6WD3_548,bulge4
6P5I_11476,hairpin5
5OT7_8921,hairpin5
4V8M_254,bulge4
7A5K_10488,bulge2
8P5D_3409,2x2
5T6R_6776,bulge2
6SWA_2668,bulge3
6RXT_11913,hairpin5
5OQL_8909,hairpin5
6PC6_2085,2x2
8SYL_945,bulge4
8OZ0_3677,2x2
9B0H_16879,bulge2
6WQQ_2335,2x2
6HTQ_8153,hairpin6
3J7R_2041,hairpin5
9GHE_17080,bulge2
6HMA_10481,hairpin5
6LQT_461,bulge4
6S0K_2162,2x2
9J3T_160,4x4
8OIR_13581,bulge2
5IT7_5828,bulge2
8P8N_15485,bulge2
3JAJ_1365,bulge2
4V7I_1004,2x2
5NCO_1984,hairpin3
5X8T_9427,hairpin5
6Q97_11689,hairpin5
9L0R_4388,2x2
5APO_4938,hairpin7
6V39_12343,hairpin5
6OT3_8556,bulge2
5ANB_1328,3x3
5MDW_8466,hairpin5
5ZET_9505,hairpin5
9DUL_16663,bulge2
8WHX_3801,2x2
7PAH_2869,2x2
5LZS_148,5x5
8CMJ_14267,bulge2
7M4X_2619,2x2
6OM0_11204,hairpin5
8RDW_14877,bulge2
8T3E_16425,bulge2
5ZLU_2212,bulge3
6ZTM_2920,bulge3
6OGI_8344,bulge2
8Y0W_3689,2x2
6GXO_10249,hairpin5
6MTB_10656,hairpin5
6ELZ_7679,hairpin6
9B0F_16857,bulge2
8PV2_14366,bulge2
6PPF_1964,3x3
6S0X_8936,bulge2
6R5Q_8831,bulge2
8Y0U_14718,bulge2
5LZD_6266,bulge2
4V72_894,3x3
6Q95_1967,3x3
4V6Y_873,3x3
5MRE_8580,hairpin5
9GFT_4320,2x2
6GQV_7608,bulge2
8YLD_16448,bulge2
6T4Q_9098,bulge2
6WDD_9663,bulge2
6VYU_2727,bulge3
5KPX_6397,hairpin6
5IMQ_19280,hairpin4
8Z71_1167,bulge4
5IT9_5224,hairpin7
9GUU_16311,bulge2
8FZF_15551,bulge2
8FR8_13504,bulge2
4V75_1159,bulge3
4V6N_3586,bulge2
9GHE_17086,bulge2
5LZZ_8415,hairpin5
5UYM_6904,bulge2
6GXP_7959,hairpin6
7NHL_11132,bulge2
6R5Q_2645,bulge3
8QYX_16373,bulge2
8PV1_14363,bulge2
3J9Y_1314,bulge2
6OKK_2016,2x2
6I7O_8166,hairpin6
5UYK_7080,hairpin6
8P5D_128,4x4
6OGI_11108,hairpin5
3JCE_2273,hairpin5
7PAI_11907,bulge2
5IT7_15155,bulge1
9L0R_4417,2x2
4V6Y_3691,bulge2
8T3F_16429,bulge2
6GQB_7868,hairpin6
6SPG_9028,bulge2
6O8Z_2496,hairpin3
6GZX_7730,bulge2
7N2C_11023,bulge2
8TPU_15852,bulge2
6RXV_1998,3x3
6YS3_10101,bulge2
9GFT_3910,3x3
5JUU_8102,hairpin5
6VWL_2706,bulge3
7BOI_10706,bulge2
8FZI_15726,bulge2
5JB3_1931,bulge3
8YUQ_16152,bulge2
8VFT_16475,bulge2
9NLQ_4083,3x3
6MTE_2418,hairpin3
7JQB_2583,2x2
6SKG_2175,2x2
5NGM_2022,hairpin3
5NCO_8629,hairpin5
6HA1_10392,hairpin5
7SYX_3090,2x2
8BRM_3040,3x3
5LZD_1408,3x3
9KPH_393,bulge5
5JUT_6100,bulge2
4V71_887,3x3
8Y0U_14711,bulge2
6RBD_11878,hairpin5
6LSS_8230,hairpin6
8UPR_3899,bulge3
5AJ0_18237,hairpin4
7JT3_2456,3x3
8BN3_3639,2x2
6WNV_2805,bulge3
7B7D_2557,2x2
4V6R_3627,bulge2
3JAI_98,bulge4
8UU8_3789,2x2
4V6M_1125,bulge3
8A63_2974,3x3
6ZTL_635,bulge4
9GHH_17116,bulge2
8XSZ_15639,bulge2
8WIC_15141,bulge2
9NLJ_4221,bulge3
5UYQ_6945,bulge2
8T5H_15929,bulge2
6S0Z_9273,hairpin6
3JCJ_1711,hairpin6
6TH6_9172,bulge2
8JDJ_14455,bulge2
6V3A_2761,hairpin3
5H4P_14905,bulge1
8PVL_3693,bulge3
7NBU_2786,2x2
7AS9_10580,bulge2
6WDE_9677,bulge2
6TPQ_9204,bulge2
5NCO_6524,bulge2
6Y57_10024,bulge2
8PV2_3583,2x2
6QZP_8824,bulge2
7NRC_11174,bulge2
5LZB_325,bulge4
6GXO_1701,3x3
7S0S_2840,3x3
8UKB_16242,bulge2
3J45_1363,hairpin7
8RCT_14997,bulge2
5IT9_19440,hairpin4
5MRC_6659,hairpin6
6WNT_2177,3x3
8OVJ_3858,2x2
9GFT_4116,bulge3
8RJC_14661,bulge2
6TH6_2035,3x3
5UZ4_7138,hairpin6
5JBH_6026,bulge2
6R6G_11829,hairpin5
6ZU5_2499,2x2
5V93_2144,bulge3
8Y36_15780,bulge2
5APO_14352,bulge1
5KPW_6152,bulge2
6GZ4_10277,hairpin5
6RW4_11903,hairpin5
8ZDB_1189,bulge4
6OG7_8305,bulge2
3JA1_2150,hairpin5
6NEQ_10765,hairpin5
8R6C_15757,bulge2
8QBT_15179,bulge2
9NLH_17232,bulge2
8PV8_14619,bulge2
5XYU_9460,hairpin5
7N2V_2517,3x3
6GQV_7880,hairpin6
6NU3_10832,hairpin5
8IFB_14743,bulge2
7OLD_11761,bulge2
6YLY_2243,3x3
8OM2_3649,2x2
8GLP_3360,2x2
3JCE_436,2x2
5T7V_8974,hairpin5
7M5D_11603,bulge2
6RW4_9234,hairpin6
6QT0_8810,bulge2
6V39_2224,2x2
5LI0_8203,hairpin5
8URY_3921,2x2
8Q5I_14186,bulge2
6TNU_12295,hairpin5
6VZ7_2267,2x2
8RL2_4252,2x2
6QIK_8781,bulge2
6FTJ_10014,hairpin5
6W77_9485,bulge2
8IDY_935,bulge4
6WQQ_9821,bulge2
6HA8_2401,bulge3
6R5Q_8827,bulge2
8YUR_16164,bulge2
5JUU_6338,hairpin6
6Z6L_10230,bulge2
8XSY_3944,2x2
6YS5_2867,bulge3
6V3B_9244,bulge2
6TNU_12286,hairpin5
3J79_2951,bulge1
6PC6_11544,hairpin5
6R7Q_11844,hairpin5
8ZDC_16714,bulge2
8CDU_398,5x5
7BHP_2558,2x2
6Z6L_605,bulge4
5LZC_6258,bulge2
8P03_3505,3x3
3JCT_1738,hairpin6
7ZPQ_3225,2x2
7LHD_2767,2x2
8EVR_957,bulge4
9GUW_3825,3x3
8R8M_15774,bulge2
5JTE_15663,bulge1
5JUO_6075,bulge2
7OOC_2815,2x2
6Z6L_2885,bulge3
5GAE_5708,bulge2
8FTO_3479,2x2
8RCS_3449,3x3
8TPU_4004,bulge3
8T3B_16411,bulge2
7O5B_2794,2x2
5MDZ_6591,hairpin6
9B0G_1198,bulge4
8CKU_14258,bulge2
5O61_6876,hairpin6
8FZH_3965,2x2
7OYC_2741,3x3
6R5Q_507,bulge4
4V5M_3168,bulge2
6DZP_7675,hairpin6
3J3V_377,3x3
5MRF_6503,bulge2
6SNT_12057,hairpin5
8S8K_16108,bulge2
6SPD_9008,bulge2
6HTQ_8154,hairpin6
6MTE_8271,hairpin6
8P2G_15266,bulge2
7SYJ_2880,3x3
7BGD_10629,bulge2
8RDV_14862,bulge2
7AS9_10577,bulge2
8Y36_15779,bulge2
5JUS_6092,bulge2
6WDH_9709,bulge2
9NJV_4048,3x3
5ZEB_7125,bulge2
5ZEP_7138,bulge2
3JCE_2276,hairpin5
6TNU_9501,hairpin6
4V65_891,2x2
8XSX_15618,bulge2
6GXO_10251,hairpin5
9GR1_3816,3x3
9L0R_4403,2x2
6PCH_1951,3x3
7B9V_10628,bulge2
6SNT_8994,bulge2
7MT3_11659,bulge2
6WDE_9669,bulge2
6OLF_8667,hairpin6
7P7U_11891,bulge2
4V8M_4423,bulge2
6WDM_9766,bulge2
7M4U_10962,bulge2
8URX_3603,3x3
7MSM_11628,bulge2
6O8Z_8231,bulge2
8VFT_16472,bulge2
6VYT_2723,bulge3
9NLF_17212,bulge2
5APN_14334,bulge1
6V39_9219,bulge2
9GFT_3913,3x3
5JB3_19878,hairpin4
6TB3_535,bulge4
7PIR_12147,bulge2
9HA2_16628,bulge2
4V74_3761,bulge2
6RXX_8907,bulge2
9H3S_3860,3x3
9H3R_16592,bulge2
8WIC_15142,bulge2
9F1C_4008,bulge3
8IA0_13537,bulge2
6R5Q_9175,hairpin6
6OG7_11061,hairpin5
6PPK_11649,hairpin5
8Z71_4241,2x2
6W7W_9500,bulge2
7B5K_10608,bulge2
8G2U_3595,2x2
7MSM_11627,bulge2
6ZTJ_10341,bulge2
6WDG_9696,bulge2
6TNU_9502,hairpin6
6WNV_249,5x5
7BT6_10708,bulge2
8CF5_14228,bulge2
8TOC_3773,2x2
6H4N_1866,2x2
6ZSC_10326,bulge2
6WDC_557,bulge4
6WD5_9563,bulge2
8P7Y_1141,bulge4
6TPQ_9516,hairpin6
6GZ4_7711,bulge2
6P5I_8926,hairpin6
6YWY_10191,bulge2
7NHN_11156,bulge2
6TBV_12241,hairpin5
6SPB_2006,3x3
5LZC_8283,hairpin5
6ZMI_2900,bulge3
9GR1_3817,3x3
5AFI_14240,bulge1
3JBN_1384,bulge2
5LMQ_8228,hairpin5
3J5S_1222,bulge2
6OLG_214,5x5
4V6Y_3681,bulge2
6R84_11856,hairpin5
6VYX_2731,bulge3
8UT0_16115,bulge2
6OGI_11112,hairpin5
6H58_7759,bulge2
6RZZ_11946,hairpin5
7O7Z_707,bulge4
6ZTM_10364,bulge2
5NO2_6810,hairpin6
5UYQ_9196,hairpin5
6V3E_9584,hairpin6
4V5M_3170,bulge2
8EVS_14152,bulge2
6Y69_2382,2x2
8V83_1032,bulge4
8FIZ_3060,3x3
6YLH_10086,bulge2
5LZF_8310,hairpin5
5AFI_18212,hairpin4
8KAB_15821,bulge2
8IFB_14744,bulge2
6UZ7_2755,hairpin3
7O5B_2707,3x3
6YW5_10159,bulge2
6YDW_257,5x5
6YWE_10163,bulge2
7NRC_11168,bulge2
8T5H_3740,3x3
5LZB_1403,3x3
9H3P_16579,bulge2
5TCU_6803,bulge2
8G5Y_13436,bulge2
6OM6_8425,bulge2
9NL5_17173,bulge2
6QX9_2643,bulge3
6V3B_9237,bulge2
5MMI_8549,hairpin5
6I0Y_8156,hairpin6
8RCS_3453,3x3
5AKA_18282,hairpin4
5IMQ_15093,bulge1
6N8L_8045,bulge2
8D8J_3205,2x2
6PPF_11633,hairpin5
7OHQ_286,5x5
6TNN_9500,hairpin6
6SWD_9074,bulge2
6ZOJ_272,bulge5
9GGR_16767,bulge2
7KGB_11579,bulge2
6TNN_9186,bulge2
6OGF_2006,2x2
8XU8_4223,2x2
8YUR_16167,bulge2
5ZEB_2202,bulge3
6WDA_9623,bulge2
3JBP_427,2x2
5NCO_6527,bulge2
3JBV_2257,hairpin5
8EVT_959,bulge4
8G7P_14886,bulge2
3JCN_1722,hairpin6
4V6W_3671,bulge2
5H4P_19066,hairpin4
7OPE_2625,3x3
6Y0G_2376,2x2
5WFS_7275,hairpin6
6R5Q_2647,bulge3
7L08_10919,bulge2
7SUK_3071,2x2
9GHC_17063,bulge2
6DDD_7628,hairpin6
6S13_9287,hairpin6
6BU8_7251,bulge2
7PI8_12070,bulge2
5K0Y_1384,3x3
8URY_15522,bulge2
6ENF_9917,hairpin5
8A3L_3106,3x3
8YP6_16828,bulge2
8GLP_13497,bulge2
6SNT_2689,hairpin3
6Z6L_10229,bulge2
5NO4_6653,bulge2
5MLC_6628,hairpin6
5OQL_2062,hairpin3
6ZTP_10406,bulge2
8XSY_3962,bulge3
6V39_9225,bulge2
6SPG_9025,bulge2
5T6R_6777,bulge2
5X8P_2194,bulge3
3J92_1548,hairpin6
7K53_3026,bulge3
7JT2_10807,bulge2
8UU9_3481,3x3
6TNN_2038,3x3
5UYQ_6943,bulge2
7OII_2721,3x3
6W6P_2286,2x2
5LZY_8397,hairpin5
6GZZ_7739,bulge2
8APN_3199,2x2
7M5D_11598,bulge2
6WD2_9532,bulge2
6I0Y_1738,3x3
6ZP4_2454,2x2
7NHK_11121,bulge2
6GC0_7828,hairpin6
3Jan_2197,hairpin5
8OJ5_14810,bulge2
6UZ7_9211,bulge2
6GZ3_2319,hairpin3
5NCO_6529,bulge2
6Q97_8748,bulge2
6FF7_2348,bulge3
5ZLU_9514,hairpin5
7PIO_2796,3x3
8CDU_3627,2x2
5ZEB_9483,hairpin5
6V3A_2227,2x2
6HA1_7777,bulge2
4UJD_2517,bulge2
4V6M_3578,bulge2
4V68_1077,bulge3
6QIK_8776,bulge2
6ORE_1879,3x3
5AJ0_5521,bulge2
6ZTO_10389,bulge2
8HU1_3532,3x3
9GHF_17095,bulge2
6BU8_9620,hairpin5
4UJC_2511,bulge2
7PHC_12061,bulge2
5UYN_9162,hairpin5
6OGF_11067,hairpin5
5X8T_9422,hairpin5
6T7T_533,bulge4
6HIY_224,bulge5
6V3E_9250,bulge2
7MT3_2692,3x3
5MC6_6372,bulge2
5NO4_2031,hairpin3
8QFD_14844,bulge2
6P5K_490,bulge4
6SPE_9015,bulge2
7BL5_10666,bulge2
8P8V_4168,2x2
8RDW_3409,3x3
3J5S_4658,hairpin4
6OLZ_8693,hairpin6
5KPS_8123,hairpin5
8C8Z_3114,3x3
8P5D_13590,bulge2
5JU8_6068,bulge2
6C0F_7343,bulge2
6TB3_12234,hairpin5
8RRI_16814,bulge2
5A2Q_1386,2x2
4V6Z_3704,bulge2
8OJ8_14827,bulge2
8OJ5_14813,bulge2
6ZXH_647,bulge4
6O8Z_8227,bulge2
9GR1_16274,bulge2
5O60_8829,hairpin5
9NLH_4217,bulge3
6S0K_11965,hairpin5
8BH4_3247,3x3
5IQR_19344,hairpin4
5LZY_6344,bulge2
6DZI_7660,hairpin6
5WFK_9346,hairpin5
8FZF_3938,bulge3
8E3L_3424,2x2
5NO2_2087,bulge3
8K2A_15577,bulge2
6WDM_9773,bulge2
6WDR_568,bulge4
3JCJ_1706,hairpin6
7M4Y_10992,bulge2
3JCE_1704,hairpin6
5APO_18343,hairpin4
5GAE_5093,hairpin7
6Y6X_10043,bulge2
5K0Y_6360,hairpin6
7TTU_3096,2x2
4V5H_720,3x3
8IPY_3493,2x2
8OJ5_3753,bulge3
5IMR_19318,hairpin4
5AFI_14229,bulge1
6PC6_11541,hairpin5
6DDD_9850,hairpin5
8G6X_13207,bulge2
6DDD_7412,bulge2
7PIP_2958,2x2
5MRF_6499,bulge2
3J7Z_2055,hairpin5
5APN_14331,bulge1
6T83_9135,bulge2
6VMI_2699,bulge3
6OGG_8610,hairpin6
6GC8_10121,hairpin5
6EM1_9912,hairpin5
5H1S_19053,hairpin4
6ZSG_260,5x5
6GWT_2370,bulge3
7PJW_2649,3x3
5AJ0_5522,bulge2
6V3E_2232,2x2
8S8G_4062,2x2
5X8P_7290,hairpin6
6RXU_8904,bulge2
8IFB_3394,3x3
5T5H_6959,hairpin6
6YPU_2866,bulge3
6SNT_2177,2x2
6PCR_9011,hairpin6
7UVW_3082,3x3
4V6U_3657,bulge2
9H3Z_4292,2x2
5IT7_15165,bulge1
5T62_2075,hairpin3
5MY1_6510,bulge2
8CAS_3392,2x2
9GHG_4032,3x3
6D90_9821,hairpin5
9FS8_16548,bulge2
6S0Z_9266,hairpin6
7ASO_10592,bulge2
6WDR_2326,2x2
5UYK_9115,hairpin5
7TTW_2910,3x3
6FXC_2281,hairpin3
6Z1P_10198,bulge2
6LSS_7944,bulge2
6O90_8237,bulge2
8FL6_13761,bulge2
8G5Z_3351,2x2
6MTE_1929,2x2
6VLZ_12392,hairpin5
5GAK_14873,bulge1
5WDT_2125,hairpin3
3JBP_425,2x2
6W6P_2284,2x2
6GC7_7584,bulge2
8PV6_14395,bulge2
7JQB_2432,3x3
6Q8Y_2613,hairpin3
7PH9_2780,3x3
5KPS_6131,bulge2
5IT7_19386,hairpin4
8IR1_13961,bulge2
6RI5_8893,bulge2
6WDF_9690,bulge2
6SGC_12020,hairpin5
8Z71_4242,2x2
6WNV_9792,bulge2
5ND9_6554,bulge2
8CGN_963,bulge4
9NKL_17158,bulge2
6V3B_12371,hairpin5
8WHY_3488,3x3
6OLF_8671,hairpin6
5U4I_6822,bulge2
5UYN_2135,bulge3
6QZP_9169,hairpin6
5GMK_14885,bulge1
5KPS_8124,hairpin5
6ORL_8498,bulge2
8X9O_4358,2x2
5O60_6695,bulge2
5NJT_2084,bulge3
6OM7_8728,hairpin6
5M1J_6363,bulge2
6WD9_9612,bulge2
6ZVK_2510,2x2
6VYQ_9311,bulge2
6X6T_9856,bulge2
5IT7_15174,bulge1
9GHF_4460,2x2
5T2A_6760,bulge2
6QDW_8774,bulge2
6HCJ_8085,hairpin6
6T7I_2723,hairpin3
3JAH_2174,hairpin5
8FLB_368,5x5
5IQR_15136,bulge1
6RZZ_11943,hairpin5
6VYY_9388,bulge2
6WDC_9645,bulge2
6WD6_9585,bulge2
6ME0_10642,hairpin5
7MT3_2783,2x2
8G7R_14900,bulge2
9D89_4275,2x2
5UYM_2132,bulge3
9GHA_17035,bulge2
6R5Q_9176,hairpin6
8P8W_3797,3x3
6OSQ_8537,bulge2
8ZDC_3904,3x3
9GHD_4180,bulge3
6Q98_11695,hairpin5
7PI9_12085,bulge2
8OJ8_3722,2x2
6GQB_10144,hairpin5
8URI_3918,bulge3
7PJZ_2661,3x3
6FT6_7513,bulge2
6C4I_7349,bulge2
9F1C_15879,bulge2
8YOO_15660,bulge2
7ACR_10527,bulge2
4V79_3819,bulge2
8INK_382,5x5
6NU3_8405,hairpin6
8CGU_3596,bulge3
6WOO_9810,bulge2
6PCQ_9001,hairpin6
6GC4_7835,hairpin6
6AWC_2217,bulge3
8G6J_3355,2x2
5UMD_6855,bulge2
4V7I_1003,2x2
5H1S_14887,bulge1
6ZVJ_2509,2x2
6NQB_10775,hairpin5
9N2B_16967,bulge2
6GXN_440,bulge4
8RD8_3732,2x2
5KPW_8157,hairpin5
5UQ7_6865,bulge2
7PJZ_2665,3x3
8YOO_3647,3x3
6X7F_9872,bulge2
6RI5_11885,hairpin5
6O8Y_8220,bulge2
5LMP_6204,bulge2
5LI0_6177,bulge2
9GHH_402,bulge5
6ZU9_2504,2x2
9HA3_16630,bulge2
3J6B_2942,bulge1
3J9Z_1316,bulge2
5ND8_6541,bulge2
5NO2_2029,hairpin3
6O90_10973,hairpin5
4V4N_742,2x2
5XXB_9432,hairpin5
5ZEP_2205,bulge3
9GHE_1210,bulge4
5UYN_7114,hairpin6
5JU8_19995,hairpin4
6RI5_9222,hairpin6
5H1S_5725,bulge2
3J6B_2007,hairpin5
5ND9_6726,hairpin6
6H58_10375,hairpin5
8K0P_15298,bulge2
6Y0G_10011,bulge2
6Z6M_10238,bulge2
7PAI_2761,3x3
8EIU_3014,3x3
8INE_13915,bulge2
5AKA_14310,bulge1
8WIB_3494,3x3
6XGF_9932,bulge2
5UQ7_6858,bulge2
6SZS_9417,hairpin6
6S0K_9254,hairpin6
9GHG_17102,bulge2
5JCS_19942,hairpin4
3JCD_1687,hairpin6
5UYN_7113,hairpin6
5KPS_1942,bulge3
8YUR_16160,bulge2
6K0A_10576,hairpin5
4V6L_1123,bulge3
6P5K_8650,bulge2
4V6S_3631,bulge2
3J9W_1300,bulge2
8PV4_14377,bulge2
6XIJ_2368,2x2
6VYX_9374,bulge2
6G18_7788,hairpin6
8URH_15446,bulge2
5OPT_6742,bulge2
6W7M_2760,bulge3
8FLB_13787,bulge2
8T3A_1161,bulge4
3J8G_1281,bulge2
6LQQ_10606,hairpin5
6R7Q_1988,3x3
7BGD_10630,bulge2
7LS1_2484,3x3
6O8X_10931,hairpin5
8G7R_14908,bulge2
6OLZ_8407,bulge2
6Q9A_11705,hairpin5
6OST_8835,hairpin6
6R84_8869,bulge2
3J9Z_2129,hairpin5
6MTE_8022,bulge2
5ZET_7153,bulge2
5IMQ_5188,hairpin7
9GFT_4321,2x2
6V39_9556,hairpin6
7N1P_3061,bulge3
7PJW_2650,3x3
5APN_5551,bulge2
5XXU_9436,hairpin5
6GXM_7664,bulge2
3J3W_4627,hairpin4
6ZSA_10320,bulge2
9GHB_17046,bulge2
8YUO_16133,bulge2
8RDV_3734,2x2
6RXU_11916,hairpin5
7O19_2697,2x2
6V3A_12355,hairpin5
7PAM_2885,2x2
6Q98_227,5x5
6Y7C_10050,bulge2
9NLS_17266,bulge2
5JPQ_19947,hairpin4
7NRD_11180,bulge2
8RWG_4114,bulge3
6VLZ_2773,hairpin3
6S0X_11971,hairpin5
7M4W_10978,bulge2
7D6Z_2580,2x2
6LSS_1913,2x2
5FLX_18988,hairpin4
6OIG_11118,hairpin5
5JTE_19963,hairpin4
6TH6_2033,3x3
8JDK_14462,bulge2
5ND9_6544,bulge2
8IPX_13943,bulge2
5AJ0_18229,hairpin4
5U4I_9044,hairpin5
6ZTO_2310,3x3
5LZC_8273,hairpin5
6GC6_7844,hairpin6
8B5L_3245,2x2
6VYT_9346,bulge2
6VWN_9304,bulge2
8PJ6_364,bulge5
8PJ4_3712,3x3
6OG7_8587,hairpin6
3J7P_1249,bulge2
7SYX_2904,3x3
8FL0_3456,2x2
6WDC_9652,bulge2
7M4W_3046,bulge3
7QVP_2834,3x3
5MMM_8562,hairpin5
8P8W_16235,bulge2
8EVP_14136,bulge2
8V9L_3685,2x2
5UQ7_9096,hairpin5
6WDM_2172,3x3
5M1J_1934,hairpin3
6Q97_8747,bulge2
6SWA_12149,hairpin5
7JT1_675,bulge4
7LV0_10949,bulge2
5JUU_6339,hairpin6
6I0Y_10519,hairpin5
7AFA_2956,bulge3
5WF0_2170,bulge3
3JBU_412,3x3
7ACR_2951,bulge3
6WDE_9671,bulge2
7K5I_2483,3x3
6XZB_10001,bulge2
6Z6J_10211,bulge2
9L5S_16824,bulge2
6DNC_7438,bulge2
6WDL_9753,bulge2
6OLF_11165,hairpin5
4V72_3738,bulge2
8QOA_15192,bulge2
6PCR_11594,hairpin5
6C4I_9756,hairpin5
7M4W_2616,2x2
9GHE_4182,bulge3
7PIP_2798,3x3
6GZ5_7721,bulge2
3J7A_2974,bulge1
5Z3G_7332,hairpin6
8WIB_15136,bulge2
5T2A_6762,bulge2
6O8Z_10959,hairpin5
5UYM_1680,2x2
5LZU_2008,bulge3
5M1J_6362,bulge2
7PAQ_11989,bulge2
6S13_9282,hairpin6
9GHH_17119,bulge2
8YOP_3956,2x2
6O8W_8478,hairpin6
3J7P_3004,bulge1
7NHL_2539,3x3
8PV3_14375,bulge2
6ZME_2898,bulge3
5T6R_1651,2x2
8T3B_1162,bulge4
8G5Z_3124,3x3
7B5K_2400,3x3
5ME0_2040,bulge3
8ZTU_16834,bulge2
6TC3_2031,3x3
5LZA_8255,hairpin5
6AWC_7170,bulge2
9HA7_16641,bulge2
6YWX_10180,bulge2
7SYO_99,4x4
8UZB_3909,2x2
8UQP_15427,bulge2
8FL2_361,5x5
5AJ4_4902,hairpin7
9GFT_3908,3x3
5IMQ_19286,hairpin4
6O90_1990,2x2
5ZLU_7164,bulge2
6HCQ_7805,bulge2
8IR3_13966,bulge2
8R55_3370,3x3
5NJT_6805,hairpin6
8YLD_16447,bulge2
6SWA_9403,hairpin6
8RWG_16707,bulge2
5LZZ_6355,bulge2
8CRX_13192,bulge2
6GC0_7825,hairpin6
8FZH_15721,bulge2
6RXZ_11938,hairpin5
6H58_10352,hairpin5
5XY3_7104,bulge2
7NHM_11149,bulge2
6Y0G_2224,3x3
7PIT_12167,bulge2
6ZM6_2894,bulge3
8OJ5_14816,bulge2
6OGG_8337,bulge2
7MT3_11663,bulge2
5GAK_1357,3x3
5JTE_19957,hairpin4
3J79_4678,hairpin4
8T2Y_16384,bulge2
8RCM_14965,bulge2
5LMV_6448,hairpin6
4V69_3388,bulge2
6GQV_435,bulge4
6DNC_7431,bulge2
4V6Z_879,3x3
8FKR_13711,bulge2
6VYU_2252,2x2
6GXO_2379,bulge3
5MDV_1441,3x3
6SPD_12085,hairpin5
5MGP_6617,hairpin6
7K00_2457,3x3
3JBO_2226,hairpin5
9NLF_4214,bulge3
6P5J_11497,hairpin5
5L3P_8183,hairpin5
5IT7_15168,bulge1
6OGG_8606,hairpin6
5LZD_6261,bulge2
6Q8Y_1966,3x3
6G18_10049,hairpin5
6GB2_7815,hairpin6
6T83_12222,hairpin5
6LQT_8218,hairpin6
7D6Z_2578,2x2
7PIS_766,bulge4
6HCF_8076,hairpin6
8IR3_3622,bulge3
8Z70_4238,2x2
8YUQ_3776,3x3
6QKL_8787,bulge2
6GZX_10314,hairpin5
3J7P_1248,bulge2
5LZZ_6352,bulge2
6T59_2195,2x2
5U4I_6825,bulge2
7NWW_11692,bulge2
5AJ3_18257,hairpin4
6P5I_2619,bulge3
5MRC_1955,hairpin3
6Y0G_253,5x5
3JCS_2320,hairpin5
3J7Y_1521,hairpin6
9B0R_1202,bulge4
7M4U_3041,bulge3
6GZX_8002,hairpin6
8WHX_343,bulge5
6P5N_226,5x5
6LU8_10631,hairpin5
3JCJ_1441,bulge2
6MTD_10678,hairpin5
8RL2_442,5x5
6PCT_8714,bulge2
3JBO_1388,bulge2
8G61_13463,bulge2
7K51_10856,bulge2
3JCE_1432,bulge2
5NO3_8779,hairpin5
6VYR_2246,2x2
6GXM_10221,hairpin5
8ZTU_3951,3x3
9GUV_16315,bulge2
6V3A_9562,hairpin6
8FKX_13725,bulge2
5IQR_1457,2x2
6GQ1_7594,bulge2
5AJ4_18269,hairpin4
3JBV_1679,hairpin6
8XSY_15622,bulge2
5NWY_8808,hairpin5
6MTC_8006,bulge2
6WRU_9836,bulge2
6FTJ_7537,bulge2
5WE4_9313,hairpin5
8K4E_3676,3x3
8FMW_3316,3x3
6W77_9488,bulge2
4V6M_3571,bulge2
3J5L_1470,hairpin6
7O1C_2588,3x3
6Q95_9076,hairpin6
6V3D_2050,3x3
8XT1_15647,bulge2
8S8I_4068,2x2
8P60_13600,bulge2
8BHJ_3506,2x2
5LI0_6184,bulge2
6OT3_11377,hairpin5
6ZTN_2309,3x3
5WDT_7239,hairpin6
6SW9_9063,bulge2
4V69_799,3x3
6HCQ_10436,hairpin5
5WYJ_1714,2x2
8VR8_4347,2x2
8BF7_3237,3x3
6SV4_2706,hairpin3
5JB3_19876,hairpin4
6ZMT_2448,2x2
5H4P_14902,bulge1
6ZTP_10398,bulge2
4V79_3813,bulge2
3JAP_2206,hairpin5
5IQR_5812,bulge2
5IQR_15148,bulge1
7UCK_314,5x5
8ZTV_16846,bulge2
6Z6K_2438,2x2
7ASE_2967,bulge3
6D90_7397,bulge2
7AS8_2393,3x3
8RRI_3945,3x3
8P60_13601,bulge2
6HA1_10387,hairpin5
8PKL_3776,bulge3
5T2A_8932,hairpin5
6C4I_9752,hairpin5
3JBU_1410,bulge2
9GUQ_16294,bulge2
8PPK_3288,3x3
6O8W_10925,hairpin5
9LMF_4427,2x2
8FKY_3202,3x3
6N8O_10741,hairpin5
8EIU_12915,bulge2
4V5M_839,2x2
7M4X_3047,bulge3
7NWH_2572,3x3
5JCS_19941,hairpin4
6DZP_9894,hairpin5
6VWM_2061,3x3
9GGR_4120,bulge3
6PC7_2599,hairpin3
6XA1_251,5x5
7NHN_11150,bulge2
6GZZ_2332,hairpin3
6SJ6_12031,hairpin5
6VWL_9274,bulge2
6D9J_7411,bulge2
5AJ0_14266,bulge1
8OVJ_3559,3x3
7N2V_11048,bulge2
6MTE_2438,bulge3
6R5Q_11812,hairpin5
6S47_9292,hairpin6
6AHR_9518,hairpin5
8OM4_3718,bulge3
8BJQ_3219,2x2
5ZEP_7353,hairpin6
7JT3_10822,bulge2
8XSZ_1068,bulge4
8RCT_14985,bulge2
5KPV_6138,bulge2
5Y88_9461,hairpin5
5WF0_9337,hairpin5
9FNZ_16524,bulge2
5XYU_7117,bulge2
6DDG_7427,bulge2
5IMR_5197,hairpin7
8CD1_3664,2x2
7Q0F_2998,2x2
7N2C_3063,bulge3
8P2F_3835,2x2
7ABZ_2359,3x3
8I0S_15816,bulge2
6Q97_11687,hairpin5
9FS6_16547,bulge2
5MDV_6571,hairpin6
6YWS_10171,bulge2
7NHM_11139,bulge2
5V7Q_9211,hairpin5
6OGG_8613,hairpin6
5GAK_19026,hairpin4
8E3O_13644,bulge2
3JCJ_1708,hairpin6
6GXP_7962,hairpin6
4V6L_3565,bulge2
6S47_8954,bulge2
6OM0_11205,hairpin5
5IMQ_19275,hairpin4
7ACR_10522,bulge2
6ZU1_10419,bulge2
6FTI_7527,bulge2
5KPW_6387,hairpin6
7PWO_2812,3x3
8RCS_3448,3x3
8P60_133,4x4
6SV4_9390,hairpin6
9B0H_16872,bulge2
5KPS_1386,3x3
6NU2_8394,hairpin6
4V7I_3886,bulge2
8V9J_3379,3x3
6X7K_2821,bulge3
7N2V_2634,2x2
9GHB_4013,3x3
8OHD_3748,bulge3
5MGP_6453,bulge2
7SYG_3074,2x2
5LZB_6243,bulge2
9NL6_17177,bulge2
6V3A_9564,hairpin6
7UNW_3129,2x2
3J9Y_2117,hairpin5
8RL2_1170,bulge4
3J9W_1570,hairpin6
7PIR_12150,bulge2
4V6U_3652,bulge2
6FXC_2349,bulge3
5ZEB_7338,hairpin6
7SSO_3062,2x2
6GAW_10056,hairpin5
9GFT_4117,bulge3
6YS3_2244,3x3
4V5H_971,bulge3
6PCQ_11581,hairpin5
8RQ2_15379,bulge2
6HIY_10480,hairpin5
9FCO_4151,bulge3
6WD8_2130,3x3
7O7Z_2707,2x2
4V68_3383,bulge2
8WHX_15095,bulge2
6OUO_8589,bulge2
5GAE_5713,bulge2
8XSZ_15636,bulge2
8RQ2_3889,2x2
6OM6_8426,bulge2
5IMQ_19287,hairpin4
9H3X_3881,3x3
6S0K_2001,3x3
9N2B_3993,3x3
3J5L_1996,hairpin5
6OST_11358,hairpin5
7BL2_10645,bulge2
9NLS_17264,bulge2
7N2U_11044,bulge2
7UW1_3089,3x3
8KAB_3987,2x2
6HRM_8141,hairpin6
3JBU_1405,bulge2
6PCH_11572,hairpin5
9GUW_16317,bulge2
4V5M_998,bulge3
6LQU_10616,hairpin5
8JDM_3345,3x3
8IPB_1008,bulge4
5AFI_14230,bulge1
3J9W_2105,hairpin5
6Q95_11670,hairpin5
5O2R_6685,bulge2
6HD7_7813,bulge2
6HA8_2402,bulge3
8FL4_13755,bulge2
7PIQ_2960,2x2
6FTG_7743,hairpin6
9H3U_4286,2x2
5LZC_1405,3x3
6MEC_7980,bulge2
8CSP_12839,bulge2
8XSZ_3964,bulge3
8QPP_14562,bulge2
5U9F_9053,hairpin5
3JAI_1623,hairpin6
5NWY_6835,hairpin6
5AFI_18206,hairpin4
4A2I_2376,hairpin5
6OT3_11371,hairpin5
6PCH_11573,hairpin5
4CSU_1585,bulge2
9L0R_4389,2x2
6V3B_12363,hairpin5
6R6P_11839,hairpin5
8Y0U_14717,bulge2
4UER_2502,bulge2
8OVE_3613,2x2
5MRC_6658,hairpin6
6T7I_9440,hairpin6
6PCH_8994,hairpin6
6WDK_9749,bulge2
7AF3_10531,bulge2
7NHL_11131,bulge2
6GXO_2380,bulge3
6H4N_10341,hairpin5
9AXV_16096,bulge2
6SKF_12040,hairpin5
8RL2_16500,bulge2
6FTG_7749,hairpin6
6R84_8868,bulge2
3JCJ_1713,hairpin6
6SPB_12064,hairpin5
9NLB_4066,3x3
6VU3_9268,bulge2
7ACR_10524,bulge2
6WD4_9557,bulge2
5APN_14339,bulge1
5X8P_7292,hairpin6
6W6P_9475,bulge2
5MC6_1936,hairpin3
5LZE_1412,3x3
5UYK_9111,hairpin5
5UMD_1668,2x2
8G60_3125,3x3
6SPD_12077,hairpin5
6SZS_2672,bulge3
8P18_15353,bulge2
4V5M_740,3x3
6Q8Y_2107,2x2
5NCO_8628,hairpin5
8K2C_3933,2x2
7MSM_11632,bulge2
6O8Z_8229,bulge2
9NLJ_17243,bulge2
6YWE_10165,bulge2
8PHJ_14518,bulge2
6XGF_9942,bulge2
6KL9_10580,hairpin5
6WDA_9627,bulge2
6Y57_10029,bulge2
6ZTJ_2293,3x3
9NLJ_4491,2x2
6VYX_9379,bulge2
5JTE_1465,2x2
3J92_1285,bulge2
6R84_11860,hairpin5
6V3D_9245,bulge2
3J7A_4698,hairpin4
9GHB_17048,bulge2
6GZ5_7986,hairpin6
7P6Z_2835,2x2
5AN9_18293,hairpin4
8SYL_13981,bulge2
9GHG_17103,bulge2
6ZU1_2318,3x3
6FRK_7506,bulge2
5LQW_1494,2x2
3J5L_1999,hairpin5
6O8X_1828,3x3
7K50_2464,3x3
5UYP_7127,hairpin6
7WTV_2941,3x3
6MTC_10663,hairpin5
5JU8_1379,3x3
6OM6_11213,hairpin5
6P5N_2628,bulge3
6GZZ_7733,bulge2
7UNW_2929,3x3
6I7O_8168,hairpin6
9L0R_16949,bulge2
5KPV_8148,hairpin5
3Jan_2198,hairpin5
5NRL_6829,hairpin6
7PIC_93,4x4
5MDW_6389,bulge2
9HC4_17133,bulge2
8YUQ_16154,bulge2
6OT3_11370,hairpin5
6O8W_8191,bulge2
6WQQ_2333,2x2
6EM1_9911,hairpin5
6H4N_7746,bulge2
5MMM_2054,bulge3
7S1G_2666,3x3
5LMN_6432,hairpin6
4V77_3793,bulge2
6SPF_2695,hairpin3
7MDZ_2625,2x2
7M4Z_3053,bulge3
6SPG_9035,bulge2
5NCO_6705,hairpin6
7CPJ_2983,bulge3
8V9L_14699,bulge2
4V5H_973,bulge3
5LMV_6226,bulge2
8YOP_15672,bulge2
8R55_14622,bulge2
5KPW_8156,hairpin5
4V5M_838,2x2
6ZTM_10372,bulge2
6YWE_10161,bulge2
6X6T_9861,bulge2
4V7D_3860,bulge2
6WD9_9617,bulge2
8Y36_3689,3x3
3J5L_4648,hairpin4
5IQR_19347,hairpin4
5GAK_19029,hairpin4
5LZC_8270,hairpin5
6VLZ_12388,hairpin5
8YUS_4032,bulge3
6GXO_10242,hairpin5
6OGF_11079,hairpin5
6TNU_538,bulge4
4V72_3741,bulge2
8FL9_13772,bulge2
6PPF_2100,2x2
7LHD_2765,2x2
6WNV_2806,bulge3
5LQW_8241,hairpin5
8Y0W_14725,bulge2
8YUS_4142,2x2
7UNR_100,4x4
8URX_15465,bulge2
6SPD_12082,hairpin5
9NJF_4477,2x2
9FDA_16923,bulge2
9F1C_1092,bulge4
6SPD_12079,hairpin5
6WDE_9679,bulge2
9GHG_4462,2x2
8G2U_3323,3x3
5KPX_1483,2x2
7P7S_2751,3x3
4V6R_1134,bulge3
5UYN_9154,hairpin5
7ABI_2533,2x2
8VRL_16812,bulge2
6OM7_244,bulge5
6PCS_9019,hairpin6
6WU9_2343,2x2
6O8Y_10950,hairpin5
6WD7_2127,3x3
5OQL_8911,hairpin5
6SNT_8998,bulge2
6PC8_11568,hairpin5
6I7O_7878,bulge2
7O19_11263,bulge2
3JAG_1606,hairpin6
9GUU_3823,3x3
8XSX_15610,bulge2
9GHG_4464,2x2
5H1S_19048,hairpin4
7QV3_3028,2x2
8CVM_13137,bulge2
7PAO_2896,2x2
8XSY_3947,2x2
3J0P_62,5x5
3JCN_1717,hairpin6
9GGR_16752,bulge2
8CGR_13866,bulge2
6GXM_7658,bulge2
5IT7_19375,hairpin4
8WHY_15098,bulge2
8CGV_932,bulge4
7JT3_10829,bulge2
5U9G_9071,hairpin5
6OLF_8669,hairpin6
8G31_14416,bulge2
9B0P_16888,bulge2
6Q97_9084,hairpin6
3J7O_4710,hairpin4
6ZOK_2278,3x3
5GM6_14882,bulge1
3JCT_2322,hairpin5
7SSL_3058,2x2
8BF7_3501,2x2
6ZMI_2899,bulge3
4V4B_2570,bulge2
5KPW_6389,hairpin6
8XTQ_16710,bulge2
3J7Z_396,2x2
3JAG_1339,bulge2
7LVK_2678,3x3
6HA1_7783,bulge2
5AN9_1327,3x3
9N2B_16963,bulge2
8URH_15450,bulge2
7B5K_2550,2x2
6VYW_9368,bulge2
8PEG_3427,3x3
8PJ4_362,bulge5
5WE6_9320,hairpin5
5NGM_6627,bulge2
9NJV_17153,bulge2
7PAL_2882,2x2
6H4N_8021,hairpin6
5LZE_8306,hairpin5
7NWT_3119,bulge3
5O61_2103,bulge3
8S1P_15509,bulge2
6OSQ_11348,hairpin5
6XE0_9929,bulge2
4V6O_3597,bulge2
6TNN_9492,hairpin6
6ZSE_10332,bulge2
7NBU_11674,bulge2
6U48_9206,bulge2
6ZQC_2456,2x2
6MTC_8002,bulge2
6WRU_9834,bulge2
8EIU_12917,bulge2
7K5I_10911,bulge2
4V7I_3881,bulge2
7O80_281,5x5
7NAF_12770,bulge2
7JSS_10759,bulge2
5UYP_6932,bulge2
7PIR_12153,bulge2
7Q4K_2977,3x3
6OGI_8347,bulge2
6YLX_10090,bulge2
7AS9_10575,bulge2
6HCF_8077,hairpin6
8CIV_3555,2x2
3J16_376,3x3
8P16_3873,2x2
4ADV_1544,bulge2
6H4N_7747,bulge2
7PJU_2638,3x3
8BRM_3255,2x2
5XXU_9437,hairpin5
6XGF_9935,bulge2
6RBE_2140,2x2
7AF5_10532,bulge2
8FZJ_3674,3x3
8CBJ_3398,2x2
7AFH_2958,bulge3
5LMS_8233,hairpin5
6ZTP_10407,bulge2
4V5H_3113,bulge2
5ZEP_2207,bulge3
8YUP_16141,bulge2
5APN_282,bulge4
6PC7_2088,2x2
4V78_3804,bulge2
8P8B_16210,bulge2
4V70_3717,bulge2
6GZ4_188,5x5
6N8L_10708,hairpin5
8UPR_3900,bulge3
6VYZ_9398,bulge2
6HA1_8056,hairpin6
6YSS_2871,bulge3
7N2U_2633,2x2
6QZP_2644,bulge3
6OST_8834,hairpin6
8P7X_3790,3x3
6Y69_10031,bulge2
7ABZ_10499,bulge2
9H3U_16603,bulge2
8PV8_994,bulge4
5XYM_9449,hairpin5
5X8T_2199,bulge3
6X7K_9887,bulge2
5NP6_6818,hairpin6
8QPP_14564,bulge2
9J6Y_4160,bulge3
6OLE_2521,hairpin3
6U48_2222,2x2
5LZX_8393,hairpin5
5UQ8_6871,bulge2
7QGU_2817,3x3
3JBV_1678,hairpin6
6SKG_12046,hairpin5
6O8X_8490,hairpin6
6Q8Y_501,bulge4
8ZDD_3906,3x3
6ENU_9950,hairpin5
5APN_14344,bulge1
8FKY_3453,2x2
5IMQ_19282,hairpin4
6RXV_8906,bulge2
8UUA_3484,3x3
7JSS_10761,bulge2
9E6Q_16251,bulge2
6FTI_2276,hairpin3
6DDG_7632,hairpin6
8P7X_3789,3x3
8FZF_3925,2x2
9MOR_3891,3x3
6QYZ_11798,hairpin5
4V6P_857,3x3
6YWY_10193,bulge2
8RCM_1017,bulge4
9N2C_4001,3x3
5H1S_5722,bulge2
6SPD_12076,hairpin5
6SZS_9080,bulge2
6O8W_8193,bulge2
7JT1_10792,bulge2
9GUT_16305,bulge2
7N2C_271,5x5
7OHR_718,bulge4
6OT3_11372,hairpin5
6RXZ_11939,hairpin5
5GAK_19028,hairpin4
6EXN_7500,bulge2
6S0K_11966,hairpin5
8V83_15280,bulge2
6LSR_1911,2x2
5JTE_19953,hairpin4
7O5B_2706,3x3
8UQP_3899,2x2
7O7Z_11317,bulge2
7L08_10918,bulge2
6SPE_2664,bulge3
5GAK_19023,hairpin4
8CGD_13851,bulge2
5LZW_8376,hairpin5
6PC6_11539,hairpin5
7PIC_2946,2x2
6WOO_9805,bulge2
5ZEU_7158,bulge2
5KPX_8168,hairpin5
8PV3_3584,2x2
8XSY_15623,bulge2
8IDT_3480,2x2
6OKK_8653,hairpin6
6Q9A_11710,hairpin5
8VKW_3936,3x3
7XAM_3092,3x3
5LMO_6433,hairpin6
8Q7Z_15899,bulge2
5GAE_14848,bulge1
5YLZ_9464,hairpin5
6GZX_10303,hairpin5
5MQF_8571,hairpin5
3J7A_1388,hairpin7
4V72_893,3x3
5AFI_5509,bulge2
8UU7_3785,2x2
7MDZ_3056,bulge3
6VZJ_9460,bulge2
7UVZ_3087,3x3
6PVK_11656,hairpin5
5IT7_15163,bulge1
5LZD_6473,hairpin6
6HCJ_8086,hairpin6
6SWA_9398,hairpin6
5IMR_19327,hairpin4
9FY0_4274,2x2
6MTD_8266,hairpin6
6R6P_8847,bulge2
6RM3_9230,hairpin6
4V6Z_1149,bulge3
8FN2_3667,bulge3
4V72_892,3x3
4V74_3758,bulge2
6HCQ_8099,hairpin6
6NU3_10833,hairpin5
3JCE_2282,hairpin5
8K2A_3955,bulge3
8V84_1033,bulge4
6AZ3_9536,hairpin5
8FLC_13790,bulge2
8P17_15341,bulge2
6O9K_11008,hairpin5
8FKW_921,bulge4
6GSN_2310,hairpin3
6W6K_9464,bulge2
8RD8_3729,2x2
6LSR_7931,bulge2
7PIR_12154,bulge2
5LMR_8231,hairpin5
7MSZ_3192,bulge3
8RQ2_15381,bulge2
5NJT_2026,hairpin3
5MDZ_8489,hairpin5
8A57_2967,3x3
4V70_884,3x3
5ZET_7368,hairpin6
8Y0X_14738,bulge2
4V8T_4500,bulge2
8EMM_13557,bulge2
6VYT_9344,bulge2
6FTG_2273,hairpin3
8OHD_14795,bulge2
5T7V_6787,bulge2
8C92_3344,2x2
8OM3_14609,bulge2
5U4I_2113,bulge3
8P8M_15479,bulge2
6N8K_8287,hairpin6
6DNC_1794,2x2
8JDJ_14453,bulge2
6ZTP_2929,bulge3
7MT2_3195,bulge3
5H4P_14914,bulge1
8OZ0_3376,3x3
7PNX_2804,3x3
5UYN_7117,hairpin6
8EIU_12913,bulge2
8IPD_940,bulge4
6O90_10978,hairpin5
6HTQ_8149,hairpin6
8WIB_15129,bulge2
8FLA_13778,bulge2
6OFX_11039,hairpin5
5OPT_2105,bulge3
6V3B_2694,bulge3
8OVE_982,bulge4
6H4N_2390,bulge3
8KAB_3702,3x3
6OGG_8334,bulge2
5ZEB_1737,2x2
9NJV_17151,bulge2
3J9Z_1324,bulge2
5LZB_1989,bulge3
9D89_3848,3x3
7N2C_11027,bulge2
5OT7_2109,bulge3
7JT1_10800,bulge2
8PEG_3746,2x2
6HTQ_8145,hairpin6
6WD4_9558,bulge2
6ZXF_2514,2x2
6OM7_8434,bulge2
6XII_9947,bulge2
4V7I_3874,bulge2
6ORL_8496,bulge2
5UQ7_7063,hairpin6
8Q4F_15848,bulge2
5APO_18333,hairpin4
6SPF_12092,hairpin5
6WD3_9543,bulge2
5UMD_7051,hairpin6
5OQL_1640,2x2
6YDP_10055,bulge2
6T7I_12198,hairpin5
6WD7_9590,bulge2
8K82_3937,2x2
3JBV_1676,hairpin6
6GC0_7827,hairpin6
6ZM7_10270,bulge2
8JDL_14471,bulge2
6H58_7775,bulge2
9NLF_4213,bulge3
8FZH_3981,bulge3
6GSM_10191,hairpin5
6ENU_9944,hairpin5
5UYP_6924,bulge2
8IR3_13967,bulge2
5KPV_6141,bulge2
6O8Z_8226,bulge2
5AKA_14299,bulge1
6N8N_8310,hairpin6
6QT0_11766,hairpin5
5O61_6872,hairpin6
8JDK_14461,bulge2
5KPX_6160,bulge2
7K50_10850,bulge2
8G34_14437,bulge2
6ORE_8782,hairpin6
7NHK_11124,bulge2
3J79_392,2x2
7M4X_10981,bulge2
3JCJ_2295,hairpin5
6HRM_1734,3x3
6RBE_8887,bulge2
4V76_3786,bulge2
6GZQ_10302,hairpin5
6SV4_9373,hairpin6
9F9S_1153,bulge4
5APO_1398,2x2
5NO4_6814,hairpin6
6WD7_9588,bulge2
6QKL_1980,3x3
3JCJ_2287,hairpin5
6LQM_459,bulge4
5LZT_6503,hairpin6
5O61_6705,bulge2
6YWS_10174,bulge2
6ELZ_9905,hairpin5
8RD8_14846,bulge2
6WNW_9802,bulge2
6SPF_2696,hairpin3
7NHN_3096,bulge3
6WU9_2342,2x2
6OLZ_8695,hairpin6
5L3P_6407,hairpin6
7SYW_3088,2x2
6FTG_7521,bulge2
8K0S_3834,2x2
5LZD_8296,hairpin5
9G8M_1130,bulge4
7KWG_3032,bulge3
5KPX_6162,bulge2
6GXM_10215,hairpin5
7NHN_11159,bulge2
6VYR_9323,bulge2
9GHE_17081,bulge2
6TNN_2036,3x3
6TBV_12247,hairpin5
6Y0G_2223,3x3
8XXL_15286,bulge2
5Z58_9472,hairpin5
7PAR_2905,2x2
5IT7_19382,hairpin4
3J7A_4695,hairpin4
6RXT_2147,2x2
8A57_2969,3x3
6OLG_2529,hairpin3
4V66_54,4x4
6SNT_8989,bulge2
8P60_3415,2x2
5ND8_6707,hairpin6
4V5M_3169,bulge2
6GZ5_7987,hairpin6
6ZU1_640,bulge4
6ZTO_2488,2x2
7NBU_3202,bulge3
5UYM_6903,bulge2
8EMM_13563,bulge2
5UYP_7119,hairpin6
3JBN_404,3x3
9L0R_4397,2x2
6ELZ_7465,bulge2
5NJT_6631,bulge2
5LZW_6332,bulge2
6O8Z_2510,bulge3
8YOP_15667,bulge2
5MC6_6375,bulge2
7SYR_2892,3x3
3J79_1494,hairpin6
8WIF_15151,bulge2
5OT7_6932,hairpin6
5AKA_18280,hairpin4
6YAL_2232,3x3
5ZEP_7357,hairpin6
6YWE_2410,2x2
9NL7_17191,bulge2
5LZX_1432,3x3
7ASM_10584,bulge2
9N2C_4169,bulge3
5APO_14362,bulge1
2J28_214,2x2
6WD8_9609,bulge2
5APN_5554,bulge2
7UVV_3080,3x3
9H3W_3867,3x3
5FLX_14835,bulge1
6WD9_2134,3x3
6S05_2666,hairpin3
5IT7_19368,hairpin4
8IP8_14764,bulge2
8VRL_3943,3x3
8G6J_870,bulge4
4UJC_192,bulge4
8IPY_3494,2x2
4V6R_954,2x2
7NHM_11142,bulge2
3J5L_2932,bulge1
3JCN_2306,hairpin5
6GXO_7949,hairpin6
7JT1_2997,bulge3
6T83_12214,hairpin5
6Q9A_9097,hairpin6
6GC6_7582,bulge2
7KGB_2671,3x3
4V6L_3561,bulge2
7U0H_2984,3x3
5AJ4_4903,hairpin7
5H4P_19073,hairpin4
6PPF_11637,hairpin5
6G18_10048,hairpin5
6XDR_9921,bulge2
5LZY_6348,bulge2
6C4I_9753,hairpin5
5LKS_6423,hairpin6
6OSQ_8829,hairpin6
7OJ0_2722,2x2
5UYM_6911,bulge2
5MRF_2061,bulge3
8P2F_3864,bulge3
7PIO_2949,2x2
7B7D_656,bulge4
8BIM_3266,3x3
8RCM_14963,bulge2
6FTG_7519,bulge2
9GUU_16308,bulge2
8CGK_3204,3x3
7PHA_2782,3x3
7NHK_2534,3x3
7OYA_2827,2x2
5AFI_5513,bulge2
8P8B_16211,bulge2
6LQT_10613,hairpin5
5MGP_8530,hairpin5
6RW5_2146,2x2
6OSQ_8532,bulge2
4V75_3770,bulge2
8HTZ_3828,2x2
6MTD_468,bulge4
5U4I_6817,bulge2
6O9K_8550,hairpin6
5AFI_5511,bulge2
6OST_2583,bulge3
6OT3_11374,hairpin5
6OSQ_8534,bulge2
6Z6N_10249,bulge2
5JUP_6080,bulge2
7N2U_2510,3x3
6PVK_9064,hairpin6
5MRE_6493,bulge2
7JSZ_2994,bulge3
6GZX_10311,hairpin5
6GXM_10222,hairpin5
6OM6_2545,bulge3
5IMQ_19291,hairpin4
5ANC_14323,bulge1
6SV4_9052,bulge2
9N2B_16962,bulge2
6HA1_10389,hairpin5
8XU8_16440,bulge2
3J7Z_1266,bulge2
3JBN_1378,bulge2
6VMI_9258,bulge2
6R86_1990,3x3
4CXG_440,3x3
8PVK_3692,bulge3
6I0Y_8161,hairpin6
5LZY_336,bulge4
6O8Y_8225,bulge2
4V7E_3865,bulge2
6O90_8528,hairpin6
3J79_1383,hairpin7
6GZX_2330,hairpin3
6R6G_9178,hairpin6
5IQR_5203,hairpin7
9N2B_16968,bulge2
9FY0_4100,bulge3
5MDY_6582,hairpin6
6Y2L_2225,3x3
7K00_10832,bulge2
6O9J_8534,hairpin6
5MDW_6576,hairpin6
8P16_15325,bulge2
9FS8_16550,bulge2
9HA5_3874,3x3
6OM0_8704,hairpin6
6GQ1_7861,hairpin6
6MTB_10659,hairpin5
6XZB_2850,bulge3
4V61_1049,bulge3
6O8Z_8519,hairpin6
6MTC_2434,bulge3
5AJ4_14292,bulge1
8ZTV_3955,3x3
6GBZ_10075,hairpin5
8PV2_14368,bulge2
6WDG_2156,3x3
6VZ3_2087,3x3
8YLR_16455,bulge2
6SPB_9336,hairpin6
5U4I_7027,hairpin6
8K0R_3874,bulge3
6OKK_478,bulge4
5V7Q_7165,hairpin6
3JCS_1730,hairpin6
4V6V_870,3x3
6Y6X_10046,bulge2
5LZW_6335,bulge2
8IFC_3400,3x3
4V7B_3845,bulge2
6NM9_10768,hairpin5
6WD6_551,bulge4
6YEF_2238,3x3
6ZTP_2315,3x3
6O8Z_8513,hairpin6
8YUQ_4139,2x2
6GZX_2386,bulge3
6SV4_9394,hairpin6
9GGR_16765,bulge2
8PPK_331,bulge5
7PI8_12071,bulge2
5JTE_15664,bulge1
8URY_15518,bulge2
9FPZ_15574,bulge2
8URI_3601,3x3
9C4G_4014,2x2
8T2S_3619,2x2
8P18_3879,2x2
6V3A_9235,bulge2
6FXC_7784,hairpin6
4V6W_3674,bulge2
6DDG_9858,hairpin5
5IT7_5208,hairpin7
4UG0_2505,bulge2
6O9K_8262,bulge2
8OJ5_14811,bulge2
7PAI_2872,2x2
8RDW_3737,2x2
5O60_6693,bulge2
8Q7Z_15897,bulge2
8S8K_4127,2x2
5APO_5557,bulge2
5LI0_6419,hairpin6
5IT7_15158,bulge1
5O5J_6689,bulge2
5UQ8_7068,hairpin6
6GQ1_10128,hairpin5
5O61_6708,bulge2
6PVK_8726,bulge2
5T2C_6949,hairpin6
7NQL_11166,bulge2
7AFD_2957,bulge3
3J7A_4697,hairpin4
5ND8_6533,bulge2
6GC4_7577,bulge2
8UT0_16114,bulge2
6PCH_11571,hairpin5
9GGR_16745,bulge2
5O2R_6684,bulge2
7N2C_11031,bulge2
5JTE_1467,2x2
6WD1_546,bulge4
8RXX_15315,bulge2
6VYW_9371,bulge2
9F9S_16368,bulge2
6HCJ_10423,hairpin5
4V6S_3638,bulge2
6HCF_7801,bulge2
3J6B_4672,hairpin4
5LI0_6414,hairpin6
5GAK_5106,hairpin7
3J7O_2987,bulge1
8FL4_13758,bulge2
8OM4_3651,2x2
6DZI_7449,bulge2
5U4I_6827,bulge2
6RM3_232,5x5
6ENJ_1804,2x2
3JBP_2228,hairpin5
8IPD_13940,bulge2
9F9S_4206,2x2
6PCT_9026,hairpin6
5MDY_6405,bulge2
6FTG_9997,hairpin5
9GHE_4183,bulge3
8FL3_13748,bulge2
6FTG_7523,bulge2
6K0A_7905,bulge2
6XII_2841,bulge3
6S0Z_9267,hairpin6
3JBV_2248,hairpin5
3J9M_2090,hairpin5
5MLC_2047,bulge3
7PNV_94,4x4
5IMQ_15106,bulge1
5MMI_6465,bulge2
9NLB_17199,bulge2
6OM0_8706,hairpin6
5JU8_6070,bulge2
8YUR_16157,bulge2
6GZ5_10289,hairpin5
8XT2_15651,bulge2
9GHC_17065,bulge2
7NHN_11154,bulge2
9F9S_4208,2x2
8P8M_1049,bulge4
5IMQ_19285,hairpin4
7AQC_10555,bulge2
6VYU_2251,2x2
6PCS_8707,bulge2
6GXM_7927,hairpin6
6ENF_7474,bulge2
5LZY_6349,bulge2
8FL3_13747,bulge2
8EVR_3524,2x2
9MOR_143,4x4
6WDR_9774,bulge2
8P7X_16185,bulge2
6VZ3_9420,bulge2
8WI7_3820,bulge3
5KPX_8175,hairpin5
9F58_17028,bulge2
6WDA_2138,3x3
5V93_7177,hairpin6
8K3O_15747,bulge2
6GZQ_7991,hairpin6
5MMI_8546,hairpin5
5O61_6871,hairpin6
9GHD_17073,bulge2
6GWT_2311,hairpin3
3J9W_2103,hairpin5
8K2C_15587,bulge2
6GBZ_1676,3x3
8OIQ_13578,bulge2
5H4P_19071,hairpin4
5V7Q_9204,hairpin5
5GAN_14878,bulge1
9B0H_16874,bulge2
6TNU_12287,hairpin5
8RCT_14996,bulge2
8UIZ_17287,bulge2
7UNR_2922,3x3
6PVK_11653,hairpin5
6T7I_2722,hairpin3
5WDT_7001,bulge2
5KPW_6145,bulge2
8Y37_15788,bulge2
5A2Q_1304,3x3
7PIQ_12141,bulge2
6RM3_8897,bulge2
6WD8_9606,bulge2
5APO_18334,hairpin4
8IFB_3697,2x2
8RPZ_3884,2x2
5LJ3_6188,bulge2
5MLC_6631,hairpin6
6O8X_1981,2x2
9GUW_16321,bulge2
8P17_15338,bulge2
6SNT_2179,2x2
7NSI_276,5x5
5LZE_8309,hairpin5
4V70_3711,bulge2
6VZ2_2086,3x3
6H4N_2337,hairpin3
6S0K_9248,hairpin6
8WIB_15133,bulge2
5IQR_5814,bulge2
8UU9_3793,2x2
7BL5_10668,bulge2
8IFB_14742,bulge2
5GAE_14850,bulge1
6T83_9136,bulge2
5ME1_1453,3x3
6OM0_8415,bulge2
5XYM_9454,hairpin5
3JBU_464,bulge3
8Y38_3696,3x3
5LZV_2011,bulge3
7P7R_2748,3x3
5M1J_8428,hairpin5
6V3B_2229,2x2
7K54_3029,bulge3
3JCN_1716,hairpin6
6GXM_1697,3x3
6R87_11873,hairpin5
6OM0_8420,bulge2
7V2O_315,5x5
7M5D_11599,bulge2
8FLF_3580,bulge3
5UYM_9140,hairpin5
6OST_1904,3x3
5LZV_151,5x5
6TC3_2208,2x2
5LMT_6219,bulge2
6HTQ_8148,hairpin6
6WDH_2794,bulge3
8QYX_4078,bulge3
8QBT_15176,bulge2
6DDG_7633,hairpin6
7PAQ_751,bulge4
6GZZ_2389,bulge3
6O8Z_8233,bulge2
5KPW_1947,bulge3
5O2R_8818,hairpin5
6SWA_2709,hairpin3
6OM7_8724,hairpin6
8VIO_16772,bulge2
7NSO_2560,3x3
6C4I_7570,hairpin6
6Q9A_8756,bulge2
8BGH_3242,3x3
6ZS9_2470,2x2
8QCQ_3844,bulge3
7MT3_11658,bulge2
6H58_10351,hairpin5
6SKG_2171,2x2
6S0X_2658,bulge3
3J9W_2100,hairpin5
6WDI_9715,bulge2
8CSR_12841,bulge2
5LZU_6314,bulge2
7PHA_2924,2x2
9GHD_17076,bulge2
5IT7_19376,hairpin4
9CAI_15986,bulge2
9LMF_4432,2x2
4A2I_1542,bulge2
6TB3_9141,bulge2
7M4Z_3054,bulge3
6HCF_10415,hairpin5
5H4P_5118,hairpin7
6QZP_8826,bulge2
6HCQ_8098,hairpin6
5NP6_8789,hairpin5
3JAJ_1364,bulge2
5APO_14356,bulge1
5IMR_19313,hairpin4
8QPP_14568,bulge2
4V7A_3829,bulge2
6MTE_10688,hairpin5
7Q0P_3000,2x2
5LMS_1972,bulge3
6OST_2565,hairpin3
5M1J_8418,hairpin5
6Q9A_8757,bulge2
5GAK_1356,3x3
9GR1_16279,bulge2
6WD7_2126,3x3
6GXN_7675,bulge2
5GAE_19014,hairpin4
6O8Y_8505,hairpin6
8UU6_3468,3x3
5WDT_7240,hairpin6
7NHL_2540,3x3
6VZ5_9438,bulge2
9H3Z_3871,3x3
5U9F_9061,hairpin5
5UYL_9135,hairpin5
5UYK_9112,hairpin5
6DDG_7636,hairpin6
5UQ7_9090,hairpin5
6GAZ_10066,hairpin5
6OGI_8617,hairpin6
7AZY_10603,bulge2
6MTB_8257,hairpin6
5U4I_2099,hairpin3
3JBP_424,2x2
8IPA_14777,bulge2
9H3S_16594,bulge2
5MDV_2029,bulge3
5KPS_6372,hairpin6
8IPX_13944,bulge2
5APN_5550,bulge2
5XY3_7320,hairpin6
4V6Y_3693,bulge2
9GHH_17121,bulge2
8WHX_15092,bulge2
8EKC_12855,bulge2
6OT3_11375,hairpin5
9H3W_4288,2x2
6ZU9_2501,2x2
6ENJ_9941,hairpin5
8RPZ_15362,bulge2
3JCJ_1709,hairpin6
5WE6_1708,2x2
7MT2_2781,2x2
5KPX_6158,bulge2
8CVM_13142,bulge2
7QI5_3439,2x2
6VZ3_2088,3x3
5MLC_6629,hairpin6
3JAJ_1630,hairpin6
5APN_18322,hairpin4
5ZEP_7146,bulge2
5LZT_6509,hairpin6
8FKT_13713,bulge2
6SPE_12088,hairpin5
6P5I_8636,bulge2
5JBH_146,5x5
6VWL_9273,bulge2
6ZMO_10302,bulge2
5IQR_19337,hairpin4
7QV2_2829,3x3
5O60_8833,hairpin5
5UYQ_9185,hairpin5
4V6S_233,bulge4
6WDE_9676,bulge2
7B7D_10624,bulge2
6QT0_9141,hairpin6
8G7R_3769,bulge3
6R5Q_11818,hairpin5
4V65_3352,bulge2
6O7K_8473,hairpin6
9L0R_4400,2x2
8E3L_13634,bulge2
6T4Q_9425,hairpin6
8RJB_3668,2x2
6OSQ_8822,hairpin6
8FVY_3666,2x2
6GQV_10149,hairpin5
6FRK_7733,hairpin6
6O9K_8261,bulge2
4V74_3759,bulge2
9G8M_16103,bulge2
6GQ1_7597,bulge2
6WD2_9530,bulge2
5APO_14361,bulge1
8QBT_15170,bulge2
7CPJ_665,bulge4
8G6J_13468,bulge2
6VYS_9339,bulge2
6O8Z_10957,hairpin5
8PV5_3588,2x2
6S13_12004,hairpin5
9N2C_16981,bulge2
3J5L_2922,bulge1
8R6C_15760,bulge2
7JSW_2586,2x2
9NJV_17150,bulge2
6YAM_10052,bulge2
5JB3_15597,bulge1
6GXO_441,bulge4
6PCS_11602,hairpin5
5ZEB_7130,bulge2
6FXC_2351,bulge3
5LZF_1505,2x2
6TPQ_2220,2x2
6GZ3_7970,hairpin6
7BHP_10642,bulge2
6FTJ_10016,hairpin5
5MDW_8455,hairpin5
6WD5_2122,3x3
9MQ4_4109,bulge3
3JBO_1391,bulge2
5LZW_152,5x5
7A5I_2940,bulge3
6PC5_11536,hairpin5
6FT6_7742,hairpin6
8PV7_3593,2x2
5JU8_19991,hairpin4
6SPF_9351,hairpin6
8QPP_14560,bulge2
6SNT_9325,hairpin6
3JA1_2137,hairpin5
5WF0_9339,hairpin5
8IE3_13905,bulge2
6VWL_9283,bulge2
6N8M_8048,bulge2
8QHU_4307,2x2
6SNT_2178,2x2
8S8J_4074,2x2
7P3K_11449,bulge2
8V9K_14688,bulge2
5MDW_8467,hairpin5
5X8P_9415,hairpin5
5KPX_6159,bulge2
5MC6_8438,hairpin5
8P2H_3542,3x3
8G34_14433,bulge2
8UQM_15416,bulge2
6V3A_12362,hairpin5
7O80_2594,3x3
6W7M_9493,bulge2
5MDV_6572,hairpin6
8CRX_3273,2x2
8FTO_3478,2x2
6YDP_2235,3x3
5KPV_1391,3x3
6SPB_12068,hairpin5
8Z70_16461,bulge2
6OLZ_8411,bulge2
9B0P_4143,bulge3
9DTR_16489,bulge2
5IQR_15141,bulge1
6WDM_9771,bulge2
8HSP_3827,2x2
4CSU_2425,hairpin5
6GXP_1852,2x2
6O9K_11005,hairpin5
6YSI_10113,bulge2
6N8L_10711,hairpin5
6SPG_12110,hairpin5
8OIQ_354,5x5
6V3D_2771,hairpin3
5OQL_8908,hairpin5
5T7V_6976,hairpin6
6OT3_2584,bulge3
4V6Y_3687,bulge2
4V65_224,bulge4
6WDK_9739,bulge2
5MRC_8579,hairpin5
3JBU_1669,hairpin6
6OUO_8582,bulge2
3J79_4676,hairpin4
8G5Z_13448,bulge2
8G7S_3424,3x3
3J7Z_1529,hairpin6
5JTE_6050,bulge2
8J1Z_15239,bulge2
4V91_4562,bulge2
5X8T_2198,bulge3
6SV4_9383,hairpin6
9GHD_4023,3x3
6HA8_7793,bulge2
7PAT_2911,2x2
8P7Y_16204,bulge2
6PC7_11552,hairpin5
8WIF_15152,bulge2
7D5T_10729,bulge2
7LV0_10952,bulge2
6GXP_7955,hairpin6
6QUL_9148,hairpin6
6W7W_9501,bulge2
6ERI_2344,bulge3
6S12_11989,hairpin5
6ZXE_10448,bulge2
4V6T_3642,bulge2
6ORE_2031,2x2
5NWY_8812,hairpin5
8I9T_3144,3x3
5LZC_1904,hairpin3
9FHL_16511,bulge2
6P5N_8666,bulge2
6OGF_8319,bulge2
8QCQ_15182,bulge2
7ACJ_2374,3x3
5UYP_6930,bulge2
6GC7_1830,2x2
6Y69_2856,bulge3
6OT3_8548,bulge2
6ZCE_2442,2x2
8XXL_350,bulge5
6V3D_9580,hairpin6
6X7K_9886,bulge2
9NLF_1219,bulge4
7EZ0_2426,3x3
8RDW_3738,2x2
9GMO_16063,bulge2
6DNC_9866,hairpin5
7M5D_2682,3x3
5MYJ_6693,hairpin6
6I7O_10541,hairpin5
8V9J_3731,bulge3
8T5H_4017,bulge3
4V68_3384,bulge2
8X9Q_4359,2x2
8FIZ_13213,bulge2
7SYS_2894,3x3
8WI9_15122,bulge2
5LMQ_1968,bulge3
6HIV_10477,hairpin5
6HA8_10405,hairpin5
8WIF_3831,bulge3
4V77_3794,bulge2
5TCU_9005,hairpin5
8R3V_3780,bulge3
4D5Y_1591,bulge2
6Z6J_10204,bulge2
7OII_2725,3x3
9GHC_4177,bulge3
6LQQ_10607,hairpin5
8FZH_15718,bulge2
8FKX_922,bulge4
6SNT_8997,bulge2
6DZP_7461,bulge2
6PPF_9049,hairpin6
7LHD_735,bulge4
6OST_11356,hairpin5
6O90_1991,2x2
5IT7_19365,hairpin4
6HA1_8050,hairpin6
8ZTU_16832,bulge2
8SCB_3358,3x3
4V6R_3628,bulge2
4V5M_3174,bulge2
7M4W_2494,3x3
8CGD_13853,bulge2
7Q0R_3008,2x2
6OM7_8435,bulge2
6BU8_7459,hairpin6
3J7R_2045,hairpin5
5V7Q_7161,hairpin6
3JA1_1334,bulge2
5O2R_6842,hairpin6
4UJD_193,bulge4
5KPX_8174,hairpin5
7K52_10873,bulge2
6ZU5_10425,bulge2
7O1C_2705,2x2
7O1C_2589,3x3
5O2R_8823,hairpin5
5XYM_7110,bulge2
9H3Q_4282,2x2
8FIZ_3456,bulge3
7SYI_2878,3x3
7NHL_11133,bulge2
6HTQ_8152,hairpin6
6ZN5_623,bulge4
6V3A_9566,hairpin6
7QGU_3013,2x2
8J1Z_15236,bulge2
6W2S_2279,2x2
6VZ3_9423,bulge2
6DNC_7432,bulge2
4V4N_838,bulge3
6YST_2872,bulge3
5IMR_5193,hairpin7
8BGH_3243,3x3
6GXP_7693,bulge2
4V69_1079,bulge3
7AQD_2541,2x2
6R6G_2638,hairpin3
6NU3_8128,bulge2
5UYM_9145,hairpin5
6VYR_9319,bulge2
8IE3_379,5x5
6H58_1720,3x3
5GAK_14860,bulge1
7NRD_11178,bulge2
5U9F_9063,hairpin5
3J9W_1571,hairpin6
5LZU_6513,hairpin6
8I7J_3675,2x2
3J7P_3008,bulge1
6H4N_1714,3x3
8YUS_3788,3x3
5AA0_5490,bulge2
7P7U_2758,3x3
5TCU_7003,hairpin6
5MLC_8540,hairpin5
8V9J_14683,bulge2
6QT0_1982,3x3
6M62_8239,hairpin6
6K0A_10577,hairpin5
8CRX_3054,3x3
9GFT_16738,bulge2
7NWW_2703,3x3
6ZCE_2443,2x2
8RJD_3729,bulge3
5NJT_6632,bulge2
9MQ4_3893,3x3
7PAQ_11980,bulge2
5O2R_6681,bulge2
6VWN_9301,bulge2
6ORE_8484,bulge2
7N30_11056,bulge2
6N8M_8303,hairpin6
3J9M_2092,hairpin5
6P5N_11522,hairpin5
5MLC_6458,bulge2
2OM7_315,2x2
5O61_8848,hairpin5
6SV4_2189,2x2
6I0Y_1889,2x2
6NEQ_2455,hairpin3
3JAH_1348,bulge2
6N8L_8296,hairpin6
7CPJ_2416,3x3
6R6G_8842,bulge2
6OT3_8554,bulge2
6GZ3_7969,hairpin6
7SSD_2854,3x3
6TMF_2740,hairpin3
6N8J_8030,bulge2
4V6X_3676,bulge2
7NHL_3091,bulge3
6FRK_2268,hairpin3
6ZTO_10387,bulge2
6R5Q_1986,3x3
3J5L_1217,bulge2
8YUQ_1138,bulge4
5MGP_6456,bulge2
6DZI_2334,bulge3
5WDT_9291,hairpin5
7UPH_2933,3x3
8FLD_13797,bulge2
5X8R_7086,bulge2
9N2C_4436,2x2
5JCS_19935,hairpin4
5KPX_6401,hairpin6
8RD8_14850,bulge2
8C90_121,4x4
6S47_12016,hairpin5
5ND8_8644,hairpin5
3JAI_1353,bulge2
6PC8_2090,2x2
8OJ8_3755,bulge3
6SPG_9364,hairpin6
4V5H_3117,bulge2
5JB3_5326,hairpin7
8X9K_16817,bulge2
5ZEU_1743,2x2
8WHX_15093,bulge2
8A98_3564,2x2
6DDD_9845,hairpin5
6WD6_9581,bulge2
6WRU_9830,bulge2
3J9Y_1579,hairpin6
8YUS_3786,3x3
5MYJ_6519,bulge2
8IR1_13957,bulge2
6ZSE_259,5x5
5ND9_6548,bulge2
6ORL_8789,hairpin6
6WNV_9785,bulge2
6H58_1870,2x2
8OHD_14793,bulge2
5NGM_2080,bulge3
9B0G_3960,3x3
6H58_8031,hairpin6
5FLX_14839,bulge1
6GXM_1696,3x3
6FXC_7539,bulge2
7K51_10861,bulge2
8QRN_3945,bulge3
8RCL_15153,bulge2
9NL7_17190,bulge2
8Y38_15796,bulge2
8FZD_15679,bulge2
6PC6_8965,hairpin6
6TC3_12252,hairpin5
6SV4_9380,hairpin6
3J77_1380,hairpin7
3JCE_2272,hairpin5
5H1S_19045,hairpin4
9NLS_17263,bulge2
7K50_10852,bulge2
8EUB_3518,2x2
5NGM_6623,bulge2
6QUL_9155,hairpin6
7PAH_11904,bulge2
7OF1_2598,3x3
8X9N_4357,2x2
7Q0R_3005,2x2
3JCT_2325,hairpin5
5LMQ_6208,bulge2
5A9Z_153,bulge5
9HAI_16643,bulge2
4V76_3788,bulge2
9GFT_4326,2x2
7OIF_2710,3x3
7OYD_744,bulge4
5UYN_384,bulge4
9GGR_16759,bulge2
6N8N_2440,bulge3
6VZ5_9433,bulge2
6V3B_12367,hairpin5
8CKU_14257,bulge2
6VYZ_2259,2x2
6TNU_12298,hairpin5
6OSQ_11341,hairpin5
8FL7_13770,bulge2
5KPW_6155,bulge2
8IPB_14781,bulge2
8G7Q_3417,3x3
6O8X_10934,hairpin5
6D9J_9831,hairpin5
7OT5_2734,3x3
6XIR_9971,bulge2
5WYK_7074,bulge2
6SPG_12107,hairpin5
5WYK_9405,hairpin5
6S12_11994,hairpin5
6YST_10134,bulge2
9NLQ_4087,3x3
5LZV_2013,bulge3
6H58_7754,bulge2
7NWW_11686,bulge2
5ANB_5540,bulge2
4V77_1164,bulge3
5T62_8952,hairpin5
6V3A_2225,2x2
6DNC_1793,2x2
6WDJ_9734,bulge2
6GZ3_10271,hairpin5
9F1B_1090,bulge4
4V78_3810,bulge2
6YLY_10093,bulge2
4V5H_823,2x2
7LS2_2485,3x3
4V70_3716,bulge2
5FLX_14840,bulge1
8FL6_364,5x5
7P3K_2634,3x3
6OFX_11044,hairpin5
9N2C_16983,bulge2
6N8K_10701,hairpin5
3JBU_2242,hairpin5
8G7P_14882,bulge2
5IT9_15222,bulge1
6GQV_7614,bulge2
6ORE_2032,2x2
7UCK_3107,2x2
8EIU_12914,bulge2
8P2H_15272,bulge2
9HAM_3880,3x3
8OHD_409,5x5
6GC8_7855,hairpin6
6ZTN_2484,2x2
8EIU_3429,bulge3
6GC0_10087,hairpin5
9NL6_17184,bulge2
6PCQ_1952,3x3
8FZG_15709,bulge2
6W7N_2761,bulge3
6LSR_2393,hairpin3
8I9X_3373,2x2
6ID0_10565,hairpin5
6PCH_495,bulge4
6Y57_10023,bulge2
6R86_8874,bulge2
5X8R_7297,hairpin6
7OHS_2603,3x3
6ELZ_7466,bulge2
6TC3_2207,2x2
6SKF_2683,hairpin3
6Q9A_1973,3x3
7TTW_3099,2x2
5M1J_6558,hairpin6
3J9Y_1576,hairpin6
5GAK_19027,hairpin4
8WIC_15137,bulge2
5LZB_6241,bulge2
8EWC_14166,bulge2
8R3V_3439,3x3
8I9X_13528,bulge2
6T7I_9120,bulge2
3JCE_1430,bulge2
6O8Y_8215,bulge2
6ORL_11303,hairpin5
7ZS5_3228,2x2
7SYW_2902,3x3
7NAS_11088,bulge2
3JCJ_1712,hairpin6
8Y0X_3696,2x2
5Z57_9471,hairpin5
6V3A_9231,bulge2
6MTD_8017,bulge2
6SV4_9049,bulge2
8FKQ_13710,bulge2
6ZTM_10371,bulge2
6AWD_2220,bulge3
8QIE_3846,3x3
7JSZ_10790,bulge2
6MTB_1756,3x3
6ENJ_9938,hairpin5
6S05_9247,hairpin6
8RRI_4124,bulge3
5MMM_6472,bulge2
5LZD_8289,hairpin5
7OIF_2709,3x3
6T7I_12189,hairpin5
8G5Z_326,bulge5
9MOR_3890,3x3
8EVT_14158,bulge2
3J81_1275,bulge2
5LI0_6420,hairpin6
6AWD_2219,bulge3
3J7O_1500,hairpin6
6R7Q_8853,bulge2
5WFK_9341,hairpin5
6OGF_2531,bulge3
5JTE_15670,bulge1
8YUP_3773,3x3
5WF0_7261,hairpin6
5JTE_19961,hairpin4
6GXN_10229,hairpin5
6WDE_2147,3x3
6GSN_10192,hairpin5
7NWW_2701,3x3
6I7O_10531,hairpin5
9AXV_1129,bulge4
8UQL_3591,3x3
8S1P_3608,3x3
5JTE_5351,hairpin7
3J9W_400,2x2
6FRK_2267,hairpin3
6D90_9818,hairpin5
6FT6_9993,hairpin5
5X8P_7291,hairpin6
8BHF_3517,2x2
3J79_1486,hairpin6
6FXC_2350,bulge3
8UU8_3791,2x2
9H3M_16571,bulge2
6BU8_9623,hairpin5
6PC6_8677,bulge2
8XSZ_3642,3x3
6WD3_2295,2x2
6ORL_8493,bulge2
6TH6_9173,bulge2
5JUU_6335,hairpin6
6GWT_10206,hairpin5
5KPV_6143,bulge2
6P5K_8656,bulge2
5OT7_1644,2x2
3JCJ_2289,hairpin5
5ZEU_7156,bulge2
5NGM_6788,hairpin6
8P7X_16184,bulge2
4V78_913,3x3
6GXP_10252,hairpin5
6S47_8955,bulge2
6SPB_2690,hairpin3
6TPQ_12306,hairpin5
7NSO_2558,3x3
6GZ4_2321,hairpin3
5LZV_8364,hairpin5
6SKF_12038,hairpin5
5T6R_2077,hairpin3
6VU3_2053,3x3
7LS1_2609,2x2
8OJ8_14821,bulge2
6GSM_7913,hairpin6
9FIB_4153,bulge3
4V7E_3868,bulge2
6ZU1_10414,bulge2
5LZC_6470,hairpin6
8K3O_15749,bulge2
8FZD_3650,3x3
6PCH_11578,hairpin5
7NHK_11117,bulge2
5AKA_18278,hairpin4
7NQL_11165,bulge2
4V61_3299,bulge2
8UPO_3896,bulge3
6BU8_9617,hairpin5
5MDW_6579,hairpin6
9NLS_17259,bulge2
5LZT_8334,hairpin5
6P5J_2077,2x2
9H3T_3862,3x3
3J7O_1499,hairpin6
6TPQ_9515,hairpin6
8P2G_15263,bulge2
6N8K_10704,hairpin5
6RXU_2658,hairpin3
6XE0_9927,bulge2
8Y0U_14712,bulge2
5O60_6859,hairpin6
6GZZ_10319,hairpin5
5WFS_7041,bulge2
6DZP_9892,hairpin5
8UUA_15085,bulge2
8VR8_16806,bulge2
6RM3_11893,hairpin5
8YOP_3971,bulge3
7PHC_3269,bulge3
8HD6_316,bulge5
6GXN_10233,hairpin5
5UYL_9128,hairpin5
6WDE_2313,2x2
6TBV_12243,hairpin5
6SGC_9302,hairpin6
5K0Y_6119,bulge2
8FZF_3625,3x3
3J7O_4707,hairpin4
5U4I_9035,hairpin5
6TPQ_12302,hairpin5
9GHA_4011,3x3
6ERI_7497,bulge2
7LS2_10945,bulge2
9HAM_16645,bulge2
6Y0G_2852,bulge3
5H1S_19054,hairpin4
9H3O_16577,bulge2
8GHU_3359,2x2
6OM7_11220,hairpin5
8RDV_3407,3x3
9H3L_1172,bulge4
7AQD_10560,bulge2
8OZ0_3378,3x3
7BOI_10705,bulge2
9D89_16564,bulge2
8VIO_3928,3x3
8URH_15445,bulge2
6GZ4_10278,hairpin5
8YUQ_3775,3x3
8P2K_13826,bulge2
6LU8_463,bulge4
8V9K_14691,bulge2
5MGP_1454,3x3
6PVK_9069,hairpin6
8UR0_15434,bulge2
7UNU_3120,2x2
4V69_798,3x3
9L5T_4130,bulge3
6DZP_9889,hairpin5
6H58_8043,hairpin6
7UCJ_3105,2x2
5KPS_6374,hairpin6
6SPG_9030,bulge2
8RL2_16502,bulge2
9FBV_3930,2x2
6RZZ_2664,hairpin3
6MTB_8259,hairpin6
6WDE_2150,3x3
6SNT_12058,hairpin5
6EM1_9910,hairpin5
3JCN_2301,hairpin5
5LZD_1905,hairpin3
7PAJ_2879,2x2
4UJC_2510,bulge2
8UPO_15390,bulge2
6HCQ_10437,hairpin5
6WDG_9699,bulge2
9H3P_16581,bulge2
4UJC_2508,bulge2
6P5I_8930,hairpin6
7SYJ_3077,2x2
7NFX_11112,bulge2
5LZD_1409,3x3
6QUL_11787,hairpin5
6O8X_10943,hairpin5
5KPS_6130,bulge2
6HCM_8093,hairpin6
7ASM_10587,bulge2
6ZQC_2458,2x2
7PIT_12170,bulge2
6I7O_7876,bulge2
5APO_14360,bulge1
8YLR_16453,bulge2
6HD7_8108,hairpin6
6OLG_2018,2x2
8URH_15444,bulge2
8RJB_14654,bulge2
9GFT_16721,bulge2
6RXZ_2158,2x2
5T6R_2078,hairpin3
5X8P_7083,bulge2
8I9V_3370,2x2
8ONY_14828,bulge2
7P6Z_2744,3x3
7OT5_2735,3x3
5WYJ_1713,2x2
6HA8_10398,hairpin5
8CGJ_13860,bulge2
3J7Y_586,hairpin3
8SCB_3359,3x3
3J7Q_582,hairpin3
5ANC_5548,bulge2
8IFC_3744,bulge3
3JBN_1385,bulge2
6O8W_8486,hairpin6
3IZZ_375,3x3
5AJ0_14249,bulge1
7M5D_293,5x5
3JCD_434,2x2
8RJB_14651,bulge2
7PAH_11897,bulge2
3JCE_641,hairpin3
3J7R_1259,bulge2
6R84_9203,hairpin6
5IQR_19335,hairpin4
8VK0_16783,bulge2
5TCU_6804,bulge2
6NQB_8344,hairpin6
4V6T_3643,bulge2
5H4P_19075,hairpin4
7BOH_2979,bulge3
6R7Q_8858,bulge2
6DNC_9865,hairpin5
6ZQG_2469,2x2
8UUA_15083,bulge2
8YUO_4135,2x2
6VWL_2704,bulge3
9GUQ_16295,bulge2
6DZP_7673,hairpin6
4V77_1162,bulge3
5KPW_8152,hairpin5
5IMR_19326,hairpin4
9H3Z_16622,bulge2
9NJF_4474,2x2
6V3B_2228,2x2
5LZF_8311,hairpin5
6RM3_9233,hairpin6
6ZU1_10417,bulge2
8G7S_14921,bulge2
5UQ7_9089,hairpin5
6ZTM_10363,bulge2
7B5K_2401,3x3
7M4W_10977,bulge2
4UY8_2525,bulge2
8FZI_15724,bulge2
8RDV_14861,bulge2
5MGP_8528,hairpin5
6T4Q_529,bulge4
7PWO_97,4x4
3JBV_1416,bulge2
6ZJ3_10252,bulge2
6YWV_10178,bulge2
3JCD_1418,bulge2
5IMR_1857,bulge3
8OJ8_14825,bulge2
3J80_2068,hairpin5
5LI0_8196,hairpin5
5MRF_8591,hairpin5
4V7A_3837,bulge2
6RXZ_8909,bulge2
5IMQ_15100,bulge1
5LZU_8356,hairpin5
7JT1_2447,3x3
6YWV_2421,2x2
7M4V_10968,bulge2
8IPB_14784,bulge2
6SPB_12070,hairpin5
6Q95_11675,hairpin5
6DNC_9864,hairpin5
8G5Y_13440,bulge2
6HTQ_1887,2x2
6GC4_7836,hairpin6
6VYZ_9402,bulge2
6Y2L_2378,2x2
7OJ0_2622,3x3
8SYL_3234,3x3
5LZB_1987,bulge3
6RI5_11889,hairpin5
7LHD_2766,2x2
5XXU_9434,hairpin5
9GUQ_4058,bulge3
5WFS_9359,hairpin5
8FN2_14356,bulge2
6R6P_8848,bulge2
8IPA_3709,2x2
6O90_1988,2x2
7P3K_2632,3x3
9GUU_16309,bulge2
8VIO_16777,bulge2
5NP6_2094,bulge3
8RCS_14972,bulge2
5AN9_18294,hairpin4
8UPR_15397,bulge2
5XXB_2153,hairpin3
9N2C_16980,bulge2
6OGG_11081,hairpin5
8IP8_3701,2x2
4CE4_1832,hairpin6
6PC8_1948,3x3
6WNV_2178,3x3
7KGB_3183,bulge3
7PIS_3276,bulge3
7QV2_2828,3x3
6PC8_11560,hairpin5
9NLS_462,5x5
8BGE_3239,3x3
5LZY_6541,hairpin6
8QOI_3922,bulge3
6D90_9824,hairpin5
6BU8_1744,2x2
7AQD_2391,3x3
9D89_16563,bulge2
8RXH_15307,bulge2
8CD1_3663,2x2
8K2D_3936,2x2
8G7R_14910,bulge2
6LSR_8222,hairpin6
5LMV_8240,hairpin5
6R84_11857,hairpin5
5UQ8_6875,bulge2
8QCQ_3819,2x2
8UR0_15437,bulge2
8K0R_3864,2x2
7LHD_2761,2x2
7JIL_2430,3x3
3J7P_2026,hairpin5
8EIU_12910,bulge2
8YUO_16126,bulge2
6HCM_8090,hairpin6
9NL6_4483,2x2
8PV7_14396,bulge2
6TNU_12289,hairpin5
5JPQ_6046,bulge2
6SV4_12132,hairpin5
9L0R_16953,bulge2
7BOF_10688,bulge2
8FLF_13810,bulge2
7ST6_2870,3x3
8ZTU_16833,bulge2
6VWM_77,4x4
6N8J_10698,hairpin5
6OFX_11046,hairpin5
5GAM_1434,2x2
5MMI_1950,hairpin3
5AFI_14222,bulge1
7ASP_10596,bulge2
9L0R_180,4x4
9NLF_17221,bulge2
3JBO_416,2x2
5ZEB_9477,hairpin5
7ASP_10595,bulge2
8CAH_3391,2x2
8PJ1_3706,3x3
6YSR_2252,3x3
6VZ2_9407,bulge2
6ENJ_419,bulge4
5MLC_6627,hairpin6
6ZVK_10438,bulge2
9CAI_15988,bulge2
7AFO_2963,bulge3
7PJU_2641,3x3
6NU2_10826,hairpin5
5JTE_15683,bulge1
8S8F_4058,2x2
5LMQ_1967,bulge3
7BL3_10656,bulge2
8C83_3387,2x2
7JT1_2444,3x3
9FBV_15566,bulge2
5WE4_7013,bulge2
7PAO_11977,bulge2
6ERI_9965,hairpin5
5LZV_8361,hairpin5
4V71_3723,bulge2
6H58_7768,bulge2
5UYL_7090,hairpin6
7LS1_10936,bulge2
6P5J_8936,hairpin6
6OLF_8386,bulge2
6SPF_12090,hairpin5
7K55_10908,bulge2
6N8O_10734,hairpin5
9HA2_16629,bulge2
8CGJ_13863,bulge2
6TB3_9464,hairpin6
5IQR_15143,bulge1
6GWT_182,5x5
7O5B_294,5x5
5O61_8846,hairpin5
5X8P_1719,2x2
6P5I_8924,hairpin6
8V84_3549,3x3
4V68_3378,bulge2
5YZG_9465,hairpin5
6VZ2_2261,2x2
8Y36_15782,bulge2
7NAU_2531,3x3
9B0R_16907,bulge2
6BU8_7458,hairpin6
8CSS_12842,bulge2
8V9J_3381,3x3
5UYN_6916,bulge2
6TC3_2029,3x3
5LZF_8320,hairpin5
6OLG_8680,hairpin6
6QT0_11772,hairpin5
6TBV_9157,bulge2
5LZE_8308,hairpin5
5AJ4_1395,2x2
6ZU1_2493,2x2
6WDL_2171,3x3
7PI9_2935,2x2
3JCJ_1710,hairpin6
5LZU_1426,3x3
8Y0X_14737,bulge2
6R7Q_8860,bulge2
8R0B_3893,bulge3
6FTJ_10015,hairpin5
8Q4F_3718,3x3
7A01_2516,2x2
5IT7_19389,hairpin4
8OM3_3364,3x3
8G6X_13202,bulge2
6HA1_8055,hairpin6
5WFK_9343,hairpin5
7B5K_2402,3x3
8EKC_12858,bulge2
9F1D_15889,bulge2
7PHC_2928,2x2
8P60_3162,3x3
7LHD_11586,bulge2
6C4I_7571,hairpin6
7PIS_2971,2x2
8BQX_3267,2x2
9FRL_4268,2x2
6C4H_7565,hairpin6
7K50_678,bulge4
4V77_3798,bulge2
6GXM_10219,hairpin5
4V5N_3185,bulge2
9H3T_16597,bulge2
4V69_800,3x3
9NLQ_4084,3x3
6HA1_8058,hairpin6
5AN9_14312,bulge1
3J7O_2991,bulge1
4V6Q_952,2x2
3Jan_619,hairpin3
4CXG_2433,hairpin5
8XZ3_15831,bulge2
9F58_17031,bulge2
6SNT_9327,hairpin6
5MGP_1455,3x3
6PC6_8962,hairpin6
6N8J_8283,hairpin6
5IMQ_19303,hairpin4
8IFB_14746,bulge2
7CPV_11565,bulge2
5UYL_9124,hairpin5
8Q87_15907,bulge2
5OOM_8905,hairpin5
8T2R_14508,bulge2
6WDL_9750,bulge2
6FXC_7546,bulge2
8P18_15344,bulge2
8EIU_3220,2x2
9NLE_17210,bulge2
8UQM_15421,bulge2
9ASI_4013,2x2
6O8Z_10956,hairpin5
8P16_15328,bulge2
8IDY_13897,bulge2
5T7V_6983,hairpin6
6O8Y_2494,hairpin3
6SPF_12089,hairpin5
6VZ3_9419,bulge2
7PAS_12002,bulge2
5LZC_1404,3x3
5LZZ_2025,bulge3
9J6Y_16945,bulge2
6VYU_9357,bulge2
6EML_7469,bulge2
7QV3_307,5x5
8SCB_14573,bulge2
4V74_3762,bulge2
8OVA_14482,bulge2
6RXZ_2159,2x2
6YSS_2256,3x3
8CVM_13138,bulge2
5MGP_345,bulge4
8EUG_12877,bulge2
7D6Z_10739,bulge2
6S13_9289,hairpin6
9FNY_16516,bulge2
5LMR_1969,bulge3
8IP8_3704,2x2
4V6M_3576,bulge2
3J6B_4670,hairpin4
5NO4_2091,bulge3
6ORE_11284,hairpin5
6N8J_8031,bulge2
6PC7_11553,hairpin5
7AFN_2962,bulge3
6HRM_8137,hairpin6
9FS8_16549,bulge2
8Q87_4014,bulge3
6HCM_450,bulge4
8JDM_14478,bulge2
6GC8_10124,hairpin5
9B0H_3961,3x3
6G5I_10052,hairpin5
8QOA_15195,bulge2
5IMQ_1367,3x3
5H1S_5723,bulge2
5IT9_15226,bulge1
7N2V_11054,bulge2
9F1B_365,bulge5
6TNN_9498,hairpin6
6R5Q_11817,hairpin5
7TUT_3102,2x2
6I7O_10524,hairpin5
8T3F_16428,bulge2
5LZX_335,bulge4
6FXC_7765,hairpin6
6TNU_12297,hairpin5
6ZSC_10327,bulge2
3JCJ_1437,bulge2
6R87_11870,hairpin5
9GUP_16289,bulge2
8FR8_3142,3x3
6GWT_10204,hairpin5
5U9G_7045,hairpin6
7ZOD_3157,2x2
6TNN_12285,hairpin5
5G2X_5705,bulge2
9NLH_4216,bulge3
6R87_8879,bulge2
8CRX_3454,bulge3
5LMO_6198,bulge2
7KGB_3182,bulge3
7K00_2594,2x2
6P5K_8655,bulge2
3JCE_438,2x2
9J3R_151,4x4
7OJ0_3151,bulge3
9L5R_16823,bulge2
6PCR_8702,bulge2
5AKA_18277,hairpin4
6TH6_2212,2x2
6YT9_2876,bulge3
6SPG_9026,bulge2
5U9F_7033,hairpin6
5JU8_1469,2x2
3J9Y_1577,hairpin6
7K52_10869,bulge2
8FZH_15716,bulge2
5NWY_6838,hairpin6
8XXM_351,bulge5
6SV4_526,bulge4
7PIA_12092,bulge2
6ZVK_261,5x5
5LZW_6524,hairpin6
8FIZ_3276,2x2
5NO3_2030,hairpin3
6DZI_7450,bulge2
8INF_3488,2x2
7JT3_10825,bulge2
7K55_10899,bulge2
5UYN_9152,hairpin5
4CSU_2423,hairpin5
6SZS_2192,2x2
5WFK_7266,hairpin6
5T6R_8962,hairpin5
9NLE_17209,bulge2
3J7Z_1528,hairpin6
3J79_1231,bulge2
6WD7_9598,bulge2
6WQQ_9819,bulge2
6FT6_7740,hairpin6
6O8X_8206,bulge2
6GC6_10106,hairpin5
6SPB_9335,hairpin6
6MTD_2416,hairpin3
8G7Q_14899,bulge2
3J79_1489,hairpin6
5T7V_6786,bulge2
6ORE_11286,hairpin5
8Z71_16471,bulge2
7KWG_10912,bulge2
6GXN_7670,bulge2
9NLJ_17238,bulge2
6GZ4_10283,hairpin5
6HCQ_10434,hairpin5
7QQ3_3215,2x2
6SWC_9073,bulge2
3J9Z_1315,bulge2
8XZ3_15835,bulge2
9GGR_16743,bulge2
7BOI_10707,bulge2
6Q95_1970,3x3
8G6Y_13486,bulge2
3J5L_380,3x3
8QIE_1168,bulge4
6PCS_9012,hairpin6
8YUO_4136,2x2
9H3Z_16621,bulge2
8Z70_4235,2x2
7B5K_10613,bulge2
3J7O_1497,hairpin6
6NU2_1804,3x3
5V7Q_9212,hairpin5
6N8J_1934,2x2
5ADY_1389,2x2
7N2U_3065,bulge3
6T7T_532,bulge4
6QDW_9107,hairpin6
6WD1_9516,bulge2
5X8T_9428,hairpin5
5KPS_320,bulge4
6W7M_9490,bulge2
5IT7_19388,hairpin4
5WE6_7020,bulge2
7JSW_10777,bulge2
6D90_7403,bulge2
6O9J_10984,hairpin5
5LMR_6212,bulge2
6FXC_10024,hairpin5
8VFT_4244,2x2
8URI_3602,3x3
8YLR_4230,2x2
5X8T_1725,2x2
8G60_13451,bulge2
6GC4_10091,hairpin5
6K0B_7908,bulge2
8QPP_14558,bulge2
5UYQ_9192,hairpin5
5K0Y_319,bulge4
8CF5_3547,2x2
4V76_3778,bulge2
8CGK_926,bulge4
8HSP_15207,bulge2
8P2H_15273,bulge2
5T2C_8941,hairpin5
6OST_2046,2x2
7K50_3021,bulge3
7SYG_2874,3x3
5ZEP_7148,bulge2
7OHY_2610,3x3
8ZDB_4314,2x2
6DDD_1787,2x2
6FRK_9986,hairpin5
4V74_3756,bulge2
9NJV_17152,bulge2
7NHN_11157,bulge2
8T5D_3734,3x3
8PKL_3430,3x3
5JTE_19975,hairpin4
8PKL_3432,3x3
5V93_9213,hairpin5
5JBH_19891,hairpin4
8P7X_4151,2x2
4V74_3757,bulge2
7P7T_2857,2x2
7QEP_3011,2x2
5U4I_7023,hairpin6
4V6V_3665,bulge2
6OUO_11413,hairpin5
6LQP_10605,hairpin5
6QYZ_11797,hairpin5
9FBV_15569,bulge2
5UYQ_9194,hairpin5
6ENU_9955,hairpin5
8TOC_3772,2x2
6R84_9204,hairpin6
5IT7_15177,bulge1
6GZ4_7976,hairpin6
5XXB_1727,2x2
5WE4_9307,hairpin5
6ME0_464,bulge4
6GBZ_10079,hairpin5
5JTE_19973,hairpin4
7K54_681,bulge4
6SZS_9418,hairpin6
5UYQ_7132,hairpin6
6T7T_12207,hairpin5
6Z6M_607,bulge4
6FYY_10045,hairpin5
6R6P_8845,bulge2
6GWT_1693,3x3
5LZV_8363,hairpin5
6DDD_7630,hairpin6
6QKL_8786,bulge2
8EUB_14130,bulge2
7JSS_10766,bulge2
6U48_9524,hairpin6
6ENJ_7704,hairpin6
5LZC_6464,hairpin6
6H58_7760,bulge2
3JBO_1652,hairpin6
8CKU_3558,2x2
6GZZ_7737,bulge2
7PAR_11999,bulge2
6O8Y_10944,hairpin5
6OLZ_11196,hairpin5
9FDA_4384,2x2
7Y7C_3293,3x3
6T83_9139,bulge2
6FYY_7787,hairpin6
5JBH_19884,hairpin4
6WDM_9768,bulge2
6TNN_9496,hairpin6
6YSU_2874,bulge3
5JTE_6051,bulge2
6VYW_9365,bulge2
6FXC_2279,hairpin3
6NY1_2476,hairpin3
6ZME_10277,bulge2
8RDV_14865,bulge2
6TC3_9483,hairpin6
6WDG_2157,3x3
5LMP_1489,2x2
7PAR_11993,bulge2
7QV1_2826,3x3
6AZ3_7395,hairpin6
6ZMO_10301,bulge2
8YOO_3953,2x2
6AWD_7174,bulge2
5IMQ_1856,bulge3
5LI0_6416,hairpin6
6DZI_9879,hairpin5
6TC3_9480,hairpin6
8T2R_3618,2x2
6OG7_11060,hairpin5
5MMM_8561,hairpin5
5ZLU_9509,hairpin5
6GZX_10315,hairpin5
5U9G_6848,bulge2
5KPX_1395,3x3
8EVR_14146,bulge2
8YLD_1164,bulge4
6WD8_9604,bulge2
8WI7_3490,3x3
3J7O_577,hairpin3
9GHE_4184,bulge3
6QT0_8807,bulge2
6WD0_2108,3x3
6WD3_2116,3x3
8UQP_15431,bulge2
6ORE_2565,bulge3
5O5J_6687,bulge2
6QT0_11769,hairpin5
6ZTJ_10350,bulge2
7PI9_12080,bulge2
8Q7Z_15898,bulge2
7PIR_2966,2x2
5AKA_18284,hairpin4
3JCN_1723,hairpin6
6OGF_8598,hairpin6
9GHC_17060,bulge2
3J7P_3010,bulge1
6Q9A_228,5x5
3JCE_1701,hairpin6
5LZC_8275,hairpin5
9CAI_15981,bulge2
6D90_9827,hairpin5
6ZM5_10260,bulge2
5LZY_6347,bulge2
6GXP_1851,2x2
7Y7D_3294,3x3
5KPS_6128,bulge2
6O8Z_1986,2x2
4V61_1048,bulge3
6VLZ_9255,bulge2
5LMP_8227,hairpin5
6D9J_9839,hairpin5
5V93_7178,hairpin6
6TH6_244,5x5
9GUV_4067,bulge3
3JBP_1399,bulge2
3J6B_1379,hairpin7
6OGG_8608,hairpin6
7SFR_2848,3x3
8G60_3505,bulge3
5LZS_6497,hairpin6
7PJU_2642,3x3
6GZZ_10320,hairpin5
7AC7_2368,3x3
6RM3_2144,2x2
5LZB_1902,hairpin3
9GUT_3822,3x3
6S13_11997,hairpin5
6YEF_2395,2x2
5NO2_6645,bulge2
6OGF_8599,hairpin6
6GWT_7923,hairpin6
6QUL_11788,hairpin5
6QDW_9108,hairpin6
5MMM_6474,bulge2
5KPS_6124,bulge2
8R6C_15761,bulge2
8RCS_3451,3x3
5TCU_7007,hairpin6
8UPO_3890,2x2
5WF0_9338,hairpin5
8FR8_13510,bulge2
5UYM_6906,bulge2
6OT3_11378,hairpin5
7PAS_2775,3x3
9NLS_17261,bulge2
6H4N_10342,hairpin5
5A9Z_5484,bulge2
5Y88_7121,bulge2
5MYJ_6518,bulge2
3J6B_74,bulge5
7ACR_2376,3x3
9GFT_4318,2x2
8HTZ_15215,bulge2
6SNT_8996,bulge2
6WDF_9686,bulge2
8EYQ_3282,3x3
6OGG_11090,hairpin5
7PJV_2644,3x3
8TOC_341,bulge5
9B0P_16880,bulge2
8R55_3366,3x3
5V93_7173,hairpin6
6NF8_2449,bulge3
5H1S_1841,bulge3
4V75_3776,bulge2
8HD6_340,5x5
3JAH_610,hairpin3
5LQW_6449,hairpin6
6I9R_7894,bulge2
8UU7_3473,3x3
6PC7_8680,bulge2
5AN9_14316,bulge1
4V6R_3623,bulge2
5LMP_1963,bulge3
5MGP_8532,hairpin5
5WE6_7249,hairpin6
7N2U_11041,bulge2
8HSP_3852,bulge3
7K55_2605,2x2
9H3W_16609,bulge2
6OLE_8655,hairpin6
6FXC_10039,hairpin5
5H1S_19055,hairpin4
5ZEB_7133,bulge2
7MT7_11671,bulge2
3J7A_2973,bulge1
8G31_14422,bulge2
6OST_8833,hairpin6
8K2B_15582,bulge2
6OGI_11109,hairpin5
3JCN_1452,bulge2
6PPK_11646,hairpin5
9B0F_4365,2x2
8RJC_14662,bulge2
6R86_11868,hairpin5
6MTC_8262,hairpin6
3JCT_109,bulge4
6YS3_10099,bulge2
6HA8_7789,bulge2
6OLI_8691,hairpin6
8RXX_3869,2x2
8GLP_13498,bulge2
6HMA_8130,hairpin6
3J9Y_1306,bulge2
6SV4_2705,hairpin3
4V6M_944,2x2
6YSU_10145,bulge2
6SKF_9315,hairpin6
6GC7_10109,hairpin5
6R5Q_2127,2x2
9NLH_17231,bulge2
8OM4_3365,3x3
7OIZ_2719,2x2
8SCB_14574,bulge2
6N8L_2442,hairpin3
8PHJ_3697,bulge3
5WF0_1709,2x2
6H58_2338,hairpin3
9MQ4_4110,bulge3
6SZS_2016,3x3
6RXV_11921,hairpin5
8FZH_15715,bulge2
6O8X_10935,hairpin5
6GC0_1677,3x3
8G7S_14917,bulge2
5T7V_8975,hairpin5
5UQ8_9104,hairpin5
7OII_2804,2x2
6ZTM_10368,bulge2
8WID_3809,2x2
5MC6_6370,bulge2
5AJ4_18259,hairpin4
6PC5_8669,bulge2
3JBO_2219,hairpin5
4D67_1595,bulge2
4V6P_3605,bulge2
6ZUO_10433,bulge2
3JBO_2224,hairpin5
6WD8_553,bulge4
7ODE_2708,3x3
6HRM_8142,hairpin6
6TMF_9490,hairpin6
5UYM_6901,bulge2
5ZET_9500,hairpin5
6H58_8038,hairpin6
6SKF_8972,bulge2
5ND8_6538,bulge2
3J7A_4701,hairpin4
7PAH_2865,2x2
6WDJ_2797,bulge3
6HA1_2343,hairpin3
9GHD_4181,bulge3
7A5G_10478,bulge2
8IFC_14752,bulge2
5AN9_4915,hairpin7
8PJ3_361,bulge5
8P2G_15257,bulge2
6ZSG_10337,bulge2
6P5I_2075,2x2
5JUT_6098,bulge2
5NWY_8807,hairpin5
6XDQ_9908,bulge2
5MDZ_8491,hairpin5
6I9R_8197,hairpin6
6WD4_9552,bulge2
7OHQ_11386,bulge2
6GXN_1849,2x2
8CGK_13822,bulge2
6OFX_11043,hairpin5
6N8M_8301,hairpin6
9H3W_16607,bulge2
5KPV_8147,hairpin5
6O8Y_10948,hairpin5
7SFR_2851,3x3
6OKK_8373,bulge2
6VU3_2702,bulge3
8AM9_3026,3x3
8QOZ_3885,bulge3
8JIW_3823,2x2
3J9W_599,hairpin3
6SV4_9371,hairpin6
8FLC_369,5x5
5VT0_9269,hairpin5
5JTE_15673,bulge1
5ND8_6709,hairpin6
6OLF_8388,bulge2
4ADV_2379,hairpin5
5MRF_2060,bulge3
7NHN_2549,3x3
5M1J_1932,hairpin3
6SPG_9361,hairpin6
6D90_7612,hairpin6
6WD4_9555,bulge2
6ORE_11290,hairpin5
6X7K_2819,bulge3
8RXX_15312,bulge2
8Z70_4237,2x2
6HMA_8132,hairpin6
5GAK_14872,bulge1
7PIS_2969,2x2
6QTZ_11774,hairpin5
8RCM_3786,bulge3
6OM6_11217,hairpin5
6VYR_2245,2x2
8FZG_15706,bulge2
9GFT_3909,3x3
6WU9_2345,2x2
6LQM_7922,bulge2
5OPT_8906,hairpin5
6RI5_9223,hairpin6
6N8L_8046,bulge2
6Q98_8750,bulge2
4V4N_741,2x2
8URH_3599,3x3
6HCM_10429,hairpin5
3J79_1384,hairpin7
8RCS_14981,bulge2
6WQQ_2188,3x3
3JAJ_1629,hairpin6
5IQR_5817,bulge2
6N8J_2435,hairpin3
6R5Q_9172,hairpin6
5FLX_18978,hairpin4
5UQ8_7075,hairpin6
6WDA_9632,bulge2
6H58_10371,hairpin5
7OIG_2720,3x3
5LZS_1908,hairpin3
5X8P_2149,hairpin3
8VFT_3841,3x3
9F1C_15877,bulge2
6SV4_12124,hairpin5
6MTB_10657,hairpin5
8PV8_3719,bulge3
5O2R_8814,hairpin5
7NRD_11187,bulge2
6ZU5_2496,2x2
5MYJ_8612,hairpin5
6Q98_11694,hairpin5
6RI5_11888,hairpin5
6GXN_10234,hairpin5
7PO3_2808,3x3
5IMQ_5190,hairpin7
6Y69_10042,bulge2
5WFS_9358,hairpin5
6S0X_11970,hairpin5
8HSP_15211,bulge2
6TBV_2026,3x3
7LV0_10950,bulge2
5UYL_6899,bulge2
8OJ8_3754,bulge3
9GFT_16732,bulge2
6WD0_9503,bulge2
4V6R_865,3x3
6SV4_9061,bulge2
6ZTM_10366,bulge2
8G61_13461,bulge2
8YP6_16826,bulge2
5H1S_19047,hairpin4
8QFD_14843,bulge2
6Y2L_584,bulge4
8FKT_3542,bulge3
6J6G_10569,hairpin5
6HCM_10427,hairpin5
6ZXF_2515,2x2
8EIU_824,bulge4
9MOR_3889,3x3
7NRC_11167,bulge2
6GQV_7882,hairpin6
8K82_15605,bulge2
4V4W_863,bulge3
8RJD_14669,bulge2
9F1D_15888,bulge2
5KPX_6165,bulge2
8CRX_13200,bulge2
6TB3_12232,hairpin5
6LQM_7926,bulge2
6TC3_9167,bulge2
6RZZ_11948,hairpin5
6FYX_2287,hairpin3
6Z6N_10243,bulge2
5MDY_8478,hairpin5
9GHB_17054,bulge2
5NP6_6823,hairpin6
8E3O_3180,3x3
3JCJ_1439,bulge2
6NEQ_8342,hairpin6
5IMR_19324,hairpin4
5LZX_1924,hairpin3
5ZEB_7132,bulge2
5MYJ_6692,hairpin6
6OLZ_8413,bulge2
9B0R_390,bulge5
8IPD_13941,bulge2
6OM7_2544,hairpin3
6O9J_1994,2x2
6TC3_2030,3x3
7K52_10875,bulge2
6GBZ_7820,hairpin6
9G8O_370,bulge5
7LS2_10947,bulge2
8P8W_16232,bulge2
7AF3_264,5x5
5MGP_8527,hairpin5
6HA1_2342,hairpin3
6PC7_8976,hairpin6
8B6C_332,5x5
5LZU_6512,hairpin6
7TQL_3094,2x2
8SCB_3636,2x2
6PC6_1943,3x3
6J6G_1751,3x3
8RD8_14856,bulge2
8YUO_3766,3x3
7R6N_98,4x4
5JUS_6094,bulge2
5MMM_8557,hairpin5
4V79_3821,bulge2
5V93_2142,bulge3
6P5J_2622,bulge3
5LZY_8405,hairpin5
6ZU1_10416,bulge2
6DZP_7462,bulge2
8CIV_14251,bulge2
6YDP_2236,3x3
3J9Z_1325,bulge2
5X8T_9424,hairpin5
5AKA_18273,hairpin4
6OGG_11094,hairpin5
8C00_3203,2x2
8Y0U_14719,bulge2
8ZTV_16850,bulge2
6X7K_2354,2x2
6MTC_10669,hairpin5
6WD3_9546,bulge2
6XIJ_2216,3x3
5AKA_18275,hairpin4
6QZP_11800,hairpin5
6J6Q_10574,hairpin5
3J7P_2028,hairpin5
8CGU_3595,bulge3
6MTD_1924,2x2
5APN_4930,hairpin7
8B5L_3244,2x2
6QTZ_8812,bulge2
6SGC_12021,hairpin5
6ENF_2338,bulge3
5WE4_7008,bulge2
7NSQ_2566,3x3
5IQR_5816,bulge2
5AFI_4886,hairpin7
6M62_10635,hairpin5
6V3E_9252,bulge2
7BOD_2974,bulge3
7N30_2522,3x3
6SZS_9087,bulge2
8PFR_1053,bulge4
5ZEB_7129,bulge2
6MTC_1922,2x2
6FTJ_10021,hairpin5
8XXM_3556,3x3
7NHM_2660,2x2
5OT7_6748,bulge2
9L0R_4423,2x2
8EVT_14155,bulge2
6DZI_9881,hairpin5
3JCD_1422,bulge2
9FO0_4262,2x2
8RCS_14975,bulge2
6LSR_7935,bulge2
4V6N_3580,bulge2
6VZ2_9417,bulge2
5UYP_9171,hairpin5
5JBH_15603,bulge1
7B7D_10618,bulge2
4V6U_3655,bulge2
8CAH_3390,2x2
6XZA_9992,bulge2
6P5I_8638,bulge2
6FXC_7772,hairpin6
3J5Y_1371,hairpin7
8PKL_14937,bulge2
6ORL_11292,hairpin5
6GQ1_10126,hairpin5
5IT7_19360,hairpin4
5IMR_19307,hairpin4
6OGG_8331,bulge2
6OLZ_11193,hairpin5
7MT2_2689,3x3
3J79_1387,hairpin7
6H58_1717,3x3
6PCT_9025,hairpin6
8VKI_4336,2x2
6WOO_571,bulge4
4V70_3709,bulge2
6OGG_1850,3x3
6T7T_9445,hairpin6
6SPD_2008,3x3
8R6C_3678,3x3
6QDW_11731,hairpin5
8FLA_13782,bulge2
9NJV_17148,bulge2
6S0Z_9269,hairpin6
6XII_9944,bulge2
8PJ6_4005,2x2
6I7O_10527,hairpin5
5ANB_4919,hairpin7
6VYU_2725,bulge3
3J79_2962,bulge1
7P7Q_2841,2x2
8C93_3118,3x3
8P2H_15271,bulge2
7D6Z_10733,bulge2
7OHV_11389,bulge2
7N2V_3068,bulge3
6PVK_11654,hairpin5
6GXO_7948,hairpin6
8RXH_15305,bulge2
6YLY_10091,bulge2
6GC8_10120,hairpin5
9GHH_4191,bulge3
6OGG_11089,hairpin5
6U48_9522,hairpin6
6W6K_9466,bulge2
6TPQ_12303,hairpin5
9GR1_3815,3x3
6ZTN_10380,bulge2
6GZQ_1863,2x2
7QQ3_3008,3x3
6WNV_2181,3x3
8JDL_14465,bulge2
8Y38_15791,bulge2
6OSQ_2563,hairpin3
8VR4_4343,2x2
3JBN_2212,hairpin5
8PJ3_4001,2x2
6V3B_9236,bulge2
6GAW_2354,bulge3
6FRK_7505,bulge2
6OGG_11097,hairpin5
7SYH_2876,3x3
4V8M_4426,bulge2
6YDP_2861,bulge3
5LMQ_6205,bulge2
9J3T_3988,3x3
9FNZ_16523,bulge2
5IT7_19359,hairpin4
5ZET_9504,hairpin5
6ENJ_7698,hairpin6
6GBZ_10073,hairpin5
8RWG_144,4x4
5APO_5556,bulge2
8UR0_15441,bulge2
6HD7_10444,hairpin5
3JAG_2153,hairpin5
7PAR_3264,bulge3
9GMO_16061,bulge2
6Q9A_9099,hairpin6
6SGC_12029,hairpin5
5WDT_9300,hairpin5
8IPX_13948,bulge2
6T4Q_9097,bulge2
5FLX_14836,bulge1
8G7Q_14893,bulge2
8Y38_3694,3x3
4A2I_1541,bulge2
4V77_3795,bulge2
5Z3G_2161,hairpin3
8UU7_3475,3x3
6WDD_2789,bulge3
5JTE_5349,hairpin7
8G7Q_3741,2x2
8P8V_4170,2x2
9NLQ_17249,bulge2
9FS6_16546,bulge2
5KPV_6378,hairpin6
8P17_3876,2x2
8RCL_3497,3x3
6NU2_8123,bulge2
6OT3_2566,hairpin3
8OVA_981,bulge4
8YUO_16130,bulge2
7O81_2712,2x2
3J79_1233,bulge2
9E7F_4193,2x2
8P2H_15277,bulge2
7WTS_2935,3x3
7PWG_96,4x4
9GUW_16318,bulge2
8VRL_3942,3x3
6FYY_2288,hairpin3
7AFI_10539,bulge2
7UCJ_3103,2x2
9GFT_3912,3x3
6T59_2675,bulge3
8IFB_14748,bulge2
8BTK_3385,2x2
6PCH_8692,bulge2
8PEG_14925,bulge2
9H3K_16566,bulge2
8Q7Z_15902,bulge2
6HRM_2408,bulge3
5IQR_19353,hairpin4
6R5Q_11808,hairpin5
7WTZ_2947,3x3
7PIS_12164,bulge2
5A9Z_5486,bulge2
8FKU_13718,bulge2
9HA7_4295,2x2
8EKC_329,5x5
5ZEB_206,bulge5
5O61_6865,hairpin6
6XE0_2833,bulge3
3JBU_430,2x2
9GHA_17037,bulge2
6LSR_7938,bulge2
8Y38_3981,2x2
8HTZ_3853,bulge3
8Z70_3837,3x3
9NLE_17203,bulge2
8EWC_14168,bulge2
6X7K_9877,bulge2
5MDV_8449,hairpin5
6Z6N_10247,bulge2
6YWY_10194,bulge2
6PCT_11612,hairpin5
8G6Y_3358,2x2
6HRM_10496,hairpin5
8HSP_15214,bulge2
6MTB_8000,bulge2
6O9J_8542,hairpin6
6WD3_9547,bulge2
5XYM_7324,hairpin6
6WRS_9827,bulge2
4V4B_2566,bulge2
3J9Y_1313,bulge2
8IDY_13903,bulge2
3JA1_2145,hairpin5
8FZF_15549,bulge2
8HU1_3855,bulge3
8FKU_3449,2x2
8XT1_15646,bulge2
8G6Y_3134,3x3
6WD4_9551,bulge2
6RXV_11923,hairpin5
6OLE_8376,bulge2
8P2G_15267,bulge2
6WD6_2299,2x2
8I9Y_3149,3x3
9H3R_3858,3x3
7NHL_11136,bulge2
5JTE_6056,bulge2
5GAE_1355,3x3
6WD3_9548,bulge2
5JTE_19962,hairpin4
6ZJ3_10251,bulge2
8QBT_3817,2x2
7OJ0_2619,3x3
6VLZ_12385,hairpin5
6D9J_2250,hairpin3
6VWM_2709,bulge3
8Q7Z_3728,3x3
8RDW_14873,bulge2
8XSZ_3949,2x2
9NJF_1212,bulge4
7K51_2467,3x3
6SV4_9374,hairpin6
6WDK_2799,bulge3
8CD1_3373,3x3
6OSQ_1899,3x3
6H58_7753,bulge2
8RCM_14968,bulge2
8Q7Z_4023,2x2
7BL6_10676,bulge2
7AF5_2382,3x3
3J7A_2975,bulge1
6GXP_7691,bulge2
6YPU_10097,bulge2
6FXC_10033,hairpin5
6VWN_2241,2x2
7UNV_3124,2x2
8OHD_14792,bulge2
7AC7_10513,bulge2
6YWV_2422,2x2
8OZ0_14674,bulge2
6ERI_1809,2x2
5LZS_1509,2x2
5AKA_5532,bulge2
5WYK_1716,2x2
6VWN_2711,bulge3
6GXN_2375,bulge3
6EXN_7499,bulge2
4V6L_846,3x3
7K55_10902,bulge2
8FKT_915,bulge4
9NLH_17230,bulge2
8JDL_396,5x5
8WIB_15130,bulge2
6TNU_12290,hairpin5
5O60_8837,hairpin5
6GQB_434,bulge4
8FZI_3667,3x3
6D90_9830,hairpin5
7PIQ_2962,2x2
6OUO_1919,3x3
3JBV_2256,hairpin5
8CH6_13431,bulge2
8OVA_3608,2x2
7OG4_2599,3x3
3J5L_2001,hairpin5
6PCT_11609,hairpin5
7PAM_2884,2x2
6DZK_7454,bulge2
5MDY_8472,hairpin5
6DZP_1799,2x2
6V39_9553,hairpin6
7AFH_2386,3x3
5ZET_1741,2x2
3J7O_2019,hairpin5
6GQB_10136,hairpin5
4V6P_3602,bulge2
7AS8_2544,2x2
6SPB_12066,hairpin5
6W7N_2762,bulge3
6GQB_7603,bulge2
9L0R_4416,2x2
5U4I_6824,bulge2
9ISV_3976,3x3
8T2X_16381,bulge2
6O90_8524,hairpin6
6ZTO_2313,3x3
6DDG_7631,hairpin6
6ENU_1806,2x2
6VLZ_9256,bulge2
6N8K_2439,hairpin3
6P5N_2596,hairpin3
8G60_869,bulge4
6GAZ_2355,bulge3
8QCQ_15185,bulge2
5LZV_1918,hairpin3
5U9G_6839,bulge2
5MDZ_6593,hairpin6
5MYJ_8601,hairpin5
6TC3_9477,hairpin6
7NHN_3095,bulge3
5UYL_6894,bulge2
7QGU_303,5x5
7AFL_10543,bulge2
3JBN_2213,hairpin5
7NAC_3171,2x2
5T5H_8949,hairpin5
6WD5_2297,2x2
5UYM_6912,bulge2
6GQV_7610,bulge2
5FLX_14833,bulge1
9NLS_4493,2x2
4UJE_2518,bulge2
8EMM_13559,bulge2
5MY1_6513,bulge2
4V6V_1143,bulge3
7OIF_2797,2x2
7N2U_2514,3x3
7JT3_676,bulge4
5KPX_6402,hairpin6
5MYJ_8611,hairpin5
7QV3_3030,2x2
6ORE_8483,bulge2
7N1P_11020,bulge2
8P16_3566,3x3
6GZ5_7981,hairpin6
4V91_4561,bulge2
9F1B_15870,bulge2
6O8X_10930,hairpin5
6MTD_1926,2x2
5LZT_1513,2x2
6O8Y_10945,hairpin5
7PAH_11902,bulge2
5M1J_1933,hairpin3
6PCS_11608,hairpin5
8S1U_15514,bulge2
5NO3_6649,bulge2
8Y36_15781,bulge2
6ZSE_2289,3x3
7JSS_10762,bulge2
9H3P_3855,3x3
3J9Y_404,2x2
8P7X_16189,bulge2
6WD3_9545,bulge2
7NSI_2555,3x3
9GHG_4188,bulge3
6WYV_9849,bulge2
6H4N_7750,bulge2
8G4I_4123,2x2
8FIZ_13220,bulge2
5UQ7_6866,bulge2
6RXV_2153,2x2
6ORL_11296,hairpin5
5ND8_6543,bulge2
5T7V_6979,hairpin6
3JAI_2182,hairpin5
6GXM_7662,bulge2
5IQR_15149,bulge1
8TPU_15856,bulge2
5APO_18326,hairpin4
5ANC_5547,bulge2
5M1J_338,bulge4
9L0R_4395,2x2
7P6Z_2743,3x3
6ZVK_10441,bulge2
5IMQ_5180,hairpin7
6OUO_8869,hairpin6
7NRD_11182,bulge2
5XXU_9435,hairpin5
8G7R_3418,3x3
6QX9_11794,hairpin5
8QPP_14565,bulge2
6ZM6_10263,bulge2
5LZC_6255,bulge2
6HCJ_10420,hairpin5
6GC4_7833,hairpin6
4CXH_2434,hairpin5
7BOH_10703,bulge2
6SZS_12157,hairpin5
6TMF_2742,hairpin3
5UYP_385,bulge4
8URY_15521,bulge2
5JTE_15669,bulge1
6DZK_7664,hairpin6
8TOC_3764,2x2
9H3S_1175,bulge4
6WDC_9650,bulge2
7BL4_10658,bulge2
6UZ7_12338,hairpin5
7OTC_2824,2x2
8I9T_3368,2x2
7NFX_11108,bulge2
7PAQ_11985,bulge2
6XIJ_2217,3x3
6H58_8032,hairpin6
9FS6_16545,bulge2
7N2U_11043,bulge2
6QZP_9163,hairpin6
6SPF_9024,bulge2
3J5L_1369,hairpin7
4V77_910,3x3
5X8T_2150,hairpin3
4V19_2533,bulge2
6H4N_10343,hairpin5
3JA1_1597,hairpin6
5KPW_1949,bulge3
8FKT_3199,3x3
9L0R_4390,2x2
7SYG_2875,3x3
6OM7_8439,bulge2
6GZQ_7994,hairpin6
9F9S_16370,bulge2
6WD9_2136,3x3
8YOP_1074,bulge4
7NHM_2657,2x2
6GQV_7609,bulge2
8R6C_15755,bulge2
5GAE_5711,bulge2
6RXT_11911,hairpin5
8XT0_15643,bulge2
5H4P_19065,hairpin4
6WD9_554,bulge4
6RXV_517,bulge4
7NHM_11146,bulge2
8OM4_14613,bulge2
3J6B_2003,hairpin5
9B0R_16904,bulge2
5JBH_1462,2x2
5MMI_8550,hairpin5
5UQ7_7064,hairpin6
8IP8_3702,2x2
5UMD_6853,bulge2
6HA1_7780,bulge2
8K0R_3865,2x2
8WHY_15100,bulge2
8Q5I_3533,2x2
8AP4_2985,3x3
8K2D_3935,2x2
8G34_3333,3x3
7PJT_2635,3x3
7JSZ_10786,bulge2
5LMP_6203,bulge2
8CEU_13848,bulge2
8P2H_15270,bulge2
7MT2_11651,bulge2
5ANC_5546,bulge2
6OKK_1862,3x3
6WD9_9621,bulge2
3JAI_2179,hairpin5
8Y38_15793,bulge2
8Z71_3839,3x3
8URI_3917,bulge3
8G31_3327,3x3
6H4N_10340,hairpin5
5O61_6869,hairpin6
7ACJ_10519,bulge2
8RCS_14970,bulge2
6RXT_8902,bulge2
4V65_890,2x2
6OT3_8844,hairpin6
4V6T_3647,bulge2
6GQV_7881,hairpin6
5IT7_15156,bulge1
6VYX_9376,bulge2
8YOP_15666,bulge2
8CGV_3221,3x3
6OLE_8661,hairpin6
5MRC_6657,hairpin6
8G34_14430,bulge2
6U48_12314,hairpin5
8P2K_3468,2x2
6SPG_9359,hairpin6
6WD7_552,bulge4
6T4Q_12174,hairpin5
5LZC_8271,hairpin5
5KPX_8172,hairpin5
9NKL_4201,bulge3
4V6K_3554,bulge2
5U4I_7020,hairpin6
9NLF_17215,bulge2
8Y37_15789,bulge2
7UNW_2931,3x3
6BK8_9567,hairpin5
6PC8_8982,hairpin6
6I0Y_10522,hairpin5
8SYL_13984,bulge2
3JBP_1666,hairpin6
6SKG_2684,hairpin3
6Z1P_10202,bulge2
6GXO_7686,bulge2
7D6Z_10730,bulge2
6XZA_9993,bulge2
8Z71_16465,bulge2
8G6Y_872,bulge4
3JAH_97,bulge4
6Y69_10037,bulge2
6PPK_2101,2x2
3JBN_1381,bulge2
7MQA_687,bulge4
7PIC_2945,2x2
6GQB_10145,hairpin5
5H4P_5117,hairpin7
6PC5_8958,hairpin6
5IT7_15166,bulge1
6HIV_10476,hairpin5
6ENJ_7479,bulge2
6G5I_1821,2x2
6SPG_9360,hairpin6
8K2A_15578,bulge2
8BUU_3110,3x3
4V68_3381,bulge2
8CG8_14238,bulge2
8QBT_15168,bulge2
8UR0_15439,bulge2
8EMM_13564,bulge2
7OOC_2816,2x2
7S1G_2667,3x3
8G6X_13204,bulge2
7M4Z_2623,2x2
5O60_6853,hairpin6
8R8M_15772,bulge2
5OT7_1643,2x2
6WD7_2301,2x2
8T3D_16417,bulge2
9GHE_17083,bulge2
8BIM_3512,2x2
6O9K_8269,bulge2
6HTQ_7851,bulge2
5GAK_14862,bulge1
6OLF_2525,hairpin3
6QZP_11806,hairpin5
6TNN_9497,hairpin6
6S0K_11962,hairpin5
8JDK_14464,bulge2
6FF4_2347,bulge3
6WNW_9795,bulge2
7K50_10846,bulge2
9N2B_1203,bulge4
8P6P_16182,bulge2
7M4Z_3055,bulge3
6TNN_12276,hairpin5
5LZV_6520,hairpin6
6LSS_7941,bulge2
8G7R_14907,bulge2
5IT7_5830,bulge2
7PJX_2654,3x3
3J5L_1477,hairpin6
5MRF_1962,hairpin3
6GQV_7877,hairpin6
7OIF_2714,3x3
5MRC_6660,hairpin6
8RCM_3446,3x3
6GWT_7653,bulge2
6YWX_10183,bulge2
6ZJ3_612,bulge4
5MDW_8460,hairpin5
6NU2_10825,hairpin5
6QZP_2633,hairpin3
5UYK_9119,hairpin5
6WDL_9759,bulge2
5ZEB_7340,hairpin6
7PIQ_2964,2x2
6ZTO_10393,bulge2
8R6C_15753,bulge2
6ORL_8790,hairpin6
6H58_1726,3x3
9B0Q_3968,3x3
6XDQ_2828,bulge3
7K54_2477,3x3
6GXN_10224,hairpin5
6Y69_10032,bulge2
6XA1_9900,bulge2
9CAI_15987,bulge2
5WE6_9323,hairpin5
8QOA_15198,bulge2
5AJ4_14287,bulge1
8URI_15460,bulge2
5LZE_8299,hairpin5
6OUO_8870,hairpin6
8IFC_14761,bulge2
6I9R_10561,hairpin5
6FRK_7510,bulge2
5UQ7_6863,bulge2
8QOA_3517,3x3
8PV2_3670,bulge3
3J5L_1366,hairpin7
6PCH_11577,hairpin5
8P18_15355,bulge2
5H1S_5113,hairpin7
6GXP_7960,hairpin6
8UPO_15386,bulge2
9GGR_1193,bulge4
8HSP_3851,bulge3
9FRA_16532,bulge2
5IT7_5824,bulge2
7Y7E_3298,3x3
6RBD_11877,hairpin5
3J7Z_1527,hairpin6
6S13_11999,hairpin5
5ND8_8638,hairpin5
6AHR_9519,hairpin5
5LZS_6501,hairpin6
9HC4_17132,bulge2
6VYY_9393,bulge2
3J7O_1393,hairpin7
6X6T_9864,bulge2
6C4I_7351,bulge2
5JUO_6077,bulge2
6YWE_10166,bulge2
6OT3_1905,3x3
6DZI_7447,bulge2
8RCS_3793,bulge3
8G7S_14914,bulge2
3J7O_2989,bulge1
8EYQ_14172,bulge2
8P6P_16181,bulge2
7OHV_719,bulge4
8QHU_16691,bulge2
6S47_2675,hairpin3
6XZ7_9989,bulge2
5JTE_6058,bulge2
6FTG_9998,hairpin5
6SKF_12036,hairpin5
6V3E_2695,bulge3
8FR8_3518,bulge3
5GAK_19040,hairpin4
6PCS_9020,hairpin6
8Y0U_14714,bulge2
5L3P_8192,hairpin5
6QUL_11786,hairpin5
6ZTO_2489,2x2
8SYL_3499,2x2
6N8J_8282,hairpin6
6YLH_10083,bulge2
5UYL_6900,bulge2
7PI8_2933,2x2
6WQQ_9820,bulge2
8UIY_403,bulge5
9NJV_17147,bulge2
8WIC_15143,bulge2
5T7V_6975,hairpin6
5APN_14335,bulge1
6R86_9211,hairpin6
6QW6_11793,hairpin5
4V4N_83,5x5
6OLE_8375,bulge2
5KPX_1952,bulge3
5U9G_2118,bulge3
8T2Z_16394,bulge2
6MEC_8249,hairpin6
8WHX_15094,bulge2
7Y7D_3297,3x3
6HTQ_7853,bulge2
5U9F_7032,hairpin6
9H3Y_16613,bulge2
5ZEB_7126,bulge2
6SNT_12051,hairpin5
3J7P_2998,bulge1
6FXC_2284,hairpin3
7XD4_335,5x5
5A9Z_5488,bulge2
5KPV_8140,hairpin5
5NJT_6798,hairpin6
8Y0X_14734,bulge2
6N8M_10722,hairpin5
5H4P_14911,bulge1
5LZC_6467,hairpin6
7MT7_11669,bulge2
7N2C_2509,3x3
8RD8_3730,2x2
9DYG_16179,bulge2
6TNN_12283,hairpin5
3JCN_2308,hairpin5
6SKF_12041,hairpin5
8RCT_3794,bulge3
5O61_6875,hairpin6
6GQB_7607,bulge2
6YLY_596,bulge4
8FLE_13802,bulge2
8URH_3903,2x2
6S13_12007,hairpin5
5MGP_8531,hairpin5
8P8V_16219,bulge2
5GAK_5714,bulge2
8ZTU_4133,bulge3
8T5D_4015,bulge3
7AQD_10562,bulge2
3J7P_2025,hairpin5
8UKB_16241,bulge2
6SV4_12140,hairpin5
6O9K_1996,2x2
5ZEP_9496,hairpin5
6WDM_9772,bulge2
5JUU_6343,hairpin6
5IT7_5829,bulge2
7M5D_2772,2x2
6ENJ_7483,bulge2
5UQ7_9088,hairpin5
6OSK_11340,hairpin5
8T5H_4031,2x2
5IMQ_5183,hairpin7
8OVE_14491,bulge2
6OM0_8416,bulge2
8G34_3334,3x3
6SWE_9408,hairpin6
6SGC_12025,hairpin5
5O61_8849,hairpin5
3J7O_1241,bulge2
8G34_3335,3x3
6LSR_10623,hairpin5
6SPE_9346,hairpin6
5LMT_6217,bulge2
8Y0W_3386,3x3
5LKS_8211,hairpin5
8D8K_12849,bulge2
6N8N_8054,bulge2
6R86_9207,hairpin6
6OSQ_11352,hairpin5
5OA3_6879,hairpin6
7BL6_2412,3x3
6OIG_8624,hairpin6
5MY1_6509,bulge2
6WDE_2790,bulge3
7LS2_283,bulge5
5ND8_8635,hairpin5
6AZ3_7183,bulge2
8I7N_318,bulge5
8Y39_15809,bulge2
5IT7_15176,bulge1
8JDJ_14452,bulge2
4CE4_2416,hairpin5
5LZU_8347,hairpin5
6SPB_2007,3x3
5JPQ_15654,bulge1
6O8X_2489,hairpin3
5AA0_5495,bulge2
3J7P_2995,bulge1
6FEC_9975,hairpin5
6WD1_2765,bulge3
6WDD_9661,bulge2
8WI7_3489,3x3
6ZTM_10370,bulge2
5MDW_6387,bulge2
8K2D_15598,bulge2
9NJF_17137,bulge2
6HMA_10487,hairpin5
6ZMW_271,bulge5
3J0L_60,5x5
5KPW_6386,hairpin6
8FR8_13511,bulge2
9GFT_4324,2x2
6VWL_2058,3x3
7N2C_688,bulge4
8FZD_3960,2x2
6ORE_2555,hairpin3
5AFI_1783,bulge3
5NCO_8624,hairpin5
8YP6_4131,bulge3
7MDZ_685,bulge4
8QOA_15194,bulge2
3JCE_1433,bulge2
6PJ6_9032,hairpin6
6MTB_1757,3x3
4V7B_1174,bulge3
6RW4_11904,hairpin5
4V6Q_861,3x3
8EVS_3526,2x2
6VYT_2722,bulge3
9GGR_3919,3x3
6GZ3_7700,bulge2
5FLX_18980,hairpin4
6OT3_8549,bulge2
6WD9_9619,bulge2
9GUQ_16292,bulge2
3J0P_386,2x2
6WDI_9717,bulge2
6SV4_9038,bulge2
5U4I_9043,hairpin5
8RD8_14849,bulge2
7M4Z_11004,bulge2
8G2U_3594,2x2
5AKA_18286,hairpin4
8P5D_13591,bulge2
6GC7_7847,hairpin6
8T2Y_4216,2x2
6SPD_2183,2x2
5X8T_9426,hairpin5
6Q97_11685,hairpin5
5IQR_19345,hairpin4
3JCT_2324,hairpin5
5XXB_7307,hairpin6
7OLC_11753,bulge2
5UQ8_2125,bulge3
5APO_14364,bulge1
6VYR_9321,bulge2
5MGP_6621,hairpin6
4V4V_860,bulge3
8PV8_14615,bulge2
5LZX_6336,bulge2
6YWX_2881,bulge3
5MYJ_6696,hairpin6
3J7O_1498,hairpin6
6PC6_11546,hairpin5
8Y39_3697,3x3
8XT3_15652,bulge2
8PV7_14399,bulge2
6WRS_9829,bulge2
9B0P_16881,bulge2
6SPG_12109,hairpin5
8FLE_13806,bulge2
5TCU_6805,bulge2
5LZE_1415,3x3
6YSU_10149,bulge2
7NHK_11119,bulge2
5WF0_7027,bulge2
7LHD_2760,2x2
5GAK_5715,bulge2
7SYO_2889,3x3
8FZI_15725,bulge2
6V3B_12370,hairpin5
6OGI_2511,hairpin3
5ME0_8495,hairpin5
6YWY_2432,2x2
6XII_9952,bulge2
5LJ5_6190,bulge2
7PAI_11914,bulge2
6HRM_10501,hairpin5
7PIR_12155,bulge2
5WFS_7270,hairpin6
8VKW_4339,2x2
5LZF_8321,hairpin5
3J79_2955,bulge1
6X9Q_9891,bulge2
3J7Z_1272,bulge2
8URI_3916,bulge3
7LVK_736,bulge4
6W6P_9480,bulge2
9GUX_4073,bulge3
5NP6_6655,bulge2
8HTZ_15220,bulge2
9J3T_170,4x4
3JBU_2237,hairpin5
6QKL_9118,hairpin6
8IPA_3710,2x2
3J9Y_2120,hairpin5
6R7Q_2651,bulge3
7BL2_658,bulge4
9H3N_3853,3x3
6LSS_8232,hairpin6
6O9K_8553,hairpin6
8XSX_3959,bulge3
9H3Z_16625,bulge2
6RBE_515,bulge4
6RXZ_11935,hairpin5
6S12_9281,hairpin6
8YUO_3767,3x3
6I0Y_2369,hairpin3
6WDI_563,bulge4
5LZU_8346,hairpin5
6ZTP_10410,bulge2
8G31_14418,bulge2
6PCS_8708,bulge2
8INE_3615,bulge3
6MTC_2414,hairpin3
8YUR_16163,bulge2
8Y39_3999,bulge3
6SPG_12112,hairpin5
8OO0_3724,2x2
8I7J_3676,2x2
6WDM_9762,bulge2
6VLZ_12387,hairpin5
4ADV_489,bulge3
8WHX_15096,bulge2
8FZH_15720,bulge2
6HTQ_8147,hairpin6
5JBH_19882,hairpin4
7PIQ_2801,3x3
6ENF_7473,bulge2
9L0R_4396,2x2
9GGR_4122,bulge3
6S0K_11956,hairpin5
5MRC_6483,bulge2
7PAK_2765,3x3
7AC7_2365,3x3
5NGM_6792,hairpin6
6LQS_460,bulge4
6VZ5_9435,bulge2
8G4I_16106,bulge2
8PPK_968,bulge4
5M1J_6556,hairpin6
6V3A_2692,bulge3
7BOE_10685,bulge2
3J92_2082,hairpin5
8CSU_12844,bulge2
8XSZ_1067,bulge4
7NAX_11107,bulge2
6GZQ_7992,hairpin6
4V6T_3645,bulge2
6GXN_7674,bulge2
7BL5_10667,bulge2
5MRF_8595,hairpin5
5ME0_1452,3x3
6O9K_2501,hairpin3
5LI0_8204,hairpin5
8T3D_16418,bulge2
6GZ3_7965,hairpin6
8UQP_15425,bulge2
6MTD_8014,bulge2
6VMI_9257,bulge2
7M5D_2771,2x2
6WDH_9714,bulge2
8AP4_3197,2x2
6OGF_8602,hairpin6
6PC6_8676,bulge2
8TPU_15855,bulge2
6O9K_8267,bulge2
6ME0_8247,hairpin6
8PV4_3587,2x2
4UJE_47,4x4
7PAL_2768,3x3
6X7F_9873,bulge2
8G31_14423,bulge2
6N8N_10732,hairpin5
6Q98_11700,hairpin5
8I9W_3146,3x3
4UY8_710,2x2
6Q95_11673,hairpin5
6WRU_2193,3x3
8S1P_15502,bulge2
8EMM_3525,bulge3
7QEP_2813,3x3
6WDJ_9729,bulge2
6ZTJ_10347,bulge2
9N2B_4166,bulge3
6GZQ_7724,bulge2
6D90_7614,hairpin6
6GXN_10226,hairpin5
6ORE_11283,hairpin5
6V3A_9229,bulge2
5TC1_2090,hairpin3
6R5Q_11816,hairpin5
5IQR_5819,bulge2
6LSS_8231,hairpin6
6TH6_2211,2x2
6HCM_8095,hairpin6
6Q97_8745,bulge2
8XP2_3801,3x3
9AXU_16091,bulge2
8PV7_14400,bulge2
5AFI_4885,hairpin7
5LZZ_6550,hairpin6
8PVK_983,bulge4
6N8O_8064,bulge2
3J3V_389,2x2
6FXC_7780,hairpin6
7MDZ_2628,2x2
9NL7_4484,2x2
8PV5_14383,bulge2
7A01_648,bulge4
8EVP_14132,bulge2
6ORE_2566,bulge3
6PJ6_8719,bulge2
8QOI_15497,bulge2
8I9T_876,bulge4
7ZJX_3154,2x2
6M62_7955,bulge2
8K2C_3932,2x2
6GZQ_7993,hairpin6
6O8W_8199,bulge2
6RXV_11925,hairpin5
8P60_13604,bulge2
6SV4_12126,hairpin5
6Q8Y_11669,hairpin5
5L3P_8186,hairpin5
5IT7_19363,hairpin4
5H1S_14896,bulge1
6GC6_1829,2x2
6ZMI_10286,bulge2
6MTE_8272,hairpin6
8RXX_3870,2x2
5NGM_6628,bulge2
6YWX_10187,bulge2
8OJ0_14803,bulge2
6WDJ_9736,bulge2
6AZ1_7178,bulge2
6H58_7774,bulge2
8P8B_16208,bulge2
5UYK_7081,hairpin6
6ZU5_2500,2x2
6FT6_9989,hairpin5
6OLF_11167,hairpin5
6PCQ_11580,hairpin5
7K51_2597,2x2
8UU9_3482,3x3
8FZI_15732,bulge2
5ME0_6422,bulge2
9GUV_16312,bulge2
8XSY_3961,bulge3
5T5H_2070,hairpin3
5X8P_7080,bulge2
8P17_3881,bulge3
4V70_886,3x3
8RCL_15165,bulge2
7M5D_2680,3x3
5O2R_8821,hairpin5
9L0R_4410,2x2
6OGF_8318,bulge2
6DZK_7456,bulge2
6R6G_2648,bulge3
9F9S_1154,bulge4
9AXV_4119,2x2
8URY_3610,3x3
8CSP_3405,bulge3
5GAE_19007,hairpin4
6FXC_7769,hairpin6
8APO_355,5x5
3JA1_460,bulge3
5LZZ_1436,3x3
6VYZ_2739,bulge3
7A01_10451,bulge2
9J3R_3980,3x3
6SWA_9402,hairpin6
6YSS_2254,3x3
5MRC_6488,bulge2
6HA1_7778,bulge2
8Q5I_14184,bulge2
5T7V_1653,2x2
8G7P_14888,bulge2
8PJ2_360,bulge5
6YLH_10082,bulge2
6SGC_9301,hairpin6
6HA1_10380,hairpin5
5U9F_6835,bulge2
6DDG_1791,2x2
8UIY_4496,2x2
6W77_9486,bulge2
8FKT_13714,bulge2
6HCF_8074,hairpin6
5UYL_6897,bulge2
6D90_7402,bulge2
7LS1_10938,bulge2
4V5N_3181,bulge2
9J3T_164,4x4
9L0R_16952,bulge2
8P8V_16220,bulge2
3JAG_1604,hairpin6
6P5K_8945,hairpin6
7JIL_2428,3x3
8FKS_3541,bulge3
6OT3_8843,hairpin6
4V6N_1128,bulge3
6WD7_9587,bulge2
5T2A_8926,hairpin5
8QCQ_15190,bulge2
7XD6_342,5x5
7PAQ_11984,bulge2
6ENJ_9934,hairpin5
6WNV_9784,bulge2
6SPD_2693,hairpin3
5G2Y_19000,hairpin4
5LKS_6429,hairpin6
6SPE_9016,bulge2
5KPX_6157,bulge2
8FVY_3665,2x2
5NJT_6639,bulge2
8RWG_16703,bulge2
6OGI_11099,hairpin5
6X7F_9874,bulge2
6ZTL_10359,bulge2
6CB1_7604,hairpin6
8VFT_4080,bulge3
6RBE_2141,2x2
8HTZ_15221,bulge2
7JT3_2455,3x3
6MTD_8016,bulge2
3J6B_1229,bulge2
5ZET_7369,hairpin6
8EUP_3211,2x2
9B0Q_16891,bulge2
9FS8_4098,bulge3
6OLZ_8699,hairpin6
3JAH_1612,hairpin6
4V6M_3567,bulge2
7OQC_2627,3x3
7NHM_11141,bulge2
6TPQ_12300,hairpin5
5WE4_7246,hairpin6
6P5J_8939,hairpin6
6VU3_9270,bulge2
8Y38_423,5x5
6TNN_9188,bulge2
6NEQ_8340,hairpin6
6O8X_8489,hairpin6
5MRF_6681,hairpin6
6HIX_10479,hairpin5
6PJ6_11623,hairpin5
8UU9_3797,2x2
5GAE_19013,hairpin4
7OTC_2739,3x3
5AKA_1325,3x3
9GFT_16734,bulge2
6N8N_8052,bulge2
9J3R_156,4x4
6H58_7756,bulge2
6FTJ_2277,hairpin3
7OHU_2604,3x3
8FLB_13786,bulge2
7MDZ_2626,2x2
7MT2_11652,bulge2
8Z70_1166,bulge4
8YLR_4234,2x2
6LU8_7952,bulge2
9C6I_3828,3x3
6HD7_10451,hairpin5
5LZS_8329,hairpin5
3JBP_1397,bulge2
7AFK_2387,3x3
3J5L_1998,hairpin5
5KPV_6139,bulge2
8WHX_15087,bulge2
8Z71_16466,bulge2
6WDI_9720,bulge2
6SZS_9084,bulge2
6N8M_8300,hairpin6
8PJ6_15845,bulge2
4V79_3823,bulge2
3JCN_1718,hairpin6
5JUU_8104,hairpin5
3JAJ_2186,hairpin5
8YUP_16140,bulge2
8FKV_13720,bulge2
6VWM_9291,bulge2
8CA7_3219,3x3
5UYP_7124,hairpin6
5XY3_7318,hairpin6
8RCL_15159,bulge2
8OVE_14493,bulge2
8V9L_14706,bulge2
4CSU_1581,bulge2
6VZJ_9453,bulge2
8HU1_3528,3x3
7XNX_3095,3x3
6WDB_556,bulge4
8UUA_15081,bulge2
7JSZ_10785,bulge2
6GZ5_7715,bulge2
5T62_6774,bulge2
5IMR_5199,hairpin7
8G6W_3512,bulge3
7MSM_3190,bulge3
3J9W_1304,bulge2
6VLZ_9589,hairpin6
5GAE_19006,hairpin4
6RZZ_9243,hairpin6
6GWT_10196,hairpin5
3JBN_1648,hairpin6
9H3T_1176,bulge4
6Q98_11693,hairpin5
5XY3_7317,hairpin6
5U9F_2117,bulge3
6H58_10372,hairpin5
6GZ3_10270,hairpin5
8G38_3337,3x3
7LS1_683,bulge4
7JT2_10817,bulge2
8V9K_14690,bulge2
8XTR_16711,bulge2
4CSU_1840,hairpin6
6U48_2041,3x3
5MDW_6392,bulge2
6R6G_8843,bulge2
9H3Z_16620,bulge2
6XIJ_9960,bulge2
5UYP_9177,hairpin5
5UYP_9169,hairpin5
8YUS_4031,bulge3
4V7A_3831,bulge2
6VZJ_2752,bulge3
5JTE_19969,hairpin4
8OHD_14794,bulge2
7BL6_10677,bulge2
6FTG_7747,hairpin6
8FZE_15698,bulge2
6YS3_2397,2x2
5O60_6860,hairpin6
3JCD_2269,hairpin5
8PV4_3672,bulge3
7M4X_2495,3x3
4V6I_3548,bulge2
8G31_3329,3x3
9FQ0_15576,bulge2
9L0R_16958,bulge2
6SV4_525,bulge4
5MC6_6562,hairpin6
9BKD_3748,3x3
5XYM_7326,hairpin6
8XP2_16247,bulge2
6TNU_9197,bulge2
6S0Z_11979,hairpin5
5JU8_6061,bulge2
6QDW_11725,hairpin5
5FLX_18983,hairpin4
7BOI_2981,bulge3
5JB3_15601,bulge1
7NHK_11116,bulge2
7JT1_10796,bulge2
6RI5_11892,hairpin5
6YWY_2431,2x2
8QFD_3756,bulge3
4A2I_434,3x3
8IFB_3395,3x3
3JCN_107,bulge4
7N2U_11037,bulge2
5WF0_9334,hairpin5
9F1D_15886,bulge2
6O8X_8209,bulge2
8CEE_400,5x5
6TC3_12254,hairpin5
6I0Y_10518,hairpin5
8FZE_15693,bulge2
8JDL_3685,bulge3
6GZZ_10321,hairpin5
5ZEP_7352,hairpin6
8FR8_3143,3x3
7P7U_11887,bulge2
6WD0_9508,bulge2
6SZS_12164,hairpin5
5JU8_1939,bulge3
7PJX_2651,3x3
6Z6N_2889,bulge3
8IP8_3706,2x2
8Y0W_3692,2x2
8EVT_3527,2x2
7K53_10877,bulge2
6YSI_2399,2x2
8WIB_3826,bulge3
9DUL_4106,bulge3
6TPQ_2746,hairpin3
7BL6_10672,bulge2
4V6M_3579,bulge2
6R87_2649,hairpin3
6I7O_10534,hairpin5
6YEF_10064,bulge2
4ADV_1822,hairpin6
6O8X_8208,bulge2
9H3K_4276,2x2
3JAH_1345,bulge2
8FMW_14350,bulge2
8UIZ_4228,bulge3
8G7Q_14895,bulge2
6OLF_8383,bulge2
9CAI_4076,2x2
6SNT_8992,bulge2
6SGB_9299,hairpin6
5LKS_8212,hairpin5
6OSK_11339,hairpin5
5LZF_6490,hairpin6
6V3E_2696,bulge3
6TBV_9158,bulge2
6GZZ_2336,hairpin3
8WHY_15099,bulge2
7QI4_2822,3x3
6WDH_562,bulge4
6O8Y_10947,hairpin5
6PPF_9050,hairpin6
6WDM_2173,3x3
5AN9_5537,bulge2
8A22_3196,2x2
6VYZ_9406,bulge2
3J7Z_1530,hairpin6
6OLZ_11192,hairpin5
8EUG_12872,bulge2
3J7O_4713,hairpin4
6OM7_11224,hairpin5
5UQ8_7074,hairpin6
7SSW_3065,2x2
9B0S_3973,3x3
5UYQ_9191,hairpin5
8IDY_13904,bulge2
8P8N_15483,bulge2
6ZXH_10450,bulge2
3JA1_1596,hairpin6
5MRF_6678,hairpin6
8QOA_15200,bulge2
7BL2_10644,bulge2
8FZI_3669,3x3
6P5N_11525,hairpin5
6FXC_7774,hairpin6
6WRS_9828,bulge2
8K2D_1059,bulge4
6ZTN_10374,bulge2
8ZDC_3905,3x3
8TOC_15001,bulge2
4V6Y_875,3x3
3JBU_1407,bulge2
7PAS_12001,bulge2
6O8Y_8503,hairpin6
6OGI_11098,hairpin5
6Z6L_10226,bulge2
5NWY_6671,bulge2
9H3X_16652,bulge2
6HCF_10408,hairpin5
9F9S_4212,2x2
5ZLU_7376,hairpin6
9F1C_15880,bulge2
6HTQ_10506,hairpin5
5T2C_8946,hairpin5
3JCN_1448,bulge2
5X8P_7294,hairpin6
4V6O_855,3x3
6RM3_8901,bulge2
8QFD_14841,bulge2
9MQ4_16678,bulge2
5LZX_6337,bulge2
6ORE_8776,hairpin6
5JU8_1378,3x3
6WD7_2128,3x3
6DDG_7426,bulge2
6LQM_8213,hairpin6
5APO_18331,hairpin4
8CGR_3593,bulge3
6SKG_2662,bulge3
6WQN_9815,bulge2
8FVY_14643,bulge2
9NKL_4052,3x3
6WNV_9791,bulge2
9GHA_4009,3x3
6O9J_10989,hairpin5
9B0H_4140,bulge3
7B7D_10620,bulge2
8RJD_14668,bulge2
6ZTO_2311,3x3
5ZEB_7339,hairpin6
5NP6_6656,bulge2
8G7P_14878,bulge2
7BL4_10662,bulge2
6TPQ_9201,bulge2
4V8M_255,bulge4
9GHH_4190,bulge3
6YT9_2407,2x2
6DZP_217,bulge5
4V71_3726,bulge2
8QBT_3510,3x3
7NHL_11137,bulge2
3J79_2968,bulge1
8W51_1100,bulge4
7N2C_2629,2x2
8K0P_3869,bulge3
5MGP_8536,hairpin5
5IQR_15134,bulge1
9B0F_1197,bulge4
5UYK_2129,bulge3
6H4N_7751,bulge2
5WFK_9349,hairpin5
6SZS_2670,bulge3
6T83_9137,bulge2
4V61_3301,bulge2
7P7T_2859,2x2
6X7F_9866,bulge2
4V6N_3584,bulge2
9FNY_4255,2x2
6OM6_11207,hairpin5
6D9J_7618,hairpin6
5ND9_6722,hairpin6
5XXU_9438,hairpin5
5UMD_1667,2x2
7P7Q_2837,2x2
3J92_1546,hairpin6
6OGG_1852,3x3
6WD1_2764,bulge3
8P8U_1051,bulge4
5AKA_14297,bulge1
7A09_2521,2x2
8P6P_4145,2x2
5MMI_8552,hairpin5
6VYQ_9317,bulge2
9HA7_16642,bulge2
5LZT_1516,2x2
6YEF_10065,bulge2
6ZSB_2907,bulge3
7OIG_295,5x5
5LJ3_8206,hairpin5
6GB2_7810,hairpin6
6T59_9111,bulge2
8UIZ_17283,bulge2
6VWM_2059,3x3
8I9Z_13536,bulge2
7QH7_2821,3x3
7NBU_11678,bulge2
5JB3_19868,hairpin4
8FTO_3224,3x3
6W6P_9477,bulge2
8VR8_3940,3x3
6OGG_8612,hairpin6
6R5Q_11809,hairpin5
7ABZ_2534,2x2
6YST_2259,3x3
9FY0_4273,2x2
6GZX_10317,hairpin5
3J7P_2029,hairpin5
7BL4_2564,2x2
7UCJ_3104,2x2
5LKS_6431,hairpin6
8RXX_15316,bulge2
6OM7_8727,hairpin6
5U4I_6823,bulge2
6LSS_8228,hairpin6
6GC8_7850,hairpin6
9FY0_16559,bulge2
6WQQ_9823,bulge2
8ZDC_4316,2x2
8CEP_13814,bulge2
8XT0_15644,bulge2
8CGR_13865,bulge2
8OGJ_15999,bulge2
8G5Y_13434,bulge2
9GHE_4456,2x2
6GXO_1703,3x3
8QIE_141,4x4
3J7O_4711,hairpin4
6SKF_8974,bulge2
8S8I_15979,bulge2
5LMR_1490,2x2
6GXM_1847,2x2
6RZZ_8915,bulge2
3J6B_4661,hairpin4
6HCM_8094,hairpin6
7ST2_3066,2x2
6P5K_11514,hairpin5
8CMJ_14264,bulge2
3J79_1491,hairpin6
5T2A_8933,hairpin5
8G6W_13474,bulge2
6OUO_2057,2x2
6GXM_10216,hairpin5
6S0K_11963,hairpin5
8A5I_2971,3x3
8PJ4_4003,2x2
5MRE_6671,hairpin6
8XT3_15653,bulge2
8QBT_15177,bulge2
5LMU_8237,hairpin5
9J1M_16933,bulge2
5H4P_19059,hairpin4
7Q4K_2979,3x3
5AFI_5510,bulge2
5KPW_6144,bulge2
7Q0R_3007,2x2
8CGV_13874,bulge2
6XGF_2212,3x3
5U9F_7029,hairpin6
5LI0_6182,bulge2
6SKG_2004,3x3
8P2H_15276,bulge2
5O60_8834,hairpin5
5LMU_1979,bulge3
7NAU_3081,bulge3
7D4I_666,bulge4
6SJ6_12032,hairpin5
9C4G_3722,3x3
6O8Y_10949,hairpin5
5LZB_6239,bulge2
7JIL_10754,bulge2
6DNC_7644,hairpin6
8BR8_113,4x4
5WDT_2163,bulge3
6T4Q_2718,hairpin3
7OTC_2737,3x3
8JSH_14646,bulge2
6Q98_11699,hairpin5
6D90_7615,hairpin6
6WDA_9633,bulge2
8CF1_13850,bulge2
6I7O_7870,bulge2
3JAH_2164,hairpin5
8I9R_13518,bulge2
6R7Q_8852,bulge2
7NQH_3097,bulge3
5O60_2037,hairpin3
5ZET_7360,hairpin6
8BQD_3263,2x2
8T5H_3737,3x3
4V66_3355,bulge2
4V6U_1140,bulge3
6PC7_8973,hairpin6
8QIE_16498,bulge2
8IFC_14756,bulge2
6I7O_7881,bulge2
3JAG_2161,hairpin5
5MRC_6484,bulge2
5LZA_1986,bulge3
6P5I_8925,hairpin6
7S1I_2842,3x3
8FZI_15727,bulge2
6MTE_8024,bulge2
8IFC_14759,bulge2
6OLE_8659,hairpin6
3J9Y_2119,hairpin5
6ERI_9966,hairpin5
9GUW_4070,bulge3
3JCJ_2296,hairpin5
6HA8_10399,hairpin5
8JSH_3722,bulge3
5MDV_1442,3x3
5ANB_4920,hairpin7
6MTE_469,bulge4
7PAQ_3262,bulge3
5MRC_6485,bulge2
5WFK_9345,hairpin5
5JBH_19887,hairpin4
8JDK_14458,bulge2
8UPR_15395,bulge2
3J7O_2988,bulge1
7MSM_11625,bulge2
8XSY_355,bulge5
5MYJ_8608,hairpin5
9N2C_16979,bulge2
5MDV_2028,bulge3
5KPV_8150,hairpin5
8RXX_1041,bulge4
5LZZ_6359,bulge2
6OIG_8354,bulge2
8JDM_14473,bulge2
5JCS_5340,hairpin7
8FLD_3576,bulge3
6S05_11952,hairpin5
9NLQ_17254,bulge2
5MYJ_6516,bulge2
6GZ5_2326,hairpin3
5ND9_8653,hairpin5
7N2C_11028,bulge2
8P7Y_16203,bulge2
5MRF_6502,bulge2
5LZS_6496,hairpin6
5MRC_8572,hairpin5
8EKC_12861,bulge2
6ZMO_620,bulge4
6RW5_1995,3x3
5AKA_14309,bulge1
5MDY_8469,hairpin5
6SNT_2688,hairpin3
8UU7_3786,2x2
5V93_9219,hairpin5
6WUB_2811,bulge3
5OPT_2106,bulge3
5MRC_6665,hairpin6
8RC0_3850,bulge3
8CAS_3393,2x2
8OJ5_411,5x5
6Q98_8752,bulge2
6OG7_11057,hairpin5
5T7V_6782,bulge2
6ERI_7722,hairpin6
5WE4_7247,hairpin6
8APO_3404,2x2
6HA8_10402,hairpin5
8XP2_373,bulge5
5LMO_6199,bulge2
7OYB_2828,2x2
8PV3_3671,bulge3
9GGR_4330,2x2
8CEU_3213,3x3
3JBP_426,2x2
3J6B_1377,hairpin7
6SZS_9410,hairpin6
5H4P_19058,hairpin4
6ZM7_10268,bulge2
6T59_9105,bulge2
8CEU_3211,3x3
6T7I_12195,hairpin5
8WI9_15124,bulge2
6OFX_11047,hairpin5
6W6P_2102,3x3
7N2V_3069,bulge3
6Q9A_8758,bulge2
6P5N_2594,hairpin3
5LZD_6475,hairpin6
7M4V_10964,bulge2
6ZOJ_2275,3x3
6FXC_7782,hairpin6
6NQB_10773,hairpin5
6N8J_8032,bulge2
3J79_2954,bulge1
5LZV_8367,hairpin5
7PIP_2959,2x2
6R7Q_2133,2x2
8IE3_3484,2x2
4V7I_3876,bulge2
7Q4K_3174,2x2
5MC6_8436,hairpin5
7PI9_2937,2x2
6KE6_10579,hairpin5
6P5K_2623,bulge3
5MMM_1952,hairpin3
8G6X_13206,bulge2
9DUK_16660,bulge2
8RCS_14971,bulge2
6GZ4_10281,hairpin5
7NHK_2536,3x3
7Q0P_2999,2x2
4UJD_2512,bulge2
7PAR_11995,bulge2
8T2T_3696,bulge3
8UR0_3900,2x2
6WDK_9743,bulge2
6PCQ_11587,hairpin5
5KPS_6126,bulge2
9NLH_17223,bulge2
8HU1_3856,bulge3
8FLE_371,5x5
6W2T_2098,3x3
6TC3_2209,2x2
8YLR_4232,2x2
5APO_4937,hairpin7
6EM1_7684,hairpin6
6OG7_11062,hairpin5
7JSZ_10787,bulge2
8FLD_3463,2x2
3JBV_1417,bulge2
9GHF_4459,2x2
5UYQ_6938,bulge2
6RXV_11926,hairpin5
6EM1_7685,hairpin6
7MT3_11661,bulge2
8FZJ_3985,bulge3
8QIE_3847,3x3
8P6P_4035,bulge3
7NHM_3092,bulge3
5MDZ_6414,bulge2
8IR1_13959,bulge2
8UQL_15411,bulge2
6TH6_9177,bulge2
8QBT_15172,bulge2
6U48_9208,bulge2
6RXY_2660,hairpin3
4V6O_3591,bulge2
8VR8_16804,bulge2
9H3V_1178,bulge4
5KPX_8176,hairpin5
5MDY_8480,hairpin5
8T2X_16383,bulge2
8PV7_3674,bulge3
5JBH_15602,bulge1
3J7P_3006,bulge1
8XTP_16709,bulge2
6VYQ_2715,bulge3
6TC3_12255,hairpin5
8IPX_3492,2x2
6O8W_2487,hairpin3
5KPV_6135,bulge2
3JCJ_2292,hairpin5
6PC6_8966,hairpin6
6XGF_9934,bulge2
6ZM7_10267,bulge2
6ENU_9945,hairpin5
3J7Y_2051,hairpin5
5UYM_6902,bulge2
7NWT_2575,3x3
6RXV_2154,2x2
5LZF_6487,hairpin6
7UNV_3126,2x2
6O9J_2500,hairpin3
4V19_2534,bulge2
8IDT_13894,bulge2
8QYX_1157,bulge4
5T6R_8960,hairpin5
6R7Q_11850,hairpin5
4V7H_1178,bulge3
5X8T_9420,hairpin5
8V9K_3683,2x2
6FXC_7781,hairpin6
6G5H_1820,2x2
3JCE_2277,hairpin5
8FKZ_13733,bulge2
6RBD_2139,2x2
6Q9A_11717,hairpin5
8IPY_3620,bulge3
6OSK_11328,hairpin5
6VYU_9352,bulge2
9B0R_16903,bulge2
5KPV_8149,hairpin5
6ZME_10274,bulge2
9L0R_4393,2x2
8BH7_3284,3x3
5AJ3_14274,bulge1
6SZS_9414,hairpin6
8Y6O_3848,bulge3
3J7P_3013,bulge1
5AKA_14301,bulge1
8S8D_4054,2x2
7PI8_12066,bulge2
6V3A_9560,hairpin6
8PJ6_1087,bulge4
8VSA_15285,bulge2
9G06_16929,bulge2
5OT7_6934,hairpin6
8IP8_14768,bulge2
6GWT_7652,bulge2
8V9L_3385,3x3
9GMO_16060,bulge2
8Q87_15906,bulge2
6ZM6_2893,bulge3
4V6Z_3701,bulge2
5O2R_6843,hairpin6
8PJ3_3710,3x3
7PH9_2915,2x2
5LZD_8284,hairpin5
8OVJ_15293,bulge2
4V7B_3846,bulge2
6ORL_8497,bulge2
6WD6_9584,bulge2
8YUS_4144,2x2
7JSZ_2995,bulge3
5IT7_5827,bulge2
5IQR_1859,bulge3
4V6Z_3696,bulge2
5KPS_8134,hairpin5
6SPF_9352,hairpin6
9NL7_4065,3x3
6WD6_9576,bulge2
4V6V_3666,bulge2
6I7O_8165,hairpin6
8E3L_13638,bulge2
9B0H_4368,2x2
7CPJ_10725,bulge2
7NAT_3079,bulge3
7K51_10855,bulge2
4V6T_3644,bulge2
5T7V_6974,hairpin6
3J7Q_2036,hairpin5
5ND8_8642,hairpin5
9FHL_16510,bulge2
5ADY_4877,hairpin7
6TNN_12279,hairpin5
9H3Y_16615,bulge2
6PC5_11538,hairpin5
8EUI_3423,bulge3
5IMR_15123,bulge1
6VYQ_9313,bulge2
6D90_9828,hairpin5
6P5I_224,5x5
3JAM_1634,hairpin6
7JT3_10818,bulge2
7PJU_2640,3x3
6R6P_11830,hairpin5
6SV4_9382,hairpin6
6GXO_2314,hairpin3
6DZI_9882,hairpin5
5KPX_8180,hairpin5
6MTD_8269,hairpin6
6P5N_2081,2x2
8S8G_4063,2x2
8E3M_13640,bulge2
6SW9_9395,hairpin6
5ZET_2171,hairpin3
6P5I_11482,hairpin5
7AF3_2953,bulge3
5MDY_8471,hairpin5
3JAG_1601,hairpin6
3JAJ_616,hairpin3
5T2A_6759,bulge2
6KE6_1895,2x2
9GUX_16324,bulge2
7QCA_106,4x4
8B0X_2992,3x3
8E3M_13641,bulge2
5LMO_1962,bulge3
8FMW_14354,bulge2
5H1S_14895,bulge1
3JAI_1356,bulge2
5LI0_8201,hairpin5
6GZ4_10276,hairpin5
6M62_8240,hairpin6
7M4U_10960,bulge2
8EVQ_14137,bulge2
9NJF_4196,bulge3
9B0P_16887,bulge2
6OSQ_2580,bulge3
8FN2_14359,bulge2
6OGI_8623,hairpin6
6O8Z_1985,2x2
8VKW_16793,bulge2
6EML_9916,hairpin5
3JBP_1398,bulge2
6MEC_7979,bulge2
7PKQ_3157,3x3
6X9Q_2823,bulge3
8FZH_3964,2x2
7NWW_11695,bulge2
8P2K_13827,bulge2
5LZW_6530,hairpin6
8GLP_13499,bulge2
4V72_3740,bulge2
6PCS_9014,hairpin6
5O60_8831,hairpin5
6GXM_2373,bulge3
9NLE_1218,bulge4
6SKG_9319,hairpin6
6D9J_7620,hairpin6
6PPK_9054,hairpin6
9NLB_17200,bulge2
8UPR_15394,bulge2
6OGG_8607,hairpin6
5JB3_19870,hairpin4
6ZU9_10431,bulge2
5XYM_9455,hairpin5
8INK_13930,bulge2
5LZF_1417,3x3
6DNC_9867,hairpin5
5AA0_5493,bulge2
8XSZ_3643,3x3
8IP8_14769,bulge2
5T2A_8936,hairpin5
6Q9A_8764,bulge2
7MSC_11612,bulge2
4UER_190,bulge4
5OA3_8851,hairpin5
5AA0_1779,bulge3
6Y69_10039,bulge2
9GGR_16747,bulge2
6OT3_8845,hairpin6
6T83_12216,hairpin5
6O90_10977,hairpin5
8CGI_13859,bulge2
9B0G_16863,bulge2
6N8J_10692,hairpin5
7P7U_11889,bulge2
6MTD_8013,bulge2
5JTE_19952,hairpin4
5IQR_19332,hairpin4
5UYM_9143,hairpin5
3JAJ_2189,hairpin5
6OLZ_8414,bulge2
8OVA_14483,bulge2
8BQX_3265,2x2
6GQV_1838,2x2
6GQ1_10132,hairpin5
5LI0_6418,hairpin6
8RCT_14990,bulge2
5LZY_8400,hairpin5
9B0G_3959,3x3
6N8J_8280,hairpin6
5A9Z_5489,bulge2
9E7F_16266,bulge2
8T2X_16382,bulge2
5UYQ_9183,hairpin5
6GXO_1702,3x3
5U4I_9045,hairpin5
6N8O_8316,hairpin6
5JTE_15679,bulge1
6OG7_2508,hairpin3
7SYR_3085,2x2
6OFX_2004,2x2
5LZD_1993,bulge3
8RDV_14860,bulge2
5O61_6868,hairpin6
5X8T_7298,hairpin6
8ZTU_3950,3x3
8CVM_3260,2x2
8PJ3_15840,bulge2
6TMF_245,5x5
6OGI_1854,3x3
8C94_3347,2x2
6PJ6_9029,hairpin6
5LZS_8323,hairpin5
5M1J_8421,hairpin5
4D5L_2439,hairpin5
6ZQG_10313,bulge2
9FIB_4154,bulge3
5KPV_1945,bulge3
6WDL_9755,bulge2
8JDM_14475,bulge2
5JTE_15674,bulge1
7OIZ_2615,3x3
8Z71_16468,bulge2
8V9K_14687,bulge2
6SV4_9053,bulge2
7SFR_2850,3x3
5WFK_9340,hairpin5
8EUI_12879,bulge2
5APN_14347,bulge1
8P18_15354,bulge2
6Z6K_10216,bulge2
6O8Y_8502,hairpin6
8G31_3679,bulge3
8YOP_15673,bulge2
6PCR_9008,hairpin6
5O61_8847,hairpin5
7N2U_11045,bulge2
4V6L_3558,bulge2
3JBU_2236,hairpin5
6SPB_9334,hairpin6
5U9F_9054,hairpin5
5H1S_5724,bulge2
6U48_12316,hairpin5
6YWY_10195,bulge2
8YOO_15655,bulge2
9GHC_4450,2x2
6LQR_1902,2x2
8P5D_3161,3x3
6O9J_8255,bulge2
6YSS_2402,2x2
6U48_539,bulge4
8I9Y_13531,bulge2
7D6Z_2420,3x3
6RBE_2142,2x2
5O60_6862,hairpin6
6ZTL_2301,3x3
7PI8_2788,3x3
8G61_3507,bulge3
7NHM_11147,bulge2
8RCT_3761,2x2
6FTG_7744,hairpin6
8G7R_3421,3x3
8JDJ_333,bulge5
3J7Z_2060,hairpin5
7ASO_10594,bulge2
5IT7_5209,hairpin7
5ND9_6725,hairpin6
6YWE_2414,2x2
8D8K_12850,bulge2
6LSR_2419,bulge3
8EYQ_14171,bulge2
6PCH_11576,hairpin5
4CXG_2431,hairpin5
6ZTP_2490,2x2
9E7F_4051,bulge3
6VZ7_9444,bulge2
6PC5_8957,hairpin6
6FXC_7771,hairpin6
3Jan_2200,hairpin5
3JCS_1728,hairpin6
5UZ4_6947,bulge2
6P5J_11494,hairpin5
6HA8_7795,bulge2
5ZEP_7351,hairpin6
3Jan_2202,hairpin5
7BL5_10670,bulge2
3J9Z_406,2x2
6O90_1989,2x2
7NRC_2678,2x2
6R7Q_11851,hairpin5
6GZ3_7705,bulge2
6VYQ_9309,bulge2
5LZD_6260,bulge2
4D5Y_473,2x2
5AKA_14303,bulge1
9GGR_16749,bulge2
6VYX_9382,bulge2
6WDA_2137,3x3
8FZF_3622,3x3
5T5H_6958,hairpin6
3JBV_2252,hairpin5
5AKA_4909,hairpin7
3Jan_2203,hairpin5
6DZI_7659,hairpin6
8RD8_14848,bulge2
6GC4_7578,bulge2
5MDZ_6416,bulge2
6GZ3_1707,3x3
7SYN_2887,3x3
6FXC_10037,hairpin5
5NCO_8631,hairpin5
8OVA_14484,bulge2
4V78_3808,bulge2
3J0O_383,2x2
6PPK_11642,hairpin5
5LJ3_6187,bulge2
8JSH_14648,bulge2
6VYW_9370,bulge2
5ND9_6721,hairpin6
5APO_14366,bulge1
5UYQ_9193,hairpin5
6ORE_11291,hairpin5
7LV0_2487,3x3
6GZX_10316,hairpin5
7ABI_2945,bulge3
4V6Z_1148,bulge3
9E7F_1149,bulge4
7NHN_2670,2x2
9GR1_16282,bulge2
6R7Q_9200,hairpin6
5MYJ_6695,hairpin6
7PIQ_2802,3x3
6I0Y_7857,bulge2
6W6P_2758,bulge3
8E3M_13639,bulge2
6VZJ_9458,bulge2
9FNZ_16527,bulge2
5IT7_19362,hairpin4
5APN_14338,bulge1
5A9Z_5487,bulge2
4D5Y_1589,bulge2
8OIN_3158,3x3
8SCB_14571,bulge2
4V6Y_3692,bulge2
5V7Q_200,bulge5
6GXN_7936,hairpin6
6C4I_7348,bulge2
8UKB_434,5x5
8EMM_3524,bulge3
9F9S_16365,bulge2
6XGF_2364,2x2
4V77_3790,bulge2
8CKU_14259,bulge2
5GAK_19041,hairpin4
8RPY_3576,3x3
7KGB_2672,3x3
8FIZ_3455,bulge3
6W7W_9502,bulge2
5LZY_8399,hairpin5
5LZT_6505,hairpin6
9FNY_16518,bulge2
6XGF_9939,bulge2
7N30_11066,bulge2
6QDV_2635,bulge3
6H58_8044,hairpin6
8JDM_336,bulge5
6VYY_9389,bulge2
8S1U_3920,2x2
8UIY_17276,bulge2
6VZ5_9432,bulge2
6SV4_9370,hairpin6
6AWC_7168,bulge2
5JTE_19954,hairpin4
6RI5_8891,bulge2
8W51_15937,bulge2
5T6R_6779,bulge2
7D6Z_10735,bulge2
6GC4_10093,hairpin5
3J9Y_1311,bulge2
5ZET_9502,hairpin5
5M1J_8426,hairpin5
6WQN_2186,3x3
6SV4_12130,hairpin5
8FZH_15722,bulge2
3JAJ_2187,hairpin5
5KPW_6150,bulge2
8BSI_3257,2x2
5IT9_5850,bulge2
8OVJ_1037,bulge4
7PJZ_2662,3x3
8VIO_16770,bulge2
6GZX_10304,hairpin5
8K82_3940,2x2
8RCS_14969,bulge2
8G38_14443,bulge2
5X8T_7091,bulge2
6GWT_2371,bulge3
5MDY_6404,bulge2
6ENU_2342,bulge3
9H3U_16599,bulge2
7M4Z_10999,bulge2
8WI7_15107,bulge2
8HSP_15205,bulge2
6OUO_8583,bulge2
8RDV_14858,bulge2
5O2R_6846,hairpin6
6OLG_11175,hairpin5
3JA1_459,bulge3
8UU7_3784,2x2
8ZTV_16842,bulge2
5X8P_9414,hairpin5
6ZTN_2307,3x3
6DZP_7463,bulge2
7JSS_2438,3x3
5APO_14350,bulge1
5LZZ_8416,hairpin5
6WDC_9653,bulge2
6T7I_12199,hairpin5
8R55_3371,3x3
8EVQ_14142,bulge2
7MDZ_2627,2x2
6WD2_9537,bulge2
8Y37_15786,bulge2
8FR8_3361,2x2
8XSY_15621,bulge2
5KPX_1950,bulge3
6Y69_2229,3x3
6R6P_9186,hairpin6
8OVE_14487,bulge2
8OJ8_14823,bulge2
5APO_14351,bulge1
6TH6_9179,bulge2
6XU6_9979,bulge2
5OT7_6929,hairpin6
6WD0_9504,bulge2
7O19_11264,bulge2
6ORE_11279,hairpin5
8A3D_333,5x5
8UU8_3477,3x3
6GWT_7918,hairpin6
6ORL_11300,hairpin5
8IPB_3747,bulge3
5LZC_6254,bulge2
5U4I_2115,bulge3
6PCH_8991,hairpin6
6SPF_12096,hairpin5
9GHF_17096,bulge2
6PPF_9046,hairpin6
8OIP_3156,3x3
8IPA_1005,bulge4
5U9F_9052,hairpin5
9N2B_3994,3x3
8WIF_3810,2x2
6XIQ_9969,bulge2
6XA1_9902,bulge2
8VIO_16771,bulge2
6O8Y_8219,bulge2
9HA4_16654,bulge2
5KPW_1393,3x3
5OOM_6923,hairpin6
6ZU1_10421,bulge2
5MGP_6448,bulge2
7MSM_11629,bulge2
8G31_3678,bulge3
4CSU_1838,hairpin6
6R7Q_11848,hairpin5
8T5D_15916,bulge2
5AJ4_18264,hairpin4
5FLX_18985,hairpin4
6Q98_8754,bulge2
6O8Z_8510,hairpin6
7BL2_2560,2x2
5XY3_7316,hairpin6
9H3W_16606,bulge2
9FBV_15568,bulge2
8XT2_3968,bulge3
5IMQ_19272,hairpin4
8QBT_3839,bulge3
7BOF_10692,bulge2
8QOI_15499,bulge2
8PKL_14935,bulge2
5MDV_8446,hairpin5
7PHC_3270,bulge3
5LZV_6321,bulge2
5KPX_6161,bulge2
6ZJ3_2890,bulge3
6Q95_11678,hairpin5
6SGC_8969,bulge2
6OFX_8296,bulge2
7A09_2347,3x3
5GAE_5709,bulge2
6VWL_9277,bulge2
6XZB_2849,bulge3
4V77_3800,bulge2
6C4I_9758,hairpin5
7NHM_3093,bulge3
5T7V_6783,bulge2
6H4N_7745,bulge2
7NHM_285,bulge5
4V4N_2668,bulge2
6XIR_9976,bulge2
3J7Z_397,2x2
6HTQ_2368,hairpin3
6XGF_2365,2x2
7PAR_11992,bulge2
5IQR_19334,hairpin4
8P2F_15245,bulge2
5IT9_19436,hairpin4
5XYU_7115,bulge2
6SKG_2172,2x2
6ZSG_10335,bulge2
4V7E_999,2x2
7PI9_12086,bulge2
7BL5_10665,bulge2
5T2A_8935,hairpin5
3J5S_1224,bulge2
6RXV_11924,hairpin5
6Q98_9093,hairpin6
5IT7_5213,hairpin7
8G7S_14916,bulge2
5UYP_1685,2x2
6QZP_11803,hairpin5
6BU8_7461,hairpin6
6P5K_1939,3x3
6Q9A_11719,hairpin5
6ZTP_2927,bulge3
8Q5I_14179,bulge2
5LZZ_6546,hairpin6
6ZQE_2465,2x2
6O8X_10942,hairpin5
7OT5_2823,2x2
8T3F_16432,bulge2
7SSN_2857,3x3
8P7Y_16201,bulge2
7OLC_2808,2x2
8YOO_15658,bulge2
4UJC_565,3x3
6TH6_12265,hairpin5
5NJT_2027,hairpin3
5H4P_14901,bulge1
5LMQ_8229,hairpin5
9GHB_17053,bulge2
5L3P_1397,3x3
8CRX_13191,bulge2
7NRD_694,bulge4
6XII_9943,bulge2
6WQQ_2334,2x2
6YAM_591,bulge4
8RCS_3792,bulge3
9FS6_4269,2x2
5JCS_19937,hairpin4
6ZMO_10296,bulge2
5H1S_14897,bulge1
7AS8_10565,bulge2
7P3K_11450,bulge2
7OYD_11823,bulge2
6P5J_11490,hairpin5
7MSM_11631,bulge2
8OO0_14834,bulge2
4V7B_3848,bulge2
9HA1_16627,bulge2
8HU1_15228,bulge2
6RI5_11884,hairpin5
7JSW_10770,bulge2
8OVJ_1036,bulge4
4UJE_2519,bulge2
5LKS_8209,hairpin5
5NGM_8757,hairpin5
7N2C_11025,bulge2
5LZC_8281,hairpin5
8Q5I_3531,2x2
3J5L_1474,hairpin6
9GFT_451,5x5
8V9J_3732,bulge3
5TC1_2088,hairpin3
7CPJ_2417,3x3
8XT2_3645,3x3
7BHP_10639,bulge2
6GZ5_7985,hairpin6
8FKV_13721,bulge2
6ORL_11299,hairpin5
8XP3_16248,bulge2
6W7N_9498,bulge2
4V6Y_1147,bulge3
6SPG_9363,hairpin6
6H4N_8024,hairpin6
7JSS_10764,bulge2
5WFS_2130,hairpin3
7PHA_2925,2x2
5GAK_19038,hairpin4
8FLD_370,5x5
5H1S_14898,bulge1
6GZZ_8008,hairpin6
6YHS_2242,3x3
6GSM_10190,hairpin5
8CRX_13198,bulge2
4V6O_3590,bulge2
6WRU_2339,2x2
6P5N_11523,hairpin5
6GC4_10098,hairpin5
5APO_18341,hairpin4
8P8B_4161,2x2
6U48_12319,hairpin5
6OST_8832,hairpin6
8T4S_3287,3x3
8Y0W_3389,3x3
6VWM_2708,bulge3
9H3Q_16584,bulge2
9F1C_15883,bulge2
5UYK_7085,hairpin6
6P5J_11489,hairpin5
5ZEP_9486,hairpin5
6VYW_2728,bulge3
8RXX_15317,bulge2
8BSJ_3046,3x3
8UKB_16240,bulge2
8K2A_15579,bulge2
8Y36_3690,3x3
8G38_3682,bulge3
5APN_4933,hairpin7
4V6Q_3617,bulge2
6OSQ_11350,hairpin5
6S05_8919,bulge2
8FL3_13750,bulge2
3JBV_2253,hairpin5
5NWY_6670,bulge2
6YSR_10114,bulge2
8P8V_16213,bulge2
4V71_890,3x3
7S1I_2841,3x3
8HSP_15210,bulge2
9NLS_17257,bulge2
5ND9_6550,bulge2
6OLZ_11191,hairpin5
5KPS_1388,3x3
6GXO_185,5x5
7JSW_10773,bulge2
9B0Q_16895,bulge2
5MMI_6639,hairpin6
6WNT_9779,bulge2
6WRU_9835,bulge2
8FZE_15694,bulge2
5JUO_6078,bulge2
9J3R_155,4x4
5GAN_14877,bulge1
8YUQ_16153,bulge2
6GXN_2313,hairpin3
6OST_11363,hairpin5
5U9F_7036,hairpin6
5KPX_8170,hairpin5
8OZ0_996,bulge4
8FZE_15690,bulge2
6S0K_9252,hairpin6
9B0G_4367,2x2
3JAG_2155,hairpin5
3J6B_1479,hairpin6
8V9K_14698,bulge2
6OLZ_8410,bulge2
9NJV_4478,2x2
8WIC_3495,3x3
6V39_9220,bulge2
9GHD_17069,bulge2
5U9G_9067,hairpin5
7QEP_3009,2x2
6TH6_12271,hairpin5
8URY_3924,bulge3
5MRC_8578,hairpin5
5MGP_8537,hairpin5
6O90_10974,hairpin5
8XSZ_356,bulge5
8G34_3600,2x2
6GBZ_1826,2x2
6O8X_1979,2x2
6ENF_7477,bulge2
5JUO_6073,bulge2
5LZV_6521,hairpin6
6P5K_2592,hairpin3
8I9V_3145,3x3
8SYL_13982,bulge2
6DDG_7634,hairpin6
6OM6_8432,bulge2
8RJD_3671,2x2
4V7B_3850,bulge2
5ANB_14320,bulge1
6OGG_2007,2x2
6GC0_10083,hairpin5
6I7O_7872,bulge2
8T3D_16419,bulge2
3JAH_2166,hairpin5
7UG7_3111,2x2
5NGM_6625,bulge2
6S13_11998,hairpin5
6GXM_7659,bulge2
6I0Y_10515,hairpin5
5O2R_6839,hairpin6
5UQ8_6870,bulge2
7MT2_3194,bulge3
8JSH_3667,2x2
8PV6_14393,bulge2
6WDH_9706,bulge2
6WD7_9589,bulge2
6QTZ_9144,hairpin6
5LZD_6267,bulge2
6ME0_10643,hairpin5
8CF5_14232,bulge2
6YST_10143,bulge2
6YWE_259,bulge5
9MOR_16673,bulge2
6Q8Y_2105,2x2
9FCO_16921,bulge2
4V5N_3180,bulge2
6PCH_8689,bulge2
5U4I_2114,bulge3
6RI5_8890,bulge2
8IPY_13953,bulge2
5MDW_2033,bulge3
8R3V_14954,bulge2
8CF8_13870,bulge2
5MLC_8541,hairpin5
8FIZ_3062,3x3
5AN9_4913,hairpin7
5UYK_6880,bulge2
6SPG_9368,hairpin6
6SV4_9391,hairpin6
8FZJ_3672,3x3
8R8M_3685,3x3
6ENJ_9937,hairpin5
7UCK_3109,2x2
8YUR_3782,3x3
9J3R_149,4x4
6N7R_1773,3x3
8QPP_14566,bulge2
6ORE_1881,3x3
3JB9_1377,bulge2
5UQ8_9108,hairpin5
7B5K_10609,bulge2
6Z6M_2886,bulge3
9GHH_17125,bulge2
6SPC_9006,bulge2
8WI7_15105,bulge2
8BSJ_3269,2x2
6WDF_9689,bulge2
7O5B_2793,2x2
6SKF_2170,2x2
6PC7_11549,hairpin5
9GHE_17089,bulge2
6YSR_2869,bulge3
6WD5_2772,bulge3
6GZZ_10333,hairpin5
6HA1_10388,hairpin5
5ZET_7364,hairpin6
7SFR_3053,2x2
5LZY_8394,hairpin5
6PCR_9005,hairpin6
7OLD_2813,2x2
6ENF_7471,bulge2
9J3R_152,4x4
5AJ0_18221,hairpin4
6Q97_2617,hairpin3
8G34_14438,bulge2
6VLZ_12393,hairpin5
5LMS_6213,bulge2
6TBV_9152,bulge2
7QIZ_2824,3x3
6FRK_7734,hairpin6
5LKS_6428,hairpin6
6PCS_11604,hairpin5
6TB3_9144,bulge2
5IMQ_5191,hairpin7
5V7Q_7162,hairpin6
3J9M_1559,hairpin6
6PCR_8703,bulge2
8OIN_13575,bulge2
8PHJ_3346,3x3
7NAX_2533,3x3
5MRF_6683,hairpin6
3JAI_614,hairpin3
9FRK_16538,bulge2
5MGP_6455,bulge2
8VIO_16775,bulge2
8RQ2_15377,bulge2
8IP8_3745,bulge3
8YUO_16127,bulge2
5U9F_9048,hairpin5
4V78_915,3x3
5LZV_333,bulge4
6N8O_8313,hairpin6
8XXM_3555,3x3
3JBO_1654,hairpin6
7ST6_3068,2x2
5IQR_15144,bulge1
8UU4_3464,3x3
7UVV_3292,2x2
7NRC_11175,bulge2
3J9M_597,hairpin3
9NL7_17185,bulge2
7ABZ_2947,bulge3
5JPQ_5344,hairpin7
5NO3_6812,hairpin6
6YSR_10123,bulge2
6PC7_2087,2x2
6N8N_8053,bulge2
8FLE_3579,bulge3
8UU9_3796,2x2
6X7F_2352,2x2
4V6Z_882,3x3
5LQW_6229,bulge2
3JAI_2185,hairpin5
8FKP_13709,bulge2
5ZEP_9488,hairpin5
6VWM_9294,bulge2
7PAT_2778,3x3
6LSR_8224,hairpin6
6HD7_2355,hairpin3
5UQ7_7057,hairpin6
6P5N_8952,hairpin6
8INF_13927,bulge2
6GC6_10104,hairpin5
6SPE_9018,bulge2
6P5J_8648,bulge2
6PC5_2597,hairpin3
7ACJ_10514,bulge2
7D6Z_2423,3x3
9B0F_3956,3x3
4V71_3722,bulge2
6ND4_8065,bulge2
6OIG_8351,bulge2
7K00_10833,bulge2
6GZX_7997,hairpin6
6GXP_7688,bulge2
6OSK_8520,bulge2
5GM6_14883,bulge1
6VZ2_9412,bulge2
3J9M_1561,hairpin6
6SV4_9041,bulge2
5MRC_172,bulge5
6GXP_7953,hairpin6
6QIK_11732,hairpin5
7N2U_11038,bulge2
5LMR_1970,bulge3
7K55_10910,bulge2
6ZM5_2891,bulge3
5ZEP_9490,hairpin5
5LZE_8300,hairpin5
6MTB_7998,bulge2
8IR3_13968,bulge2
6FTI_7755,hairpin6
6SV4_9057,bulge2
5OT7_1645,2x2
8WIB_15131,bulge2
8Y0X_3695,2x2
7KGB_11581,bulge2
6GXN_2377,bulge3
8CEE_3630,2x2
7P3K_11447,bulge2
8P18_3572,3x3
8FZI_15735,bulge2
7JL2_2582,2x2
6DZP_7459,bulge2
6ZP4_627,bulge4
8SCB_14575,bulge2
6FTJ_2278,hairpin3
5UYL_6892,bulge2
6PC8_8684,bulge2
7K50_10845,bulge2
8PV2_14371,bulge2
6OST_8831,hairpin6
3JCD_2267,hairpin5
5IMQ_5799,bulge2
5WE6_9321,hairpin5
7NHK_11120,bulge2
5G2X_5091,hairpin7
9KPO_396,bulge5
8UPR_3893,2x2
6PCT_11613,hairpin5
6Q8Y_8727,bulge2
6R86_11862,hairpin5
6ZS9_10315,bulge2
5MYJ_6689,hairpin6
8RJC_3670,2x2
6GQ1_1831,2x2
9NLS_4090,3x3
6ZMO_10297,bulge2
9HA6_16634,bulge2
9NLQ_461,5x5
7K50_2462,3x3
6OM6_11215,hairpin5
6R7Q_8854,bulge2
6ZTN_10382,bulge2
3J79_4688,hairpin4
5LZE_6485,hairpin6
5NGM_6789,hairpin6
6ZTN_2485,2x2
8GLP_873,bulge4
8YUP_4025,bulge3
6T7T_9122,bulge2
8PHJ_14523,bulge2
6HCJ_8084,hairpin6
6C4I_7352,bulge2
8FZE_3976,bulge3
6TPQ_12307,hairpin5
3JBO_631,hairpin3
6XII_9953,bulge2
7K51_10860,bulge2
8Y0W_407,5x5
7PIR_2967,2x2
6SPB_9005,bulge2
6WD9_9613,bulge2
8T2Y_16387,bulge2
7P7Q_2746,3x3
6GXN_7667,bulge2
6ORL_2568,bulge3
8RW1_4047,2x2
7PAH_11906,bulge2
6SV4_2704,hairpin3
7ABG_2532,2x2
8P8W_1144,bulge4
5AJ4_14281,bulge1
6PCR_9004,hairpin6
5WE6_7023,bulge2
6O8X_8497,hairpin6
6SPF_75,4x4
8OGJ_15992,bulge2
6OLF_11168,hairpin5
5MRE_6675,hairpin6
4V69_3392,bulge2
6ZMI_269,bulge5
6R5Q_9174,hairpin6
6S0K_9249,hairpin6
7PAR_11997,bulge2
6NU3_10837,hairpin5
9GHC_4176,bulge3
8UQP_15428,bulge2
6YSS_10130,bulge2
4V75_3769,bulge2
6OM6_11210,hairpin5
6PCR_8700,bulge2
7AS8_10572,bulge2
8YLD_16444,bulge2
8EYQ_14174,bulge2
5KPS_6122,bulge2
7Y41_3097,3x3
6WD8_2779,bulge3
7BL4_10664,bulge2
8WIB_3493,3x3
6XU8_9984,bulge2
7KWG_10913,bulge2
6TMF_9181,bulge2
5X8P_9416,hairpin5
5KPS_1385,3x3
6HCM_10425,hairpin5
5MDY_8470,hairpin5
5WE4_9302,hairpin5
5T2C_8938,hairpin5
6VZ2_2085,3x3
4V6L_845,3x3
6OSQ_8530,bulge2
8B0X_3202,2x2
6GZZ_2333,hairpin3
9GHA_4010,3x3
7BOH_10698,bulge2
9NL5_4481,2x2
4V6Q_3612,bulge2
5ND9_8647,hairpin5
9GFT_4322,2x2
5UYK_6883,bulge2
5MDZ_2038,bulge3
5GAE_19010,hairpin4
8UPR_15401,bulge2
4UJD_568,3x3
6OSK_8814,hairpin6
6QIK_9116,hairpin6
5AJ4_4898,hairpin7
7B5K_10612,bulge2
7NHM_11148,bulge2
6ERI_9957,hairpin5
3JCS_1455,bulge2
3J6B_1228,bulge2
8UR0_3910,bulge3
5IMR_19317,hairpin4
8RCT_3798,bulge3
8PV2_3582,2x2
6R87_11872,hairpin5
5LZX_8385,hairpin5
3J79_2950,bulge1
6T4Q_9426,hairpin6
7B7D_10622,bulge2
6SV4_12136,hairpin5
6WDL_2324,2x2
8IPD_3490,2x2
6QUL_9154,hairpin6
5WFS_7273,hairpin6
5T62_8956,hairpin5
4V6O_3596,bulge2
7TTU_3095,2x2
3JBO_407,3x3
8QOI_15501,bulge2
6MTE_201,5x5
7OJ0_2721,2x2
5MC6_8435,hairpin5
8Q5I_14181,bulge2
6SPF_2694,hairpin3
6H4N_8020,hairpin6
6G5H_10051,hairpin5
8YUS_16169,bulge2
9H3Q_16587,bulge2
7AQD_10561,bulge2
8P8W_4174,2x2
7UCJ_313,5x5
8G5Y_13438,bulge2
6XIQ_574,bulge4
8I9W_13526,bulge2
8FZG_15707,bulge2
8IPB_14785,bulge2
9H3O_16576,bulge2
6OST_8836,hairpin6
7ST2_2866,3x3
6DDD_7624,hairpin6
6O9J_10992,hairpin5
3JAG_2162,hairpin5
6ENF_9920,hairpin5
5MYJ_6694,hairpin6
7A5H_10479,bulge2
6LQS_10611,hairpin5
7MSH_2686,3x3
6ERI_7718,hairpin6
8RRI_16816,bulge2
6PCR_11592,hairpin5
6GZQ_7990,hairpin6
6GC4_7832,hairpin6
6OM7_11223,hairpin5
6SPB_12069,hairpin5
6WQN_2185,3x3
5IMQ_15108,bulge1
3J92_2089,hairpin5
8FLD_3574,bulge3
3J7O_4706,hairpin4
3J9Y_2112,hairpin5
5O5J_8827,hairpin5
6Z6K_10215,bulge2
8IPA_14778,bulge2
6R87_2650,hairpin3
6GXO_7685,bulge2
6XDQ_9913,bulge2
3J8G_2076,hairpin5
8QRM_3943,bulge3
4D61_1593,bulge2
8FR8_3519,bulge3
6GC0_1827,2x2
8D8K_12848,bulge2
6QUL_8819,bulge2
3J7Q_2035,hairpin5
9GUT_16301,bulge2
6XZ7_9987,bulge2
5NGM_8755,hairpin5
6SV4_12116,hairpin5
6Y2L_10020,bulge2
8CF5_14229,bulge2
7TTU_2908,3x3
6S13_9288,hairpin6
4V6W_3673,bulge2
6TC3_12253,hairpin5
6XZA_9998,bulge2
7OLC_11751,bulge2
7B5K_655,bulge4
7JSW_2440,3x3
8CGV_13875,bulge2
6GZZ_8014,hairpin6
8FKU_13716,bulge2
4V71_1152,bulge3
8IR3_13964,bulge2
6VYT_9345,bulge2
5V7Q_7167,hairpin6
6PC8_11561,hairpin5
8P8M_15475,bulge2
6T59_12183,hairpin5
5UZ4_2141,bulge3
7PIA_2790,3x3
5ND8_6535,bulge2
5LZS_6500,hairpin6
3JCN_644,hairpin3
8JDM_14474,bulge2
6OUO_8875,hairpin6
6O8W_10927,hairpin5
5AJ4_1323,3x3
6OFX_8292,bulge2
6N8M_8051,bulge2
8E3L_13636,bulge2
3J6B_2005,hairpin5
6VYU_9362,bulge2
6BK8_7203,bulge2
7OIZ_2616,3x3
8FZG_3963,2x2
8TOC_3801,bulge3
6YSS_2870,bulge3
6VYS_2072,3x3
8RQ0_15371,bulge2
6W7W_9499,bulge2
8BTR_3051,3x3
9DYG_16178,bulge2
6WDK_2323,2x2
5WDT_9296,hairpin5
8P2F_3840,2x2
6H58_8046,hairpin6
8G38_14448,bulge2
5ZEP_9487,hairpin5
7K55_2479,3x3
7MT7_11664,bulge2
8V9L_14702,bulge2
9GUQ_4059,bulge3
5AN9_14313,bulge1
5T7V_6978,hairpin6
8P2H_3868,bulge3
6Q9A_11714,hairpin5
6SV4_9054,bulge2
7OOD_2728,3x3
5T2A_6938,hairpin6
8R55_14624,bulge2
3J7Z_2062,hairpin5
8HU1_15232,bulge2
5U4I_6820,bulge2
5IMR_5807,bulge2
7NQH_11163,bulge2
6P5I_11473,hairpin5
7PHC_2930,2x2
6TC3_2028,3x3
8QIE_16494,bulge2
5TZS_9030,hairpin5
8IFC_14760,bulge2
7UCK_3108,2x2
6ZQC_629,bulge4
8PV3_14372,bulge2
7AFA_10534,bulge2
7JSZ_10782,bulge2
6FTJ_10022,hairpin5
9H3L_3852,3x3
6R6G_11819,hairpin5
6GZZ_10327,hairpin5
6YWE_2412,2x2
7AQC_10550,bulge2
6DNC_2327,bulge3
3JCN_2305,hairpin5
6I7O_1740,3x3
8G2U_14409,bulge2
9BSS_3845,3x3
3J7A_4699,hairpin4
9GHE_17078,bulge2
9GHB_17052,bulge2
8YUQ_16148,bulge2
6O9K_8547,hairpin6
8CIV_14249,bulge2
5KPX_6398,hairpin6
4V7B_996,2x2
6T4Q_12179,hairpin5
8I9X_3374,2x2
6RBD_2136,2x2
6OM0_483,bulge4
5LZE_1503,2x2
9J3T_168,4x4
5JUO_6074,bulge2
6S0X_11975,hairpin5
6P5J_2587,hairpin3
3JBO_1395,bulge2
9NLE_17205,bulge2
5MLC_6630,hairpin6
5V7Q_7163,hairpin6
8P2H_15269,bulge2
6BU8_9616,hairpin5
3J5L_382,3x3
8HU1_15227,bulge2
4UJC_795,bulge3
8BN3_3637,2x2
6QT0_2628,hairpin3
3J79_2011,hairpin5
6PC8_2600,hairpin3
8OIQ_13576,bulge2
6VYT_9349,bulge2
7N31_11072,bulge2
6ORE_1880,3x3
5NJT_6807,hairpin6
5LZV_6320,bulge2
6XA1_2359,2x2
6WD8_9600,bulge2
8RCT_14991,bulge2
8P60_3420,2x2
6WDF_9684,bulge2
3J7Q_1252,bulge2
6LU8_8234,hairpin6
8CIV_14256,bulge2
8RCM_14959,bulge2
3J6B_1226,bulge2
6SPD_2184,2x2
6YHS_10076,bulge2
6J6G_7897,bulge2
8RPZ_3579,3x3
5KPW_6154,bulge2
7KWG_10916,bulge2
8RCM_14967,bulge2
5LKS_6430,hairpin6
8HSP_3522,3x3
7MSZ_11639,bulge2
9GHB_4015,3x3
7M4W_2614,2x2
6OGI_8343,bulge2
5IMQ_15099,bulge1
8G61_3353,2x2
6UES_9526,hairpin6
6ZM6_2270,3x3
7K51_2598,2x2
9NL6_17183,bulge2
6GXP_1704,3x3
6ORE_1878,3x3
6SWA_12148,hairpin5
8G6W_3357,2x2
9E7F_16273,bulge2
5ANC_18303,hairpin4
5IMR_5198,hairpin7
4CSU_2426,hairpin5
8G6J_13470,bulge2
8T5D_15919,bulge2
8QCQ_3843,bulge3
6C4H_9749,hairpin5
5UQ7_9091,hairpin5
3J7P_2031,hairpin5
8RCL_15155,bulge2
7M4W_10971,bulge2
6Q8Y_8731,bulge2
3J9Z_399,3x3
8ZTV_16843,bulge2
8HU1_3831,2x2
5UMD_2104,hairpin3
6SV4_2015,3x3
6DNC_7429,bulge2
6BU8_7250,bulge2
4UJC_2509,bulge2
8FMW_3665,bulge3
6XZ7_9990,bulge2
4CE4_1833,hairpin6
8T5H_15928,bulge2
6SZS_12166,hairpin5
6YSI_10112,bulge2
8P8V_4165,2x2
6YSS_10124,bulge2
5LZZ_1929,hairpin3
6ID1_10566,hairpin5
6QZP_11802,hairpin5
8P8W_4175,2x2
6VWM_9293,bulge2
6O8Z_8511,hairpin6
5NGM_6787,hairpin6
6N8K_8037,bulge2
5ND9_6724,hairpin6
6X6T_2197,3x3
7NBU_2785,2x2
5AFI_18201,hairpin4
8WT6_3947,bulge3
6T59_2719,hairpin3
8FKY_359,5x5
6DZI_7452,bulge2
4V7D_3856,bulge2
9GGR_3920,3x3
7K54_10895,bulge2
8FLE_13803,bulge2
5OSG_6926,hairpin6
8YUO_16134,bulge2
8EKC_3207,2x2
6VLZ_2698,bulge3
6AZ3_7397,hairpin6
5LMR_6440,hairpin6
5T2A_8931,hairpin5
8PV4_14380,bulge2
5LMT_8235,hairpin5
9B0Q_389,bulge5
8K4E_3990,bulge3
8XSZ_1069,bulge4
6N8L_2441,hairpin3
8G61_13462,bulge2
8VIO_4333,2x2
5LMT_6443,hairpin6
6VZ5_9434,bulge2
5AFI_18209,hairpin4
8P8M_15478,bulge2
4V73_3751,bulge2
6OUO_1918,3x3
5JB3_19874,hairpin4
5WDT_6998,bulge2
9J3T_3984,3x3
4V6V_3659,bulge2
6MTE_8021,bulge2
6FTI_10008,hairpin5
6WYV_2196,3x3
5ND8_6711,hairpin6
4V7A_994,2x2
5JB3_15600,bulge1
8P8U_15492,bulge2
8RJD_405,5x5
5JTE_19958,hairpin4
5ANC_14326,bulge1
8RCL_3834,bulge3
9NLJ_17245,bulge2
6GWT_7919,hairpin6
3JAI_613,hairpin3
3J7O_578,hairpin3
5AA0_5497,bulge2
6OGG_8338,bulge2
7SYW_2901,3x3
5T62_6771,bulge2
5X8T_7089,bulge2
3J6B_1227,bulge2
6OLF_8382,bulge2
5JTE_6049,bulge2
9HC4_17128,bulge2
6VYW_2078,3x3
6LU8_8236,hairpin6
8Y0X_3737,bulge3
6Z1P_10199,bulge2
5UMD_9083,hairpin5
8IDT_13888,bulge2
6RM3_11899,hairpin5
5APN_14333,bulge1
6I0Y_8163,hairpin6
4V6X_3675,bulge2
6I7O_10530,hairpin5
5IMR_19330,hairpin4
5OPT_2058,hairpin3
7V08_3035,3x3
6TH6_2737,hairpin3
5AJ4_5526,bulge2
8P8W_4172,2x2
7UNR_3114,2x2
6FTI_7528,bulge2
6H58_2392,bulge3
6VZ7_9442,bulge2
9HA7_16640,bulge2
7OHX_2608,3x3
8QPE_3889,bulge3
6OLG_8678,hairpin6
5H1S_14890,bulge1
3JA1_1332,bulge2
5KPW_6390,hairpin6
7PAH_745,bulge4
5LZE_8304,hairpin5
6GQ1_1834,2x2
6OSK_8527,bulge2
6ENF_9929,hairpin5
8URX_3906,2x2
9B0H_454,5x5
4V76_3777,bulge2
7BOF_10691,bulge2
6TB3_9466,hairpin6
6TH6_12262,hairpin5
5H4P_19057,hairpin4
8T5H_15924,bulge2
7BOD_10679,bulge2
6W6L_9468,bulge2
7OIF_2711,3x3
6X6T_9857,bulge2
7NRD_11181,bulge2
3J9Y_397,3x3
3J79_2957,bulge1
6N8J_8281,hairpin6
7JT1_2590,2x2
5IMR_5196,hairpin7
3JA1_1336,bulge2
8EIU_3013,3x3
5K0Y_1472,2x2
6V39_2223,2x2
6PCR_1956,3x3
8P5D_13594,bulge2
6GC7_2293,hairpin3
5MMJ_8554,hairpin5
5NO2_6642,bulge2
6YSS_2401,2x2
6YST_10141,bulge2
7BOF_10690,bulge2
6PC5_8954,hairpin6
4V69_3390,bulge2
3J0O_384,2x2
6MTC_10662,hairpin5
5MMI_6636,hairpin6
9F9S_16366,bulge2
5MMM_6654,hairpin6
5UYK_6881,bulge2
6G18_7558,bulge2
6ZTM_10373,bulge2
6OT3_1909,3x3
6Q9A_11711,hairpin5
6BU8_7244,bulge2
6N8O_8315,hairpin6
6GZQ_7725,bulge2
5WDT_2162,bulge3
3J5L_1469,hairpin6
8FLF_13809,bulge2
6SWA_9400,hairpin6
4D5Y_1592,bulge2
6S12_11990,hairpin5
6Z6N_10242,bulge2
6HA1_7787,bulge2
4V7C_3855,bulge2
8G6J_3129,3x3
5IT7_15153,bulge1
4V5M_3175,bulge2
6SGC_8964,bulge2
6VYQ_9308,bulge2
7AZY_10605,bulge2
7AC7_2369,3x3
7OLC_11745,bulge2
5NP6_6817,hairpin6
8Y38_15792,bulge2
9ESI_377,bulge5
2J28_287,3x3
6J6H_10571,hairpin5
6DNC_7437,bulge2
8IP8_1003,bulge4
6GXM_10209,hairpin5
6OGI_11105,hairpin5
9FY0_16556,bulge2
6YSU_2262,3x3
5WLC_1711,2x2
7K52_679,bulge4
8G7Q_14896,bulge2
6OM6_8424,bulge2
6O90_8240,bulge2
6GZ3_1855,2x2
6QUL_11782,hairpin5
8G6Y_13488,bulge2
5UYQ_7133,hairpin6
3IZ4_379,2x2
6FTG_7522,bulge2
4A2I_1821,hairpin6
7OHQ_3146,bulge3
8G5Y_13439,bulge2
4V8T_4505,bulge2
7O7Z_2706,2x2
6SPF_12095,hairpin5
6OKK_11148,hairpin5
8FZE_15697,bulge2
7JT3_3000,bulge3
6YSI_10111,bulge2
6RXV_8905,bulge2
5JTE_15659,bulge1
6SWC_12152,hairpin5
7OJ0_723,bulge4
8ZTV_3952,3x3
8YOO_15657,bulge2
5LZB_8260,hairpin5
5LZW_6333,bulge2
6OSK_11333,hairpin5
5WE6_7022,bulge2
7ASP_10598,bulge2
5MDV_8448,hairpin5
8G60_327,bulge5
5JBH_1932,bulge3
6P5I_11481,hairpin5
6VZ2_9411,bulge2
6ZQG_633,bulge4
7MSZ_11643,bulge2
5WFK_2129,hairpin3
6TNN_2216,2x2
8G2U_14406,bulge2
5JTE_19974,hairpin4
7BL3_10654,bulge2
8YOP_1073,bulge4
8UU9_3479,3x3
8ONZ_3723,2x2
6ZCE_2441,2x2
6WD5_9570,bulge2
8C97_3120,3x3
6RZZ_8918,bulge2
3J92_2084,hairpin5
8G6W_3511,bulge3
7N31_2527,3x3
7PH9_2917,2x2
6GQ1_10127,hairpin5
6OST_8540,bulge2
6SPB_12062,hairpin5
8FLD_13796,bulge2
6HTQ_10511,hairpin5
6VYT_2249,2x2
6ORL_2569,bulge3
5APO_14355,bulge1
7QH4_3016,2x2
7O1A_2586,3x3
6I0Y_10520,hairpin5
8URI_15456,bulge2
5U9F_7031,hairpin6
8T2S_14510,bulge2
6UET_9529,hairpin6
6P5N_8658,bulge2
6PCS_11601,hairpin5
3J7O_2981,bulge1
6G5H_7791,hairpin6
7BOF_2977,bulge3
3J7R_1513,hairpin6
6ZQE_10311,bulge2
8PEG_3748,2x2
6MTD_1923,2x2
8CDR_3544,2x2
6TPQ_9205,bulge2
5T2C_8945,hairpin5
8P2F_15246,bulge2
7JSS_10763,bulge2
6WDA_2784,bulge3
5UYM_1681,2x2
9GR1_16280,bulge2
6FRK_7728,hairpin6
8Q87_4013,bulge3
6Q97_9085,hairpin6
6FTG_2274,hairpin3
5LZX_8390,hairpin5
8JDK_3604,2x2
6VWM_9287,bulge2
6WDM_2175,3x3
9N2B_3992,3x3
8RW1_4050,2x2
9G8M_16102,bulge2
6GC4_7579,bulge2
9NJF_4476,2x2
5LZZ_6353,bulge2
5APO_14359,bulge1
6I7O_10528,hairpin5
4V6U_1142,bulge3
6U48_12312,hairpin5
5LMN_6193,bulge2
5UQ8_9099,hairpin5
6RI5_11887,hairpin5
6SWA_12150,hairpin5
6OGF_8329,bulge2
8EVQ_14140,bulge2
8UKB_16244,bulge2
6Y0G_10012,bulge2
5O5J_8826,hairpin5
6UZ7_2753,hairpin3
8RDW_3761,bulge3
6Z6L_10231,bulge2
6ZM6_10262,bulge2
6YSI_2247,3x3
8ESR_3000,3x3
6T83_2023,3x3
6PPK_8724,bulge2
8T3C_16414,bulge2
8Y0W_338,bulge5
6QUL_11791,hairpin5
9H3Z_16624,bulge2
6YLX_10089,bulge2
6NU2_10823,hairpin5
7PIO_2794,3x3
6N8O_8314,hairpin6
7JQB_670,bulge4
6WDJ_2164,3x3
8OGJ_4080,2x2
3J5L_2931,bulge1
5LZZ_8410,hairpin5
9HA4_4301,2x2
9NLQ_4086,3x3
6GXP_10253,hairpin5
7PAR_752,bulge4
8V83_3545,3x3
4V7E_1002,2x2
5LZU_1425,3x3
6R87_9214,hairpin6
6O8W_8198,bulge2
6OGI_11114,hairpin5
3J9Z_1589,hairpin6
5MDV_2030,bulge3
6WD4_9559,bulge2
8A3L_3105,3x3
9B1X_4003,3x3
6Z6K_2439,2x2
8URI_15457,bulge2
5NJT_6809,hairpin6
8P5D_3406,2x2
9NLQ_4223,bulge3
6SPG_9362,hairpin6
6FTI_10010,hairpin5
6OFX_8303,bulge2
8OVA_14486,bulge2
6RXU_1997,3x3
8UT0_16112,bulge2
8YOO_15662,bulge2
5GAE_19004,hairpin4
8BRM_3039,3x3
6WD8_2131,3x3
6OUO_8591,bulge2
3JAP_2207,hairpin5
8Y0X_339,bulge5
4V7H_3871,bulge2
3JAH_611,hairpin3
6QIK_11734,hairpin5
8YOP_421,5x5
6O7K_8186,bulge2
5LZE_6484,hairpin6
3J9Y_403,2x2
4V5H_3118,bulge2
6H4N_10349,hairpin5
6S0Z_11980,hairpin5
9B24_4007,3x3
6T59_9107,bulge2
6GXO_10247,hairpin5
6ZU1_10418,bulge2
6S13_8948,bulge2
6VZ5_9431,bulge2
8K2C_15586,bulge2
7M5D_2681,3x3
6P5I_2076,2x2
7AS9_10574,bulge2
6O90_1993,2x2
4V6S_1136,bulge3
6WDB_9638,bulge2
6GZX_10308,hairpin5
5UMD_1671,2x2
5IMQ_19289,hairpin4
8G2U_3325,3x3
5JCS_15652,bulge1
3JCN_1446,bulge2
8BSJ_3048,3x3
6SZS_527,bulge4
6RM3_11898,hairpin5
7MSC_2685,3x3
4CSU_2420,hairpin5
4V7D_3859,bulge2
6ZTO_2487,2x2
6GSN_10193,hairpin5
5LZZ_8409,hairpin5
3J5L_1997,hairpin5
7O5B_2792,2x2
5T62_1650,2x2
6C0F_7564,hairpin6
4V6K_3553,bulge2
9L0R_182,4x4
9MOR_16672,bulge2
8UIZ_17279,bulge2
6V39_2689,bulge3
6XIQ_2219,3x3
7NAT_2530,3x3
8P2G_3845,2x2
8G6J_13466,bulge2
9GUX_16326,bulge2
9NLH_4077,3x3
6J6H_10570,hairpin5
5LZE_8307,hairpin5
6Y57_10027,bulge2
8BSI_3043,3x3
9HA4_3883,3x3
4CXH_2435,hairpin5
6Y57_2855,bulge3
5LZY_1434,3x3
3J9W_402,2x2
8BHF_3280,3x3
6SGC_233,5x5
7MDZ_11007,bulge2
4UJD_46,4x4
4CSU_687,hairpin3
3J9W_2109,hairpin5
7Q0P_3003,2x2
5AJ3_18253,hairpin4
5NGM_2024,hairpin3
7KGB_2674,3x3
8QPP_14559,bulge2
9GHF_4031,3x3
8R8M_15776,bulge2
7NHN_2667,2x2
6GXN_1848,2x2
3J9Y_396,3x3
7OII_2806,2x2
8FMW_14353,bulge2
4V6L_843,3x3
5WF0_7259,hairpin6
8BHF_3515,2x2
7A5I_10483,bulge2
9HC4_4193,bulge3
8FTO_13881,bulge2
8G60_13453,bulge2
5APN_14336,bulge1
6ENF_7472,bulge2
6I9R_8194,hairpin6
6ENU_7705,hairpin6
6T83_2727,hairpin3
7UVY_3085,3x3
7ABZ_2946,bulge3
9E7F_16267,bulge2
8P8W_16230,bulge2
5U9G_9075,hairpin5
6WD8_9607,bulge2
6O8Y_8224,bulge2
6NU2_8124,bulge2
6I7O_8181,hairpin6
6VYS_9338,bulge2
6ZXF_645,bulge4
6Q9A_11707,hairpin5
6T4Q_2717,hairpin3
9GHE_17082,bulge2
8PJ2_1084,bulge4
8T3A_4217,2x2
3JAH_1615,hairpin6
8OGJ_4079,2x2
6MTB_8258,hairpin6
8PKL_1015,bulge4
6S0X_11967,hairpin5
8OHD_14789,bulge2
7NFX_11111,bulge2
6HCQ_8102,hairpin6
8Y39_15804,bulge2
8PV7_14398,bulge2
6X7F_9871,bulge2
9J1M_16931,bulge2
6TB3_534,bulge4
7BL6_662,bulge4
6OM7_8726,hairpin6
5UYP_9168,hairpin5
9NLS_1223,bulge4
3J79_1385,hairpin7
3J7Z_1270,bulge2
9MQ4_4305,2x2
6N8M_10720,hairpin5
8Y39_3986,2x2
8P2K_374,5x5
6BU8_9629,hairpin5
8Y0U_997,bulge4
9NLF_17222,bulge2
4V5N_999,bulge3
5O61_8840,hairpin5
8RCM_14966,bulge2
6PPK_11643,hairpin5
3JA1_1599,hairpin6
6OSQ_11353,hairpin5
8R3V_3778,bulge3
6O9J_8253,bulge2
8RD8_3758,bulge3
4V6T_3646,bulge2
9FNZ_16526,bulge2
9B1Y_4006,3x3
5NO3_2089,bulge3
5U9G_9072,hairpin5
8IDT_13893,bulge2
8RJC_3728,bulge3
7PI8_12073,bulge2
3J6B_2002,hairpin5
3JA1_2141,hairpin5
6YSU_10148,bulge2
6ZSB_2908,bulge3
5IT7_15159,bulge1
7P7U_11895,bulge2
5WF0_7258,hairpin6
5NWY_6836,hairpin6
8PJ4_15841,bulge2
6OLI_8402,bulge2
6O8W_8195,bulge2
8PV1_14360,bulge2
7UNW_103,4x4
7BL5_10669,bulge2
9GUX_16327,bulge2
6MTE_8028,bulge2
7P7S_2852,2x2
6WD8_9608,bulge2
7PAH_2867,2x2
3JCN_2314,hairpin5
5IT9_19437,hairpin4
9L5R_4128,bulge3
5IT9_19432,hairpin4
8WI8_3491,3x3
8IA0_3381,2x2
6T4Q_12176,hairpin5
8RCL_15163,bulge2
6V39_12344,hairpin5
4UER_2501,bulge2
6QTZ_2632,hairpin3
3J7P_3001,bulge1
9GHC_17062,bulge2
9J6Y_4165,bulge3
9HA4_4300,2x2
5H4P_19069,hairpin4
6WD3_2117,3x3
9GHE_17087,bulge2
7SYN_3083,2x2
4A2I_487,bulge3
8UPO_15389,bulge2
5JUU_8098,hairpin5
6ZME_10279,bulge2
5UYQ_2139,bulge3
8FL3_13745,bulge2
6FEC_7502,bulge2
6GXM_7925,hairpin6
7MSM_2779,2x2
7PAN_2771,3x3
6WDL_9760,bulge2
3J7Q_1509,hairpin6
9F1D_1094,bulge4
6YSR_597,bulge4
5T5H_6767,bulge2
6PCT_8710,bulge2
7LS1_84,4x4
6PCQ_8695,bulge2
8BR8_3251,2x2
6SZS_9088,bulge2
8UPO_15392,bulge2
5MRF_8589,hairpin5
5MMI_6634,hairpin6
3JCD_1693,hairpin6
9J3R_3983,3x3
6RW5_11907,hairpin5
6OIG_8626,hairpin6
8RPY_15360,bulge2
8VKI_4337,2x2
7ASM_10588,bulge2
6ENJ_7702,hairpin6
6TC3_12257,hairpin5
3JBN_405,3x3
6YAN_10053,bulge2
6G5H_7790,hairpin6
6WDH_9713,bulge2
6P5N_11528,hairpin5
8EWC_3530,2x2
6ZTJ_10344,bulge2
8I9X_880,bulge4
6I9R_7896,bulge2
8YUS_16171,bulge2
9GR1_16276,bulge2
6V3B_9569,hairpin6
8G61_3128,3x3
6GC0_10088,hairpin5
7NQH_11162,bulge2
6WDE_2148,3x3
5NJT_8773,hairpin5
6ENF_7691,hairpin6
8FZG_15710,bulge2
8P5D_3410,2x2
6OM6_2541,hairpin3
6OG7_8308,bulge2
6PC7_11558,hairpin5
6MTB_466,bulge4
5GAK_5099,hairpin7
7XD3_3058,3x3
9NLB_17202,bulge2
8IFB_14750,bulge2
7M5D_2679,3x3
4V8Z_258,bulge4
8FZI_3983,bulge3
8HTZ_15222,bulge2
6LSS_10629,hairpin5
8P2K_3585,bulge3
5UMD_7050,hairpin6
6ZVK_10447,bulge2
4V6S_3637,bulge2
6P5I_8637,bulge2
6S13_12006,hairpin5
6V3B_9242,bulge2
6FYX_7786,hairpin6
8P8U_15494,bulge2
8PKL_3775,bulge3
5NCO_6531,bulge2
6O90_2512,bulge3
7ACJ_2373,3x3
6VZ7_2091,3x3
6D90_413,bulge4
7N30_2520,3x3
5ZWM_7166,bulge2
5IT7_19372,hairpin4
5MLC_6632,hairpin6
6VZ5_2089,3x3
4V7D_1177,bulge3
8V9K_14692,bulge2
6ERI_7721,hairpin6
8P60_13605,bulge2
5NO3_6647,bulge2
7NAR_11080,bulge2
3J5L_4647,hairpin4
5UYN_6918,bulge2
6Z6J_2435,2x2
8WHY_344,bulge5
6O8Z_8512,hairpin6
8V84_15282,bulge2
7A5G_10476,bulge2
5LZZ_8412,hairpin5
6SKG_8986,bulge2
9GFT_16741,bulge2
5LZF_6494,hairpin6
8OJ8_14818,bulge2
6WDI_9718,bulge2
5UYK_2109,hairpin3
8G6W_3356,2x2
6YS5_10106,bulge2
8FKS_13712,bulge2
7A01_10458,bulge2
8EVP_14131,bulge2
6NU2_2471,bulge3
5IMQ_19292,hairpin4
8QRK_3939,bulge3
8PHJ_14515,bulge2
4V70_3715,bulge2
6ZTM_2304,3x3
3J9M_448,bulge3
6OIG_11121,hairpin5
5X8P_9413,hairpin5
5LMO_1487,2x2
5ANB_18299,hairpin4
6XDR_9920,bulge2
3J8G_2081,hairpin5
6OSK_8523,bulge2
4V4N_743,2x2
5AJ3_14279,bulge1
8IR1_13962,bulge2
8R55_14632,bulge2
5UYM_9141,hairpin5
3J92_2085,hairpin5
6GQB_10141,hairpin5
5AKA_14295,bulge1
5JTE_5345,hairpin7
6WNW_9803,bulge2
6ZCE_10250,bulge2
6YSU_2266,3x3
8RCS_3791,bulge3
4V5M_836,2x2
7M4X_2617,2x2
6R5Q_8828,bulge2
4V6R_1133,bulge3
8FMW_14348,bulge2
5T62_6965,hairpin6
8VR4_16803,bulge2
6NU3_1952,2x2
9H3Y_16614,bulge2
9GGR_4331,2x2
6IV6_10567,hairpin5
8S8E_4057,2x2
7NAX_11104,bulge2
5MRC_6481,bulge2
3JA1_403,3x3
4V8Y_4545,bulge2
7L20_10923,bulge2
5APO_18342,hairpin4
4V6M_3566,bulge2
8CWO_13145,bulge2
5H4P_19074,hairpin4
8FKY_13730,bulge2
4V7B_3840,bulge2
4UJC_45,4x4
8YUS_4143,2x2
5IT7_15182,bulge1
6ZU1_2931,bulge3
7P7R_2750,3x3
6N8L_10710,hairpin5
5WE4_7244,hairpin6
5MDY_1448,3x3
8R55_3368,3x3
8CG8_3550,2x2
8T2T_14511,bulge2
8PV6_14390,bulge2
8QHU_16692,bulge2
4CSU_1839,hairpin6
5OT7_6751,bulge2
4V6R_3621,bulge2
6LQT_7930,bulge2
5G2Y_19001,hairpin4
9LMF_4425,2x2
8QCQ_3514,3x3
6X9Q_9897,bulge2
5LMT_6220,bulge2
5UQ8_2124,bulge3
7D80_2986,bulge3
7OLD_2812,2x2
5UZ4_9198,hairpin5
6H58_8040,hairpin6
6WNW_2183,3x3
5MDY_2035,bulge3
6WRU_2340,2x2
5NJT_6801,hairpin6
6PJ6_11630,hairpin5
9H3U_3863,3x3
7AFL_10541,bulge2
3JAH_1347,bulge2
7OG4_2715,2x2
8IPX_13947,bulge2
9GHB_4175,bulge3
3JAI_2177,hairpin5
5NWY_2034,hairpin3
6HCM_8096,hairpin6
6ZMO_10300,bulge2
5LMO_6200,bulge2
9GHG_17111,bulge2
6GWT_10197,hairpin5
6PC5_8955,hairpin6
7PIQ_12144,bulge2
9B0P_388,bulge5
6MTB_8260,hairpin6
5AKA_14305,bulge1
8T5H_15921,bulge2
5XY3_9445,hairpin5
4V69_3385,bulge2
8G7P_14884,bulge2
5MMI_6467,bulge2
5X8P_2192,bulge3
5A9Z_1307,3x3
7AS9_2396,3x3
5LI0_1956,bulge3
5KPS_8133,hairpin5
6HMA_7836,bulge2
9F58_17029,bulge2
6DZP_1798,2x2
5OT7_2064,hairpin3
8Q7W_3859,bulge3
5APO_5555,bulge2
7JT3_10824,bulge2
7M4W_10975,bulge2
5NO2_8778,hairpin5
6G5I_7559,bulge2
6PCR_11597,hairpin5
8CMJ_3560,2x2
5AJ0_14264,bulge1
6GC0_7575,bulge2
6OLE_11158,hairpin5
6SV4_2014,3x3
6H58_1722,3x3
5APN_18323,hairpin4
9L5T_384,bulge5
9NLF_17218,bulge2
5WE6_7250,hairpin6
6ZTN_2308,3x3
8RWG_16708,bulge2
6AZ1_399,bulge4
6GXO_7943,hairpin6
8RPY_3883,2x2
6ZSA_10318,bulge2
5XY3_9442,hairpin5
4V61_878,2x2
7M4W_2493,3x3
8UQL_15405,bulge2
8P5D_127,4x4
6N8K_8289,hairpin6
6AZ3_9535,hairpin5
6OLF_8665,hairpin6
6MEC_465,bulge4
8K2C_1057,bulge4
6Z1P_2433,2x2
7P6Z_2834,2x2
7AQC_10553,bulge2
8IDT_13890,bulge2
6R6P_11835,hairpin5
9MQ4_16683,bulge2
5X8T_9421,hairpin5
5LZW_8374,hairpin5
6TC3_9171,bulge2
6R86_2647,hairpin3
6Q9A_11713,hairpin5
6RW5_9235,hairpin6
8VKI_16788,bulge2
8P2K_3469,2x2
8PV8_3653,2x2
3JCE_414,3x3
5TCU_7011,hairpin6
6O9J_8246,bulge2
9FNZ_4090,bulge3
8XSX_3960,bulge3
3J9Z_2131,hairpin5
8I0W_15820,bulge2
6WDC_9649,bulge2
6PCT_499,bulge4
9GHA_4008,3x3
5UYN_7112,hairpin6
8Y0X_999,bulge4
6P5K_225,5x5
6S0X_9258,hairpin6
5WDT_7005,bulge2
8URI_15453,bulge2
7N31_2528,3x3
3J5L_4653,hairpin4
6LSS_2397,hairpin3
8KIE_3727,3x3
5T6R_6780,bulge2
6O90_8531,hairpin6
6XDR_9925,bulge2
6PC8_8980,hairpin6
8T30_16400,bulge2
9NLQ_4492,2x2
8VFT_4247,2x2
6OIG_11116,hairpin5
7OHT_2717,2x2
5LZE_8305,hairpin5
9HA5_1181,bulge4
6WDB_9637,bulge2
6WD5_2774,bulge3
3J7P_2024,hairpin5
6VYZ_9399,bulge2
8Y39_15806,bulge2
5JTE_15665,bulge1
6HCM_10433,hairpin5
5ZLU_7163,bulge2
6WDE_9672,bulge2
5MYJ_6691,hairpin6
3JCJ_1443,bulge2
8YUQ_16149,bulge2
6ZU1_10413,bulge2
7M4V_2492,3x3
5TCU_7008,hairpin6
9NLQ_17250,bulge2
6WOO_9807,bulge2
9NL5_4202,bulge3
7MSZ_11641,bulge2
6PCT_2098,2x2
6ERI_7496,bulge2
5IMQ_5186,hairpin7
6DZI_7652,hairpin6
4V76_3784,bulge2
6HD7_8109,hairpin6
6QUL_9152,hairpin6
5ME1_8497,hairpin5
6PCQ_2094,2x2
5JTE_6052,bulge2
3JBU_2238,hairpin5
5KPW_6147,bulge2
5L3P_8184,hairpin5
7PAI_11910,bulge2
6OG7_11065,hairpin5
3JCD_2266,hairpin5
6H58_7766,bulge2
8XT2_15649,bulge2
6FTG_7520,bulge2
7O7Z_11311,bulge2
6V3B_9243,bulge2
7NBU_2697,3x3
8URH_15447,bulge2
9H3Y_16618,bulge2
6VYU_9361,bulge2
5IMQ_1369,3x3
9FY0_4101,bulge3
6GZ3_7966,hairpin6
3J9M_392,3x3
4V75_3767,bulge2
3J7A_4696,hairpin4
6Q95_8740,bulge2
5T2A_6756,bulge2
9L0R_16959,bulge2
6ZSE_2914,bulge3
7PAR_2902,2x2
5ND9_8651,hairpin5
9NJF_4197,bulge3
8Y39_15803,bulge2
5UYP_7121,hairpin6
6ZQE_631,bulge4
6VLZ_9592,hairpin6
7CPV_3176,bulge3
6SZS_2020,3x3
6MTE_8026,bulge2
8RCM_14961,bulge2
8G38_393,5x5
6ENJ_2263,hairpin3
5UYK_6876,bulge2
3J9W_1566,hairpin6
6UZ7_12331,hairpin5
5X8T_7305,hairpin6
8P2K_927,bulge4
6X7K_9880,bulge2
7QV1_3024,2x2
6GXM_7926,hairpin6
3J9Y_1309,bulge2
6WOO_9811,bulge2
8P2F_3863,bulge3
7NFX_11109,bulge2
4V7I_3887,bulge2
6VWN_9302,bulge2
8BHJ_3252,3x3
8CF5_14234,bulge2
6WDD_9667,bulge2
6HD7_1876,2x2
9DUL_16664,bulge2
5LMV_8239,hairpin5
6P5J_11488,hairpin5
9NLJ_4081,3x3
6PC7_11551,hairpin5
8IFC_14754,bulge2
6T83_12218,hairpin5
8G31_3597,2x2
5OT7_8923,hairpin5
8FKU_3543,bulge3
6ERI_9964,hairpin5
5ZEB_1735,2x2
6U48_2221,2x2
8IPA_1006,bulge4
5O61_6864,hairpin6
3J7O_2017,hairpin5
8XT0_3951,2x2
6VWM_9290,bulge2
4V6X_3677,bulge2
6Y0G_10013,bulge2
3JBN_415,2x2
7PIS_12162,bulge2
7TM3_3093,2x2
5ND9_6555,bulge2
3J7Y_2052,hairpin5
8FMW_3578,2x2
6Q9A_11712,hairpin5
9GHF_17101,bulge2
6FTI_10006,hairpin5
5MC6_6563,hairpin6
8A3W_3350,3x3
6C4I_1775,2x2
5GAK_19034,hairpin4
5H1S_14891,bulge1
6SV4_9392,hairpin6
6PC6_11548,hairpin5
5ME1_6426,bulge2
6OGI_11103,hairpin5
6GZZ_10323,hairpin5
8I9Z_3377,2x2
3J8G_591,hairpin3
8S8J_15980,bulge2
6OIG_8629,hairpin6
6O8X_8212,bulge2
6OLF_241,bulge5
6ZOK_625,bulge4
5APN_14340,bulge1
9GHH_17124,bulge2
6OM7_8720,hairpin6
8R3V_3440,3x3
8FLA_13781,bulge2
9L0R_4414,2x2
8OGJ_15991,bulge2
6GXO_7682,bulge2
8FZE_3656,3x3
7PJV_2647,3x3
8P18_15351,bulge2
7NRC_693,bulge4
5AJ3_18255,hairpin4
6LQU_10617,hairpin5
8FKZ_13732,bulge2
8RD8_14851,bulge2
6OLF_8385,bulge2
5T7V_8971,hairpin5
5MY1_6686,hairpin6
6HCJ_8083,hairpin6
8OVA_3610,2x2
9H3N_16574,bulge2
6ENU_7486,bulge2
4V73_3753,bulge2
3J9W_393,3x3
3JBV_433,2x2
5G2X_18997,hairpin4
7PIS_12157,bulge2
5MRF_8592,hairpin5
6ZQC_2459,2x2
7K00_3017,bulge3
6MTB_7995,bulge2
3J5L_4655,hairpin4
6MTE_8029,bulge2
6UES_12330,hairpin5
5LZX_8389,hairpin5
6WDF_2153,3x3
3JBU_2244,hairpin5
6OLE_8657,hairpin6
7M5D_11605,bulge2
7PIQ_2800,3x3
6S0Z_8939,bulge2
6HA8_10404,hairpin5
3JCD_2258,hairpin5
8SYL_13975,bulge2
6PCR_11596,hairpin5
5A9Z_5485,bulge2
8WI7_15111,bulge2
6V3B_9571,hairpin6
6Q97_9087,hairpin6
6MTE_10680,hairpin5
6VZ7_9450,bulge2
8K2C_15585,bulge2
9NLJ_17236,bulge2
7BOH_10702,bulge2
6VZ2_9409,bulge2
6EML_7687,hairpin6
5AJ4_4901,hairpin7
6O9J_8254,bulge2
6S47_9293,hairpin6
6GXO_7944,hairpin6
8PVK_14499,bulge2
9GGR_3921,3x3
8UIY_4494,2x2
6T4Q_12171,hairpin5
7D6Z_10740,bulge2
8FR8_13507,bulge2
8G5Y_13435,bulge2
4V6K_839,3x3
7AFO_10548,bulge2
3J9Z_1593,hairpin6
5MDV_6379,bulge2
5JB3_19873,hairpin4
7PAQ_11979,bulge2
8UR0_3911,bulge3
7M4Z_2500,3x3
9E7F_4192,2x2
3J80_588,hairpin3
6S47_2164,2x2
8PJ5_15843,bulge2
7NQL_2553,3x3
8G34_14434,bulge2
6OSK_11334,hairpin5
6VYU_9359,bulge2
6VYR_9326,bulge2
8OVJ_15292,bulge2
9MQ4_16685,bulge2
5OA3_8853,hairpin5
5UYM_9144,hairpin5
8Y38_3998,bulge3
6XZB_10002,bulge2
5KPW_6385,hairpin6
6NU2_8390,hairpin6
6LQM_2418,bulge3
8G6Y_3135,3x3
3JBV_2249,hairpin5
6RM3_2654,hairpin3
6OFX_8302,bulge2
6W7M_9492,bulge2
8G6W_13480,bulge2
5UYK_7088,hairpin6
6LU8_196,5x5
8P2F_3839,2x2
6WDC_9648,bulge2
6X6T_9863,bulge2
6GQB_7605,bulge2
6O9J_8541,hairpin6
6V3A_12352,hairpin5
6OLG_8392,bulge2
6MTE_8023,bulge2
5MRE_6669,hairpin6
6WD1_2291,2x2
7NRC_11176,bulge2
6PC7_1946,3x3
6UZ7_12339,hairpin5
8I9Y_3376,2x2
4V7B_3847,bulge2
8ZTU_4132,bulge3
5AFI_14237,bulge1
4CSU_1844,hairpin6
5ME1_6427,bulge2
8UPO_3588,3x3
6R86_11866,hairpin5
6HA1_10382,hairpin5
9NL5_4057,3x3
9GHD_17070,bulge2
4V6Z_3706,bulge2
7Q4K_3175,2x2
3ZN8_1820,hairpin6
8QOA_3515,3x3
6ZMT_2271,3x3
7K51_2465,3x3
8IR3_387,5x5
7NSQ_2568,3x3
7B5K_10607,bulge2
6OM6_2544,bulge3
4V8Z_4546,bulge2
3J8G_1277,bulge2
7K52_2468,3x3
5UZ4_7137,hairpin6
6WD8_9602,bulge2
6XDR_9923,bulge2
8RDW_3762,bulge3
8IFB_14747,bulge2
9C6J_3829,3x3
6QDW_8775,bulge2
8SCB_988,bulge4
8P60_130,4x4
9J6Y_4164,bulge3
5MLC_1457,3x3
6Q9A_9102,hairpin6
6P5N_11526,hairpin5
7TUT_3101,2x2
3J9W_1301,bulge2
6LSS_8229,hairpin6
8PVK_14498,bulge2
6DZK_9886,hairpin5
5LZX_6341,bulge2
7M5D_11596,bulge2
7AQC_2389,3x3
6O8X_2507,bulge3
4V73_1155,bulge3
7N2V_11051,bulge2
6ZXG_2342,3x3
6GZZ_10325,hairpin5
5KPS_1856,hairpin3
7AQC_2390,3x3
6ZVI_2506,2x2
7UVX_3083,3x3
6GZX_8003,hairpin6
4V6O_949,2x2
9GHC_4017,3x3
7JQQ_2990,bulge3
5NO3_6648,bulge2
3JCT_1460,bulge2
9NL7_4062,3x3
3JA1_1326,bulge2
7SAE_2847,3x3
6YWE_2880,bulge3
5LZF_1418,3x3
9NLF_17216,bulge2
6VYY_2736,bulge3
6DNC_7433,bulge2
5JTE_15658,bulge1
8WIB_3806,2x2
6XZB_581,bulge4
6YSS_10129,bulge2
5ZEP_2168,hairpin3
3JBN_626,hairpin3
6PCT_2604,hairpin3
6OG7_2528,bulge3
6ZM7_267,bulge5
8RQ0_3887,2x2
4V7A_3828,bulge2
6Z6M_265,bulge5
8FIZ_3277,2x2
6PCT_1961,3x3
8Q4F_15846,bulge2
8FIZ_13214,bulge2
6I7O_10537,hairpin5
7SSO_2860,3x3
6ZN5_2449,2x2
6PJ6_1963,3x3
6ZSC_2473,2x2
6PCQ_11585,hairpin5
8G38_3601,2x2
7M4W_10976,bulge2
6FXC_7777,hairpin6
9L5S_383,bulge5
6S0Z_9268,hairpin6
8UIZ_4095,3x3
8QYX_4214,2x2
6ORE_8781,hairpin6
5ANC_5549,bulge2
6HCJ_10419,hairpin5
8UIY_4092,3x3
5KPS_6370,hairpin6
8IA0_885,bulge4
5L3P_1954,bulge3
5APO_4939,hairpin7
6HD7_7812,bulge2
5FLX_1353,3x3
4V91_4559,bulge2
9B0P_16882,bulge2
5O60_2036,hairpin3
6WD0_2763,bulge3
9FNZ_4091,bulge3
6GC0_7829,hairpin6
4V6T_1138,bulge3
6W6P_2285,2x2
8G38_14450,bulge2
5MC6_6376,bulge2
8G31_14419,bulge2
6Y7C_2384,2x2
7QV2_3027,2x2
8WIB_15127,bulge2
5LZB_8269,hairpin5
9LCR_185,4x4
5AJ3_1785,bulge3
5JBH_15607,bulge1
9NLF_4073,3x3
6DZI_2257,hairpin3
6OGG_8609,hairpin6
5WE4_1707,2x2
3JBV_1413,bulge2
7JT2_10810,bulge2
6FAI_9972,hairpin5
6FTJ_7760,hairpin6
8I9T_13521,bulge2
7MQ8_2503,3x3
9DUL_4302,2x2
8P8U_15488,bulge2
9GGR_3927,3x3
3JBO_1389,bulge2
8UIY_4495,2x2
6LSS_2420,bulge3
6UZ7_12333,hairpin5
7PHC_12064,bulge2
6PC8_11565,hairpin5
8ETC_12869,bulge2
6XGF_9938,bulge2
4V6T_3648,bulge2
6Y2L_10018,bulge2
5KPS_1474,2x2
5GAK_5100,hairpin7
3JCD_1686,hairpin6
9FHL_4253,2x2
5AFI_18196,hairpin4
5XY3_7314,hairpin6
7ST2_3067,2x2
8WHY_3803,2x2
6NU3_8127,bulge2
3JBV_465,bulge3
6W6K_2101,3x3
9MQ4_4304,2x2
6SPD_9341,hairpin6
8UUA_3483,3x3
6VYT_2074,3x3
6OKK_11149,hairpin5
5UQ8_7079,hairpin6
9FY0_16558,bulge2
6T7I_9115,bulge2
8QPP_3711,bulge3
6U48_9210,bulge2
3JAG_2154,hairpin5
8RXH_3867,2x2
7N2U_11039,bulge2
5KPS_8136,hairpin5
8GZQ_3228,3x3
9LCR_186,4x4
6WDD_9665,bulge2
5T2A_6939,hairpin6
6DDG_9859,hairpin5
3JAI_1619,hairpin6
8FL7_3562,bulge3
7N30_3070,bulge3
5UYN_6919,bulge2
6BU8_7241,bulge2
5UQ7_2106,hairpin3
6OLE_8379,bulge2
5MRF_6682,hairpin6
6R7Q_11847,hairpin5
7N2C_2508,3x3
6HA8_1875,2x2
6P5K_11506,hairpin5
6PPF_11636,hairpin5
4A2I_1540,bulge2
5UYN_9153,hairpin5
6ZOJ_624,bulge4
6OLI_8689,hairpin6
6WDL_2169,3x3
6CB1_7605,hairpin6
5LZD_8292,hairpin5
5KPV_6383,hairpin6
6ZUO_2505,2x2
6MTC_8263,hairpin6
5LMV_6447,hairpin6
6Q9A_2619,hairpin3
8TOC_3770,2x2
8XP2_4182,2x2
8G38_3336,3x3
5MMI_6638,hairpin6
8FKT_914,bulge4
6VMI_9260,bulge2
5ND8_6536,bulge2
6T7T_12202,hairpin5
6ZTP_2492,2x2
6GXM_7663,bulge2
6R7Q_8859,bulge2
5KPV_6379,hairpin6
8CGK_13819,bulge2
3Jan_2204,hairpin5
6ZLW_614,bulge4
6GQB_10143,hairpin5
5UYP_9170,hairpin5
5T2C_8942,hairpin5
5MGP_2045,bulge3
9GHC_17061,bulge2
7AZY_10600,bulge2
7K00_2460,3x3
8PFR_15558,bulge2
6WD0_2290,2x2
8QOA_15191,bulge2
6RZZ_9242,hairpin6
6XIJ_9954,bulge2
6QIK_11737,hairpin5
6YWX_2426,2x2
7PAI_2762,3x3
8ZTU_3947,3x3
7MSC_11613,bulge2
7PIA_12094,bulge2
7XNY_3096,3x3
5AJ0_280,bulge4
3J8G_1542,hairpin6
7ACR_10523,bulge2
6VYY_2734,bulge3
6HMA_8128,hairpin6
7OT5_2730,3x3
6OFX_11035,hairpin5
3JBV_2250,hairpin5
7UVV_3294,2x2
6OSK_1894,3x3
8PVL_14503,bulge2
5NJT_8764,hairpin5
8VRL_16810,bulge2
5NJT_8763,hairpin5
6QIK_9114,hairpin6
8T3A_16405,bulge2
5WFS_9353,hairpin5
5MRE_173,bulge5
7SYK_3078,2x2
6YEF_10067,bulge2
8G7P_3410,3x3
5IQR_15135,bulge1
9BLN_3751,3x3
3J5L_4650,hairpin4
6W7M_9491,bulge2
9G8M_16099,bulge2
6P5I_11483,hairpin5
7NSP_2564,3x3
5LZC_8272,hairpin5
6HCM_10428,hairpin5
3JAG_1609,hairpin6
8YUO_16135,bulge2
6DNC_7435,bulge2
6XIR_9974,bulge2
6T4Q_9099,bulge2
7D6Z_2985,bulge3
6OFX_2507,hairpin3
7O7Z_280,5x5
6RXV_11922,hairpin5
6GXN_7673,bulge2
7K51_2599,2x2
7P3K_11445,bulge2
5UYL_9129,hairpin5
5MDV_6386,bulge2
5KPV_6377,hairpin6
6U48_12318,hairpin5
3J9W_64,5x5
6GXN_7938,hairpin6
6ZN5_2274,3x3
5UYN_7110,hairpin6
8UKB_16239,bulge2
7N31_11070,bulge2
8PEG_14931,bulge2
6VYY_9385,bulge2
9AXV_16094,bulge2
8G2U_14404,bulge2
5AJ0_5519,bulge2
8P18_15350,bulge2
6WD2_9535,bulge2
6DZI_7655,hairpin6
6ZVK_2333,3x3
7PJX_2655,3x3
7NSJ_2557,3x3
7PAQ_11981,bulge2
4V4N_606,3x3
8P2F_15255,bulge2
5UYK_7089,hairpin6
3JCT_1733,hairpin6
8G7Q_14892,bulge2
6S13_8952,bulge2
5NP6_6657,bulge2
4V61_3302,bulge2
5MGP_8526,hairpin5
8RCL_15156,bulge2
6FTJ_7533,bulge2
6SPG_12113,hairpin5
4V4N_2674,bulge2
5O2R_8815,hairpin5
7Q4K_3173,2x2
6PCQ_2093,2x2
5IMR_19306,hairpin4
6YLG_10079,bulge2
6Z6M_10237,bulge2
3J80_93,bulge4
6WD6_9579,bulge2
7PI8_2931,2x2
5OQL_6744,bulge2
8Y39_15807,bulge2
6QIK_11733,hairpin5
8E3L_13635,bulge2
5XXB_9433,hairpin5
8R8M_15766,bulge2
7JSS_10760,bulge2
9J3R_3981,3x3
3JCJ_417,3x3
9NLQ_17255,bulge2
5LMN_8223,hairpin5
8URY_15525,bulge2
8T5D_3733,3x3
6W2T_2281,2x2
6XDR_9922,bulge2
5IMQ_15102,bulge1
8G7P_3412,3x3
5MLC_6626,hairpin6
5MDZ_8481,hairpin5
8YOO_3955,2x2
8PPL_969,bulge4
3J9Z_2126,hairpin5
6TNU_12291,hairpin5
5MRE_1958,hairpin3
8RCM_3784,bulge3
7PAQ_2899,2x2
6YST_2261,3x3
8P7X_16191,bulge2
5NP6_8795,hairpin5
8QHU_3898,3x3
6M62_10636,hairpin5
6PCH_11570,hairpin5
6YSU_2875,bulge3
5APO_14365,bulge1
7MDZ_11012,bulge2
6P5I_11486,hairpin5
5UYQ_9188,hairpin5
8CGN_14243,bulge2
6SGC_2166,2x2
4D67_1596,bulge2
6X9Q_9898,bulge2
5O61_8843,hairpin5
8YUS_3784,3x3
6DZI_1796,2x2
3J9M_1292,bulge2
8OJ0_3720,2x2
8QHU_4309,2x2
7MSC_11611,bulge2
6I7O_10538,hairpin5
7MDZ_11015,bulge2
8Y38_15801,bulge2
6W6L_247,5x5
8YUS_16168,bulge2
5LZW_8378,hairpin5
5AKA_5527,bulge2
8EMM_13555,bulge2
8FR8_3520,bulge3
5XXB_7097,bulge2
6XIQ_9968,bulge2
5MC6_6561,hairpin6
7A01_262,5x5
6WDC_9654,bulge2
4UE4_564,3x3
9NLJ_17240,bulge2
6O9K_10997,hairpin5
5MDV_8447,hairpin5
6GBZ_7816,hairpin6
5AFI_18193,hairpin4
6VWL_9279,bulge2
3JAJ_1631,hairpin6
6H58_1868,2x2
6GXP_7956,hairpin6
8PV5_14386,bulge2
6AZ3_7396,hairpin6
9NLH_17226,bulge2
9NL5_17167,bulge2
3JAG_608,hairpin3
6PVK_9067,hairpin6
6S12_11995,hairpin5
8S1U_15512,bulge2
7BL4_10659,bulge2
7ACR_10528,bulge2
6MTC_199,5x5
8CMJ_3559,2x2
6ZMO_10298,bulge2
5LL6_323,bulge4
5ZEP_7349,hairpin6
3J8G_391,3x3
6Q9A_11716,hairpin5
3JBU_1670,hairpin6
5LZD_6474,hairpin6
6CB1_9800,hairpin5
5WFS_9360,hairpin5
5T5H_8947,hairpin5
5U9G_9074,hairpin5
3J6B_4669,hairpin4
6OST_1903,3x3
5X8P_7293,hairpin6
8P7Y_16199,bulge2
8YOP_15669,bulge2
6LQM_7919,bulge2
6FF4_1817,2x2
8Q87_1099,bulge4
3J0Q_63,5x5
4V5H_3121,bulge2
8EVP_3519,2x2
5ZEU_7157,bulge2
6OGI_8348,bulge2
5ZEB_9473,hairpin5
5UQ8_9106,hairpin5
6HA8_10400,hairpin5
9CXF_16648,bulge2
7P7S_2849,2x2
8P2F_3838,2x2
6TNN_9499,hairpin6
9F1D_15893,bulge2
6SKG_236,5x5
7PAJ_2764,3x3
5UYP_9167,hairpin5
6WD1_2292,2x2
6SWA_12151,hairpin5
6RW4_2655,hairpin3
7SYJ_2881,3x3
8UQL_3894,2x2
5ZWO_7167,bulge2
9GFT_16720,bulge2
7N31_11079,bulge2
6WDI_9716,bulge2
5ANC_5545,bulge2
5JBH_15611,bulge1
9F1C_15876,bulge2
9B1W_4002,3x3
7UNW_3130,2x2
5LZD_6478,hairpin6
5O61_8838,hairpin5
6ORL_2570,bulge3
8XT2_3952,2x2
8P8B_4163,2x2
7ZQ5_3159,2x2
6PPK_9055,hairpin6
6ERI_7498,bulge2
6ENJ_7481,bulge2
6ENJ_7482,bulge2
5LZX_6532,hairpin6
5UYM_6908,bulge2
6VYZ_2260,2x2
6T4Q_12178,hairpin5
8FZJ_3986,bulge3
6EML_1800,2x2
6PCT_1962,3x3
6WD1_2110,3x3
5LMU_6446,hairpin6
6V3B_9568,hairpin6
5MRE_8587,hairpin5
6WDK_9741,bulge2
9FNZ_16522,bulge2
4V6P_3609,bulge2
8QOI_15500,bulge2
3JBO_1656,hairpin6
6WD3_9540,bulge2
5XXB_7310,hairpin6
6OM7_8437,bulge2
6ZTM_2303,3x3
3J5L_2924,bulge1
5MMM_6653,hairpin6
6R5Q_11815,hairpin5
8ZTU_16839,bulge2
8P18_3884,bulge3
7L08_3034,bulge3
8UU7_3474,3x3
3J79_1490,hairpin6
6YST_2404,2x2
8QOA_3846,bulge3
5MDZ_6590,hairpin6
6OLG_1863,3x3
6S05_8920,bulge2
8OVE_14494,bulge2
6SZS_9081,bulge2
6OT3_8839,hairpin6
6QDW_8770,bulge2
6GQV_7879,hairpin6
7P7R_2843,2x2
6YWV_10176,bulge2
5T62_8958,hairpin5
8G6W_13476,bulge2
6OT3_2047,2x2
6ZJ3_10256,bulge2
7JT2_2449,3x3
5JUS_6088,bulge2
8IFB_3392,3x3
6Z6J_10205,bulge2
5IMR_5808,bulge2
6H58_10355,hairpin5
9GUX_4072,bulge3
8P7X_4152,2x2
5NJT_6803,hairpin6
6DNC_9860,hairpin5
5UYN_6921,bulge2
6H58_8030,hairpin6
7M4Y_10995,bulge2
6SW9_12146,hairpin5
5M1J_6553,hairpin6
5MMJ_2050,bulge3
7N30_2519,3x3
9GUP_16285,bulge2
6I7O_1739,3x3
8XXM_15287,bulge2
8RCS_3450,3x3
6R5Q_9173,hairpin6
9J3T_171,4x4
5NGM_8758,hairpin5
5H1S_19044,hairpin4
5AKA_18279,hairpin4
6SPG_9027,bulge2
4D5Y_1590,bulge2
7LV0_10953,bulge2
5APN_14343,bulge1
6S47_9295,hairpin6
8YUO_433,5x5
8SYL_13976,bulge2
8V84_3548,3x3
6S12_9275,hairpin6
6SV4_9377,hairpin6
4V6Q_3615,bulge2
5NP6_8791,hairpin5
5UYK_9121,hairpin5
5IT7_19370,hairpin4
8FLF_3581,bulge3
3J79_4682,hairpin4
5LZD_8293,hairpin5
9GUP_3819,3x3
6R5Q_8833,bulge2
6OSK_8521,bulge2
6O8Y_10946,hairpin5
5KPX_1482,2x2
6PCR_9009,hairpin6
5NGM_8753,hairpin5
8ZTV_16847,bulge2
8FLA_367,5x5
9NLB_4486,2x2
6IFY_1893,2x2
6OFX_8576,hairpin6
5ZET_7154,bulge2
5KPV_8151,hairpin5
8RL2_16503,bulge2
8R3V_14948,bulge2
8BGE_3241,3x3
5MRC_8576,hairpin5
6V39_9555,hairpin6
7AC7_10512,bulge2
8YOP_3649,3x3
6O9K_473,bulge4
8P8N_15487,bulge2
5LZW_2016,bulge3
6RBE_11881,hairpin5
9LMF_4426,2x2
6ZS9_10314,bulge2
5H1S_1360,3x3
6PCQ_11586,hairpin5
9H3O_16575,bulge2
6FRK_9982,hairpin5
4V6K_842,3x3
6PC8_11566,hairpin5
6OSQ_8826,hairpin6
6WD1_2111,3x3
7M4X_10985,bulge2
6R6G_2637,hairpin3
6OFX_8298,bulge2
8P8N_15481,bulge2
5UYM_7108,hairpin6
6Q98_9091,hairpin6
8OVE_3611,2x2
8EIU_3015,3x3
7N2C_11033,bulge2
6HCM_10432,hairpin5
6WDL_2802,bulge3
6ZTL_2480,2x2
5T6R_6778,bulge2
5JB3_19872,hairpin4
4V4N_607,3x3
8B7Y_3012,3x3
5JPQ_19945,hairpin4
5WYK_9406,hairpin5
5NWY_8810,hairpin5
5ADY_14215,bulge1
8UIY_17271,bulge2
3J79_4691,hairpin4
8JDK_14459,bulge2
8VR8_16807,bulge2
6RW4_1994,3x3
8Z71_4239,2x2
6YTF_2408,2x2
6WDM_2803,bulge3
8E3O_3427,2x2
6SPF_9348,hairpin6
5KPS_1943,bulge3
7A5K_10490,bulge2
5H4P_19070,hairpin4
6WDE_2149,3x3
5AFI_1318,3x3
6OFX_8578,hairpin6
9MQ4_16687,bulge2
6WD1_9515,bulge2
7SSD_3057,2x2
6ZQD_2461,2x2
8K2C_3634,3x3
6HCF_8081,hairpin6
5LMN_1959,bulge3
9H3Q_3857,3x3
6Q97_11681,hairpin5
8P60_3413,2x2
5UYP_9172,hairpin5
6OLF_8387,bulge2
6T59_12181,hairpin5
6OLF_11161,hairpin5
8PJ1_359,bulge5
4V66_793,3x3
8WT7_3948,bulge3
6VYX_9375,bulge2
8FZD_15681,bulge2
8YUO_16131,bulge2
6GXO_7679,bulge2
8XZ3_15834,bulge2
6Y0G_2375,2x2
9N2C_16982,bulge2
4V6R_1132,bulge3
7NHK_3088,bulge3
6Z6N_10244,bulge2
6OFX_8577,hairpin6
9GUU_16310,bulge2
7JIL_10751,bulge2
8CMJ_3561,2x2
5LZY_8402,hairpin5
6O8X_8487,hairpin6
6FXC_7773,hairpin6
7O7Z_11312,bulge2
8OO0_3726,2x2
6X9Q_2204,3x3
5NWY_8803,hairpin5
6GXM_10212,hairpin5
6XDR_9919,bulge2
7ABZ_2535,2x2
8P8V_16215,bulge2
6MTD_10671,hairpin5
7A5G_2939,bulge3
7P7T_2858,2x2
6S0K_8928,bulge2
6TPQ_9199,bulge2
7K00_3018,bulge3
6PCT_9027,hairpin6
6HCF_10413,hairpin5
9GHC_4178,bulge3
7D6Z_10734,bulge2
9L0R_173,4x4
5IMR_15122,bulge1
8I7J_3674,2x2
7LHD_2763,2x2
4V6W_235,bulge4
7PHC_758,bulge4
5AJ4_1322,3x3
9FS6_16544,bulge2
6OM0_11202,hairpin5
8YUO_16132,bulge2
4V6P_3603,bulge2
5UYL_7093,hairpin6
4V7H_3870,bulge2
8G2U_14412,bulge2
6LQS_7927,bulge2
7BOG_10695,bulge2
7PAT_90,4x4
6H58_10360,hairpin5
6ZTL_2919,bulge3
5U9G_7040,hairpin6
5MC6_8431,hairpin5
5GAE_14854,bulge1
5WE6_7251,hairpin6
8ZDD_16715,bulge2
5WDT_9294,hairpin5
8BF7_3236,3x3
5LZT_6504,hairpin6
6N8N_8311,hairpin6
5NJT_6799,hairpin6
5MGP_6449,bulge2
6I0Y_10517,hairpin5
6OG7_8592,hairpin6
6TB3_2733,hairpin3
6ORL_8499,bulge2
3JBO_1392,bulge2
7OLD_2727,3x3
5T2A_1647,2x2
7O19_2580,3x3
6R87_9215,hairpin6
7LV0_10951,bulge2
7PJV_2643,3x3
5ND9_6552,bulge2
3J7A_2971,bulge1
6FXC_7767,hairpin6
5LZC_1497,2x2
6O9K_8545,hairpin6
6FYY_10046,hairpin5
8PV6_3590,2x2
6WNW_2330,2x2
5AKA_5533,bulge2
6Z6J_10209,bulge2
6R6P_9189,hairpin6
6S13_9283,hairpin6
6W2T_9462,bulge2
7S1G_2668,3x3
8UU6_3469,3x3
5LZT_8344,hairpin5
5MY1_2063,bulge3
6PCR_2095,2x2
8PHJ_3348,3x3
4C4Q_502,bulge3
5NCO_6702,hairpin6
9GUQ_16291,bulge2
8YUP_16142,bulge2
8Q5I_14188,bulge2
5X8P_7082,bulge2
5WFK_9348,hairpin5
6ZQD_630,bulge4
6R5Q_8834,bulge2
5KPW_1394,3x3
8WI8_15116,bulge2
9NJV_17149,bulge2
6DZI_7661,hairpin6
6ZTN_2486,2x2
7JSW_2439,3x3
6WDL_9757,bulge2
6ERI_7717,hairpin6
6OG7_8315,bulge2
6HIV_222,bulge5
6P5N_11519,hairpin5
5MGP_6457,bulge2
7BGE_265,5x5
6HA1_1873,2x2
6I7O_10543,hairpin5
6OLF_8672,hairpin6
5KPW_8161,hairpin5
8P2K_3584,bulge3
3J79_2963,bulge1
8QP9_3886,bulge3
5IMR_5809,bulge2
6CB1_410,bulge4
6YWX_2424,2x2
6EML_1801,2x2
6MTD_2436,bulge3
7NRD_11177,bulge2
6GBZ_7823,hairpin6
8HSP_3520,3x3
6HCF_10407,hairpin5
8PJ2_3999,2x2
8YOP_1075,bulge4
6GQV_1836,2x2
8E3O_3179,3x3
5WDT_9295,hairpin5
7NWW_11694,bulge2
9F9S_1155,bulge4
7OT5_297,5x5
6QKL_8784,bulge2
9GFT_16728,bulge2
7PAI_2874,2x2
3J9W_2098,hairpin5
5WF0_395,bulge4
3J7P_3007,bulge1
5L3P_8190,hairpin5
6D90_7398,bulge2
8XI2_16058,bulge2
8FLF_13808,bulge2
6VYS_2248,2x2
7JT3_10827,bulge2
6NU3_2468,hairpin3
5IQR_19342,hairpin4
7ACJ_2371,3x3
5LKS_8210,hairpin5
3J5L_1995,hairpin5
2J28_285,3x3
4V71_3724,bulge2
5WE4_7011,bulge2
6HMA_8135,hairpin6
4V5H_3123,bulge2
6FTI_7756,hairpin6
7D6Z_2422,3x3
6QYZ_11795,hairpin5
9FIB_4385,2x2
6O8W_10928,hairpin5
6OLE_11156,hairpin5
6GZ5_7983,hairpin6
3JBN_2211,hairpin5
8QSJ_3699,bulge3
7LHD_2762,2x2
6GQ1_2296,hairpin3
5LMR_6211,bulge2
6PC7_1945,3x3
6OM6_8717,hairpin6
3JCS_1456,bulge2
5MDV_6569,hairpin6
6XDR_9917,bulge2
8RCM_3447,3x3
6GC7_7846,hairpin6
9GHG_17108,bulge2
8FL4_13756,bulge2
6GB2_10068,hairpin5
5LMV_6227,bulge2
4V5H_3115,bulge2
6S13_2671,hairpin3
8ZDD_4317,2x2
5AN9_18291,hairpin4
8UIY_17273,bulge2
6O9J_8538,hairpin6
6VWN_9307,bulge2
7UG7_2919,3x3
5H1S_5111,hairpin7
6YSU_600,bulge4
9GFT_4319,2x2
5XYM_9458,hairpin5
6OLG_8677,hairpin6
6ZTP_10402,bulge2
8RCL_15166,bulge2
6OSQ_8828,hairpin6
3J9W_1299,bulge2
6ERI_7493,bulge2
4V6N_3582,bulge2
5ZWO_7386,hairpin6
5LKS_8216,hairpin5
6SWA_9404,hairpin6
6WNT_2176,3x3
7SSN_3061,2x2
6PC8_8683,bulge2
9NLJ_17241,bulge2
7D80_10745,bulge2
8IBY_14270,bulge2
6ELZ_9906,hairpin5
8YLR_16457,bulge2
8R6C_3681,3x3
8K2D_1058,bulge4
7PAH_3248,bulge3
5OT7_6752,bulge2
8UKB_4181,2x2
5APN_18309,hairpin4
7N31_692,bulge4
6T83_2198,2x2
8G61_13464,bulge2
7OTC_2736,3x3
6VYQ_2068,3x3
8TPU_15857,bulge2
6FXC_10023,hairpin5
6GZ5_2327,hairpin3
5LMU_1980,bulge3
4V72_3739,bulge2
8R6C_3992,bulge3
6XU7_577,bulge4
8P8U_15493,bulge2
5IMQ_19301,hairpin4
8Z71_4240,2x2
6VLZ_2697,bulge3
5O61_6703,bulge2
8OVA_3688,bulge3
7M4Y_2498,3x3
6OST_2564,hairpin3
7JSW_10772,bulge2
6ZU1_2930,bulge3
7PI8_12068,bulge2
6OUO_11412,hairpin5
5MGP_8534,hairpin5
9B0H_16871,bulge2
9H3L_16570,bulge2
6H58_1725,3x3
7K53_10886,bulge2
8G34_3681,bulge3
7ASO_10590,bulge2
4V71_3730,bulge2
7M5D_11606,bulge2
4V6M_3577,bulge2
6GXO_10241,hairpin5
4A2I_1538,bulge2
5LZU_8357,hairpin5
9GUQ_3820,3x3
9GHC_17055,bulge2
6V39_9218,bulge2
8P8W_16225,bulge2
8GHU_13491,bulge2
9AXV_4020,bulge3
8Y0W_14728,bulge2
8PV7_3592,2x2
4CSU_1584,bulge2
7QCA_108,4x4
6R84_9202,hairpin6
4V4W_2743,bulge2
6GQV_10146,hairpin5
6Q97_8749,bulge2
8URX_3921,bulge3
6ERI_9967,hairpin5
5GAN_1435,2x2
9B0H_16876,bulge2
4V73_3745,bulge2
8CGD_3216,3x3
6ZMI_10287,bulge2
9GMO_431,5x5
5AJ3_14278,bulge1
8WIC_15140,bulge2
8RDW_14872,bulge2
8WHX_15090,bulge2
3Jan_1370,bulge2
7OIF_2799,2x2
7BOD_10681,bulge2
5XYI_7108,bulge2
6TBV_12245,hairpin5
6ZTP_10401,bulge2
9MQ4_16681,bulge2
5L3P_8188,hairpin5
6ZTM_10362,bulge2
5ND8_2068,bulge3
3J6B_2945,bulge1
8P8W_16229,bulge2
6FXC_7776,hairpin6
7PIT_12168,bulge2
6OM0_8707,hairpin6
7NHM_2663,2x2
3J9Y_2110,hairpin5
3J7P_579,hairpin3
7PIB_2793,3x3
8R6C_15758,bulge2
6GZZ_10332,hairpin5
6O9K_11000,hairpin5
5AJ4_5525,bulge2
6H58_1719,3x3
5MDZ_2037,bulge3
6Z6M_10232,bulge2
6XIQ_2371,2x2
6Q9A_2117,2x2
8EYQ_14170,bulge2
8CMJ_14266,bulge2
5MDV_8453,hairpin5
9GHC_17058,bulge2
6OST_8830,hairpin6
8RJC_14664,bulge2
3J9W_1297,bulge2
8T5D_15917,bulge2
6GZ4_7975,hairpin6
7M4Y_2621,2x2
8UPO_15388,bulge2
8OGJ_15996,bulge2
6HRM_7842,bulge2
8EVP_14134,bulge2
6W7M_2105,3x3
7CPJ_10721,bulge2
6OST_11366,hairpin5
6HA8_10394,hairpin5
7QCA_2981,3x3
8RL2_16501,bulge2
6HRM_7843,bulge2
8FLC_13794,bulge2
8UQM_15413,bulge2
6WDH_9710,bulge2
8WMM_3912,2x2
6GXO_10238,hairpin5
9GHH_17123,bulge2
6Z6K_10213,bulge2
7OHY_2609,3x3
8P60_131,4x4
3J92_2088,hairpin5
7K53_2603,2x2
3J9W_394,3x3
5LZU_6318,bulge2
9CAI_3753,3x3
7JSW_10776,bulge2
8I9T_13520,bulge2
5IMQ_15096,bulge1
5MDW_6394,bulge2
5AKA_14308,bulge1
6WQN_9817,bulge2
7UW1_3090,3x3
5MYJ_8610,hairpin5
8EWC_3281,3x3
9GUW_4071,bulge3
6PCQ_8995,hairpin6
8INE_13918,bulge2
6ENF_7476,bulge2
6PCQ_8998,hairpin6
5MDY_6401,bulge2
5LZD_1502,2x2
6TH6_2683,bulge3
6OST_11364,hairpin5
6HD7_8111,hairpin6
8PJ1_15837,bulge2
3J7Q_1254,bulge2
5LZC_6469,hairpin6
8PVL_14502,bulge2
6O9K_8548,hairpin6
6N8L_8294,hairpin6
6O90_2511,bulge3
6PC6_8969,hairpin6
5LMS_6441,hairpin6
8P8B_16206,bulge2
6GC4_10096,hairpin5
8YUR_16161,bulge2
5LMR_6209,bulge2
8D8K_3206,2x2
5LZW_8375,hairpin5
6G5I_10054,hairpin5
6Q97_1971,3x3
5NGM_6793,hairpin6
8INF_938,bulge4
7K55_2606,2x2
6OSQ_8538,bulge2
5XY3_9443,hairpin5
8UQM_15417,bulge2
6PPK_2610,hairpin3
6O9K_10996,hairpin5
8WIB_139,4x4
5AKA_5531,bulge2
7NBU_11684,bulge2
3J7P_2030,hairpin5
8P5D_13588,bulge2
6C4H_7346,bulge2
5V93_7176,hairpin6
6I9R_8198,hairpin6
7OII_296,5x5
6V3A_2764,hairpin3
6FTG_7517,bulge2
5KPV_8143,hairpin5
6OGG_8333,bulge2
6Z6K_10214,bulge2
6TBV_2205,2x2
5JUO_6079,bulge2
3J8G_2078,hairpin5
5NO4_6815,hairpin6
6D9J_7621,hairpin6
6WD9_9614,bulge2
8R8M_1082,bulge4
5IT7_19374,hairpin4
4V78_3802,bulge2
9C6K_3830,3x3
6QZP_9166,hairpin6
8WR4_3916,2x2
7UNW_2930,3x3
4CSU_1586,bulge2
6U48_9519,hairpin6
8CGD_13858,bulge2
6QDW_2620,hairpin3
7NFX_11114,bulge2
6ENU_7490,bulge2
6AZ3_7179,bulge2
8URH_3913,bulge3
7Y7E_3300,3x3
6OGI_8616,hairpin6
6WYV_9854,bulge2
9GGR_16760,bulge2
8EMM_3155,3x3
6HA8_10396,hairpin5
6O9K_11007,hairpin5
7N1P_11021,bulge2
5XXU_7101,bulge2
6TMF_2741,hairpin3
5V93_9221,hairpin5
5AA0_154,bulge5
6RM3_8896,bulge2
6HCF_8078,hairpin6
6YWE_10167,bulge2
7QVP_308,5x5
7MSZ_11642,bulge2
8QBT_1030,bulge4
6WRS_2337,2x2
5AJ4_14294,bulge1
6V3D_12378,hairpin5
5IMR_15118,bulge1
5TCU_6808,bulge2
7JSS_2585,2x2
9NL7_17194,bulge2
7N30_11064,bulge2
3JBU_1409,bulge2
6YWE_10160,bulge2
6OUO_8586,bulge2
8IPY_13951,bulge2
5MDW_1445,3x3
4V76_908,3x3
8EVQ_14141,bulge2
6SPB_9001,bulge2
6AWC_2215,bulge3
6WDD_2143,3x3
6ZTP_10409,bulge2
5ZET_7365,hairpin6
7JT2_2448,3x3
8XSX_3943,2x2
6H4N_10337,hairpin5
3JBP_1658,hairpin6
5LZV_8368,hairpin5
6GZX_10309,hairpin5
6U48_9209,bulge2
8CF8_3598,bulge3
7PIQ_12146,bulge2
7NWW_11691,bulge2
8VR4_381,bulge5
7D5T_667,bulge4
7K54_10888,bulge2
8ESQ_12866,bulge2
6H4N_10347,hairpin5
6RM3_8895,bulge2
6O9J_8249,bulge2
8FMW_3315,3x3
6OLF_8664,hairpin6
5KPS_1473,2x2
8XZ3_3990,2x2
6HD7_10447,hairpin5
8RCT_3799,bulge3
6OM6_8431,bulge2
8W51_15936,bulge2
8P16_15324,bulge2
7NHM_2544,3x3
5GAE_19012,hairpin4
7KGB_11577,bulge2
6OM6_1867,3x3
6YEF_10063,bulge2
8XSX_15619,bulge2
7LHD_2769,2x2
6GOV_10125,hairpin5
6OG7_11053,hairpin5
9FNZ_4259,2x2
5NGM_6624,bulge2
6TBV_12240,hairpin5
8I9P_3364,2x2
6ORE_217,5x5
6N8L_8291,hairpin6
6NU2_2470,bulge3
7SYN_3080,2x2
6OT3_8842,hairpin6
7AS9_2398,3x3
8T3A_16402,bulge2
8JDK_3343,3x3
6OM0_8417,bulge2
6Z6M_608,bulge4
6YSS_2255,3x3
4V6S_3630,bulge2
5T62_6963,hairpin6
6ZME_10282,bulge2
8EVS_14149,bulge2
8KAB_15823,bulge2
6WDJ_9731,bulge2
7BOG_2978,bulge3
6OT3_11379,hairpin5
4V6Y_3689,bulge2
7MSM_2687,3x3
8VR8_3941,3x3
6V3D_9582,hairpin6
6WDG_9698,bulge2
6VWL_541,bulge4
8JDK_14460,bulge2
9NL5_4056,3x3
6PC5_11534,hairpin5
4V77_3799,bulge2
8UR0_3901,2x2
6GC6_7583,bulge2
7AZY_10606,bulge2
5ND9_8654,hairpin5
6S0X_11976,hairpin5
8FL3_13749,bulge2
6WD4_2771,bulge3
6Q98_8753,bulge2
5FLX_18981,hairpin4
5LZD_1501,2x2
8FZH_3980,bulge3
5LZU_6515,hairpin6
6VYS_9330,bulge2
4V4V_861,bulge3
6T83_9454,hairpin6
6SKF_8973,bulge2
6R5Q_2636,hairpin3
9F1B_15874,bulge2
3JBU_637,hairpin3
6SKG_8982,bulge2
8XSX_15612,bulge2
4V65_3353,bulge2
8BTR_3272,2x2
7M4Y_2499,3x3
6XIJ_2369,2x2
5JB3_15593,bulge1
6OUO_11411,hairpin5
8G7Q_14889,bulge2
5LI0_8202,hairpin5
5V93_7181,hairpin6
6VYS_2247,2x2
8I9R_13517,bulge2
8P17_15334,bulge2
9NJV_4050,3x3
4V79_1170,bulge3
6Q98_11704,hairpin5
3J5L_4651,hairpin4
9B0F_16852,bulge2
5LI0_6178,bulge2
6GXM_10218,hairpin5
5UYP_9180,hairpin5
6G18_7789,hairpin6
3J92_1288,bulge2
6DDD_7623,hairpin6
5MGP_8535,hairpin5
6V3A_9567,hairpin6
8FZD_15685,bulge2
5MGP_2044,bulge3
5IQR_5821,bulge2
5GAK_19025,hairpin4
5LZA_6236,bulge2
8IFB_3393,3x3
6EM1_7686,hairpin6
8UU9_3795,2x2
8TOC_3767,2x2
7K50_10849,bulge2
6O8W_8197,bulge2
5LZY_1927,hairpin3
7Y7D_3295,3x3
7SYQ_3084,2x2
6O90_8238,bulge2
8I9R_13516,bulge2
6R6G_11825,hairpin5
6WD4_9560,bulge2
9GR1_4052,bulge3
6PCQ_8697,bulge2
8FZD_15680,bulge2
6MTC_10670,hairpin5
6FEC_7726,hairpin6
6TNN_12277,hairpin5
6H58_8047,hairpin6
6PCH_11569,hairpin5
9GFT_16740,bulge2
6OGI_2008,2x2
8UUA_1027,bulge4
3J6B_2938,bulge1
5NJT_8770,hairpin5
9J3T_169,4x4
5JTE_5347,hairpin7
6OST_11355,hairpin5
5IT7_19377,hairpin4
6S12_9278,hairpin6
4V71_3727,bulge2
8XXM_1035,bulge4
5JU8_6066,bulge2
8WI9_3825,bulge3
3J5L_2929,bulge1
6O8Y_8221,bulge2
8TPU_4010,2x2
5LZV_6325,bulge2
5UYM_7105,hairpin6
8W51_15931,bulge2
5LZD_6263,bulge2
6QYZ_9161,hairpin6
6QTZ_11780,hairpin5
6PJ6_8717,bulge2
6MTB_7996,bulge2
5MRE_6670,hairpin6
6RXT_11909,hairpin5
6XIJ_9962,bulge2
5X8T_7299,hairpin6
8RQ2_1048,bulge4
5GMK_14886,bulge1
6N8O_8058,bulge2
8IE3_3483,2x2
6FT6_7516,bulge2
6GC4_1679,3x3
8AM9_3025,3x3
9D89_3850,3x3
8G38_14447,bulge2
5JTE_15678,bulge1
8T5H_3741,3x3
6U48_9521,hairpin6
6FYY_424,bulge4
6DZP_9897,hairpin5
8IYQ_3910,2x2
4V66_3356,bulge2
5JTE_15671,bulge1
4V79_919,3x3
8XT2_15650,bulge2
8CRX_13193,bulge2
7KGB_2673,3x3
5MMM_8567,hairpin5
6I7O_2373,hairpin3
8PKL_3433,3x3
6ZXE_2513,2x2
4CSU_1579,bulge2
5UYK_9120,hairpin5
6OLG_72,4x4
6GXP_7696,bulge2
6NME_10772,hairpin5
5T7V_6784,bulge2
6ZXF_81,4x4
9B0Q_4145,bulge3
6YSS_10128,bulge2
5IT7_19367,hairpin4
7ZQ6_3160,2x2
8HSP_15206,bulge2
8P2K_13823,bulge2
8OVA_14481,bulge2
4V7A_3830,bulge2
5WFS_9351,hairpin5
3J7P_2032,hairpin5
8P2H_15278,bulge2
7M4U_2612,2x2
5IQR_19357,hairpin4
6DDD_9843,hairpin5
5JB3_15595,bulge1
6TC3_9476,hairpin6
8G6J_329,bulge5
6HMA_7837,bulge2
6YWS_2417,2x2
7JIL_2431,3x3
6WD2_2766,bulge3
7O1C_2703,2x2
6FTI_7524,bulge2
7NWW_11685,bulge2
5LZB_6242,bulge2
5T2A_2111,bulge3
6FT6_7741,hairpin6
7K51_2466,3x3
6TB3_12233,hairpin5
5OT7_6927,hairpin6
6RZZ_8912,bulge2
5JTE_15681,bulge1
6V3B_2048,3x3
5KPW_8158,hairpin5
6TH6_2739,hairpin3
6Q9A_9100,hairpin6
6YHS_10072,bulge2
8INF_3487,2x2
6NU3_1805,3x3
6SNT_9328,hairpin6
8P17_1043,bulge4
8XZ3_3703,3x3
7AFA_2384,3x3
6X7F_2200,3x3
6K0B_2388,hairpin3
6HTQ_1735,3x3
5IMQ_19278,hairpin4
6XIR_2372,2x2
4V6U_3654,bulge2
5JUU_8105,hairpin5
8FLF_13807,bulge2
4V4V_2742,bulge2
3JBO_417,2x2
6GWT_7921,hairpin6
8P16_3878,bulge3
9GUS_16297,bulge2
6VLZ_9591,hairpin6
6Q95_1968,3x3
8QIE_16496,bulge2
6MTB_2412,hairpin3
5A9Z_1775,bulge3
8XT0_3644,3x3
6SJ6_9314,hairpin6
5MDZ_6417,bulge2
8FKX_3546,bulge3
5UYP_6934,bulge2
8FKT_13715,bulge2
8VKW_16792,bulge2
5MDW_8461,hairpin5
5IMR_19309,hairpin4
7UPH_2932,3x3
4V76_1161,bulge3
5UYQ_9184,hairpin5
8INE_13913,bulge2
6O8X_2488,hairpin3
6OUO_11405,hairpin5
4D67_445,3x3
7OYC_300,5x5
8G7P_3740,2x2
7SYT_2896,3x3
6SZS_9411,hairpin6
6NEQ_10764,hairpin5
6VYT_9350,bulge2
5H4P_5115,hairpin7
6TBV_2735,hairpin3
8VKW_380,bulge5
6N7P_1931,2x2
6LQM_8211,hairpin6
6VWM_2240,2x2
5ZEP_9492,hairpin5
8G2U_3324,3x3
4V4B_2572,bulge2
7UPH_3132,2x2
8G2U_14411,bulge2
8RQ0_15370,bulge2
6SKG_12042,hairpin5
6I0Y_8158,hairpin6
6TNU_12288,hairpin5
5U9F_7030,hairpin6
8A3L_3103,3x3
6OSQ_11349,hairpin5
5UQ7_7056,hairpin6
7K53_2472,3x3
6P5J_2588,hairpin3
7MT3_11660,bulge2
6VZ5_2266,2x2
5IQR_5204,hairpin7
6P5K_8943,hairpin6
6N8M_8305,hairpin6
8PV6_14392,bulge2
6VZ7_9448,bulge2
6Q9A_8766,bulge2
5UQ8_9101,hairpin5
5LZY_6540,hairpin6
8K0R_3873,bulge3
6OSK_11330,hairpin5
6WDC_9646,bulge2
6ERI_7715,hairpin6
6WDG_9694,bulge2
7PAS_12006,bulge2
4V79_918,3x3
8ETC_3001,3x3
5WFS_9361,hairpin5
9B0Q_16890,bulge2
5AFI_14226,bulge1
4V6L_1124,bulge3
5WE6_2168,bulge3
7MT7_87,4x4
8FZJ_15737,bulge2
8CGJ_3474,2x2
6WRS_2189,3x3
7N2V_11055,bulge2
6RXY_8908,bulge2
6ZVK_10440,bulge2
6SPF_9022,bulge2
8UZA_3908,2x2
7PAO_2894,2x2
5TCU_7010,hairpin6
5LZW_6527,hairpin6
6TB3_12230,hairpin5
8P8B_16209,bulge2
9J1M_16937,bulge2
8PJ2_3998,2x2
8IPA_14773,bulge2
8CAS_3394,2x2
7O7Z_709,bulge4
8P17_3569,3x3
6QT0_9142,hairpin6
6GZ3_10269,hairpin5
5AKA_14311,bulge1
8CSQ_12840,bulge2
4V73_3746,bulge2
4CXG_2432,hairpin5
6SPB_9333,hairpin6
8K15_15303,bulge2
7PAK_2880,2x2
3J9Z_1587,hairpin6
5LZZ_6547,hairpin6
6GZ3_7972,hairpin6
4V69_903,2x2
8PV6_3591,2x2
6WDG_2155,3x3
6GZ3_10268,hairpin5
7O81_2710,2x2
8WI7_3804,2x2
5MDY_6586,hairpin6
9NLH_17229,bulge2
6WD0_9506,bulge2
6TB3_2732,hairpin3
3JBU_2235,hairpin5
6V39_9551,hairpin6
9GMO_16059,bulge2
7K52_10872,bulge2
8RDW_14867,bulge2
8YUP_1137,bulge4
8FR8_13506,bulge2
8YOP_3648,3x3
3J9Y_453,bulge3
7A1G_10472,bulge2
6T7T_9449,hairpin6
7LS1_10939,bulge2
6ORL_11293,hairpin5
8G5Y_13437,bulge2
8FMW_3664,bulge3
5MDV_6382,bulge2
6GXM_7660,bulge2
8I9W_3371,2x2
5MDV_6378,bulge2
8RL2_4251,2x2
6W77_9487,bulge2
5GAE_5098,hairpin7
6H58_10361,hairpin5
8C96_3119,3x3
6T4Q_12177,hairpin5
5LZW_2014,bulge3
8GLP_13495,bulge2
7JT3_2593,2x2
6S47_12011,hairpin5
6GWT_7651,bulge2
8UIY_17272,bulge2
6ZMO_619,bulge4
8VR4_4345,2x2
5H4P_19072,hairpin4
5AFI_18208,hairpin4
4V79_3816,bulge2
4V7A_1171,bulge3
6WOO_9812,bulge2
7S0S_2839,3x3
5V93_7169,hairpin6
5NJT_8765,hairpin5
9GHH_17122,bulge2
7SYW_3089,2x2
6HRM_7848,bulge2
6T4Q_12172,hairpin5
5X8P_7078,bulge2
6SGC_2677,hairpin3
6C4I_9750,hairpin5
2J28_213,2x2
7PAI_3250,bulge3
5XYI_1733,2x2
6S0K_9251,hairpin6
6OSK_1893,3x3
8V9L_3734,bulge3
6OGF_11078,hairpin5
8PHJ_14516,bulge2
7N30_2639,2x2
6OUO_11409,hairpin5
8JDM_3606,2x2
6PC8_11564,hairpin5
6O9J_1995,2x2
5IMR_15128,bulge1
8BR8_3037,3x3
5LZE_6481,hairpin6
6T59_9104,bulge2
7LV0_2486,3x3
8P2F_15249,bulge2
6YWY_10189,bulge2
6VYU_9355,bulge2
9NLQ_4085,3x3
6LQM_193,5x5
7PJY_2659,3x3
6AZ3_9534,hairpin5
6GZQ_10295,hairpin5
5IT9_19438,hairpin4
8RCM_3442,3x3
9D89_16565,bulge2
3J5L_1365,hairpin7
5UYL_9133,hairpin5
6N8M_10725,hairpin5
7LS2_10941,bulge2
4V4W_2744,bulge2
5IMQ_19281,hairpin4
6O9K_11003,hairpin5
5T2C_6955,hairpin6
6TH6_12263,hairpin5
6QIK_8779,bulge2
6I7O_7868,bulge2
7ST6_2872,3x3
6XII_2842,bulge3
4V8M_256,bulge4
5LZC_6468,hairpin6
6XII_9949,bulge2
5IQR_1860,bulge3
8FL7_13769,bulge2
7N30_2637,2x2
7PAU_2914,2x2
4V6Q_3611,bulge2
9GFT_16716,bulge2
6TNN_9190,bulge2
5JUU_8107,hairpin5
6N8N_10728,hairpin5
8G38_14449,bulge2
5OOM_6922,hairpin6
7OT5_2822,2x2
8I9X_881,bulge4
7A5J_10486,bulge2
7WTS_2934,3x3
5MRE_6492,bulge2
8WI8_15120,bulge2
5UQ8_7069,hairpin6
4V4N_2667,bulge2
7N31_3074,bulge3
5APO_18332,hairpin4
8P2F_15247,bulge2
6MTB_198,5x5
3J79_4681,hairpin4
8OO0_14835,bulge2
5GAM_14875,bulge1
6TPQ_9510,hairpin6
5OT7_8916,hairpin5
6PVK_11658,hairpin5
6PCH_8992,hairpin6
6QT0_11771,hairpin5
6O8W_10929,hairpin5
8WHX_3818,bulge3
6PC6_492,bulge4
5L3P_8189,hairpin5
8P2F_15254,bulge2
6WYV_2348,2x2
8CRX_3053,3x3
6Q97_11690,hairpin5
8FZG_3659,3x3
5NP6_8788,hairpin5
6V39_2757,hairpin3
6P4G_11467,hairpin5
6SWC_240,5x5
4V5M_3173,bulge2
5U9F_6833,bulge2
8I9Y_3375,2x2
9FBV_15563,bulge2
5MMI_6642,hairpin6
7NFX_3086,bulge3
6P5J_2620,bulge3
6OST_8547,bulge2
3JCN_419,3x3
6VYX_9384,bulge2
6GC4_10095,hairpin5
6HA8_7796,bulge2
6BU8_7243,bulge2
5UYM_2111,hairpin3
6V3A_2046,3x3
6V3A_12360,hairpin5
8P7Y_4154,2x2
6YWS_260,bulge5
5IT9_19434,hairpin4
9GFT_4118,bulge3
6RBE_11880,hairpin5
5MRE_6490,bulge2
7LVK_11589,bulge2
6LQT_1906,2x2
6RXY_11930,hairpin5
6VYY_9394,bulge2
6X7F_2353,2x2
5MDV_8444,hairpin5
3J9W_1567,hairpin6
7PIS_12159,bulge2
6D9J_7405,bulge2
5IQR_5813,bulge2
9GHG_17104,bulge2
6GQV_10151,hairpin5
7NHK_2537,3x3
6T7I_9436,hairpin6
7N2V_2516,3x3
5UYL_7098,hairpin6
9GHG_4463,2x2
5NWY_8805,hairpin5
5LI0_8198,hairpin5
6H58_7757,bulge2
5T2C_6954,hairpin6
5WDT_9289,hairpin5
7NAT_3078,bulge3
7K52_2471,3x3
5KPV_8139,hairpin5
4V76_3779,bulge2
9GFT_16729,bulge2
5U9G_6843,bulge2
7JT3_10828,bulge2
7LVK_11588,bulge2
6OSK_2043,2x2
6ORL_8494,bulge2
6WD2_2114,3x3
8A3L_3107,3x3
6WD8_2129,3x3
3J7Z_1534,hairpin6
4V76_3783,bulge2
9GUX_16323,bulge2
6MTC_8264,hairpin6
6TNU_9194,bulge2
6PC5_8960,hairpin6
7BOG_10693,bulge2
6HTQ_10507,hairpin5
6H4N_10338,hairpin5
6GC8_7856,hairpin6
8K2C_15590,bulge2
7CPV_291,5x5
8K2D_15595,bulge2
3JCN_2311,hairpin5
9FBV_15572,bulge2
3J79_2959,bulge1
6O8X_10940,hairpin5
5JBH_19885,hairpin4
6V3A_2047,3x3
9FCO_16919,bulge2
5JU8_20002,hairpin4
5UYL_9136,hairpin5
5U4I_9038,hairpin5
5ZLU_2174,hairpin3
7K54_10892,bulge2
8URY_15523,bulge2
7O1C_2587,3x3
6QDW_11729,hairpin5
8R55_14627,bulge2
9B0G_16866,bulge2
6DDD_7627,hairpin6
6TC3_12249,hairpin5
6DZK_9887,hairpin5
4UJD_2514,bulge2
7LHD_11587,bulge2
5AJ4_14289,bulge1
7AS9_2397,3x3
5JBH_1463,2x2
6Q98_8755,bulge2
5H1S_1436,2x2
6N8K_10699,hairpin5
6Q8Y_9071,hairpin6
5OT7_6746,bulge2
5FLX_18979,hairpin4
6DDD_9851,hairpin5
4V6N_852,3x3
7M4X_10987,bulge2
9GHA_17040,bulge2
6S0K_11958,hairpin5
4V70_1150,bulge3
6C4I_7350,bulge2
9GFT_1192,bulge4
8BTR_3052,3x3
4CSU_1580,bulge2
5NCO_8625,hairpin5
8JDK_334,bulge5
6ERI_1810,2x2
5NO3_2090,bulge3
6GXO_1700,3x3
8G7Q_1011,bulge4
5WDT_9298,hairpin5
6W7M_9489,bulge2
6XIJ_9957,bulge2
6N8K_10700,hairpin5
6SPB_9331,hairpin6
7MDZ_11008,bulge2
8P8V_16218,bulge2
6VU3_9269,bulge2
6P5N_8951,hairpin6
8FTO_933,bulge4
6Q97_11683,hairpin5
7K00_10839,bulge2
7MSH_11617,bulge2
9G06_16930,bulge2
5NJT_6641,bulge2
9B0H_3962,3x3
3JCE_1699,hairpin6
6SWA_9401,hairpin6
5MDY_6398,bulge2
6YAL_10051,bulge2
6OST_1901,3x3
6HA8_7794,bulge2
6OLZ_8697,hairpin6
8VR4_16801,bulge2
8CSR_3409,bulge3
5IT9_19442,hairpin4
7CPJ_2982,bulge3
6GQV_1837,2x2
6ENF_7694,hairpin6
6HA8_1729,3x3
8Q5I_14183,bulge2
7PHC_12057,bulge2
7NAX_11103,bulge2
8P5D_13593,bulge2
4V5M_997,bulge3
7JT2_10808,bulge2
7SYM_2885,3x3
8P7Y_4041,bulge3
7Y7C_3291,3x3
5WF0_7030,bulge2
7NSO_2561,3x3
8RXX_3876,bulge3
5L3P_1398,3x3
4V6U_3649,bulge2
9H3L_16569,bulge2
7NAV_11101,bulge2
7TTU_2907,3x3
6WD6_9578,bulge2
9NKL_1214,bulge4
6N8O_8060,bulge2
8G61_13458,bulge2
8RQ2_3584,3x3
8A5I_3167,2x2
9NL5_17171,bulge2
6H58_10370,hairpin5
5ANB_4922,hairpin7
4V65_792,3x3
4V78_1167,bulge3
5LZW_1920,hairpin3
7M4X_10982,bulge2
8VK7_3933,3x3
8G2U_3675,bulge3
6FTG_10003,hairpin5
8T5H_15926,bulge2
3JCD_2271,hairpin5
8VRL_16811,bulge2
7PAQ_11978,bulge2
9GFT_16736,bulge2
8YUP_4137,2x2
6SPE_9017,bulge2
6O8W_10917,hairpin5
9J6Y_4162,bulge3
5X8P_7081,bulge2
6WDD_9657,bulge2
5T2A_6754,bulge2
6P5K_8657,bulge2
5MDZ_8482,hairpin5
4V6M_848,3x3
4V5M_3177,bulge2
8OGJ_4081,2x2
8RW1_4049,2x2
7MSZ_2780,2x2
6O9K_10998,hairpin5
4V6L_3564,bulge2
7PAO_11968,bulge2
6TPQ_2039,3x3
5IMQ_19295,hairpin4
6RI5_9224,hairpin6
5UQ7_2123,bulge3
6HA8_2344,hairpin3
8T3A_16406,bulge2
8AM9_3240,2x2
6O8W_8200,bulge2
3J7A_2970,bulge1
8EUG_3422,bulge3
8RCS_14973,bulge2
5UYN_6923,bulge2
7N2U_2511,3x3
5UYM_6910,bulge2
7QV2_2830,3x3
5LZS_6498,hairpin6
7PAH_11900,bulge2
8R55_14631,bulge2
5O61_178,bulge5
7P7R_2846,2x2
6ZTL_2481,2x2
6MCC_2402,hairpin3
8URI_15462,bulge2
7PIQ_2799,3x3
5JUU_318,bulge4
7NBU_2698,3x3
6GXN_10225,hairpin5
6GC8_10117,hairpin5
8FLB_3570,bulge3
6I7O_456,bulge4
5IT7_19379,hairpin4
5IT7_15175,bulge1
6OSK_1895,3x3
6XE0_2211,3x3
6OGF_8604,hairpin6
8B2L_3514,2x2
8PEG_14932,bulge2
7A5I_2357,3x3
9GGR_16755,bulge2
5ANC_14325,bulge1
6FEC_9976,hairpin5
6OGG_8339,bulge2
5V93_9216,hairpin5
6D9J_7616,hairpin6
6GC4_7834,hairpin6
6LQS_1905,2x2
7MT2_2690,3x3
4V6R_3620,bulge2
8INE_937,bulge4
7L08_10920,bulge2
7N31_2525,3x3
8EVQ_3521,2x2
8Q7Z_4012,bulge3
6ZTJ_10343,bulge2
8A63_2975,3x3
6GC7_10113,hairpin5
6FRK_9984,hairpin5
8V9J_14680,bulge2
7M4W_10973,bulge2
5LZW_8371,hairpin5
5ZLU_2211,bulge3
4V6O_3592,bulge2
6Y0G_10008,bulge2
8FKR_912,bulge4
8P8W_4047,bulge3
8P2K_13829,bulge2
3JAG_2152,hairpin5
5WFS_9352,hairpin5
8QCQ_15187,bulge2
9NLS_4224,bulge3
8IP8_3700,2x2
7NSP_2565,3x3
8T5H_15930,bulge2
5GAK_19031,hairpin4
5KPW_8159,hairpin5
6V3B_2765,hairpin3
6HMA_10484,hairpin5
8RCS_14979,bulge2
9H3S_16595,bulge2
6PC6_8967,hairpin6
8URI_15458,bulge2
8Z71_3838,3x3
6H58_7763,bulge2
7PI9_12078,bulge2
8P18_1044,bulge4
8K0Q_3863,2x2
8VKI_3935,3x3
6OM0_8419,bulge2
5MGP_8525,hairpin5
5KPW_8153,hairpin5
7PJY_2657,3x3
6O8X_8205,bulge2
5UMD_7054,hairpin6
7ABZ_652,bulge4
9MQ4_16686,bulge2
8RRI_16815,bulge2
6SPG_9029,bulge2
8CD1_3662,2x2
5ZLU_7165,bulge2
5IQR_19346,hairpin4
5H5U_19076,hairpin4
9GHF_4185,bulge3
6GXO_7951,hairpin6
9GR1_16283,bulge2
5JUT_6102,bulge2
6P5K_11509,hairpin5
6W6K_9463,bulge2
5JU8_20001,hairpin4
7PJX_2653,3x3
8RJC_14660,bulge2
5H4P_1438,2x2
7OIF_2712,3x3
4CE4_1836,hairpin6
5AFI_279,bulge4
5MDW_8456,hairpin5
3J9Y_1580,hairpin6
6PCT_11614,hairpin5
9GUU_4066,bulge3
5LI0_8199,hairpin5
6XZB_10006,bulge2
6HTQ_8144,hairpin6
3J7P_3002,bulge1
9HC4_4192,bulge3
9J3T_167,4x4
3J9Z_603,hairpin3
8FLE_3578,bulge3
8FZI_15730,bulge2
8T3F_16433,bulge2
5WDT_2161,bulge3
3JCN_1451,bulge2
5JUP_314,bulge4
6O8X_8211,bulge2
6FT6_7514,bulge2
8YLR_4229,2x2
3JBO_421,2x2
8RW1_15973,bulge2
7AZY_10599,bulge2
5JTE_19972,hairpin4
5AKA_14302,bulge1
8YOO_15659,bulge2
6SPF_9019,bulge2
6J6Q_7903,bulge2
6RW5_11908,hairpin5
7OII_2724,3x3
3JBO_1394,bulge2
8RCT_14992,bulge2
6Q8Y_8735,bulge2
6VYY_9392,bulge2
8YUP_3771,3x3
6WD2_9531,bulge2
5JTE_19964,hairpin4
6S47_12015,hairpin5
6NMC_10770,hairpin5
6OGF_1848,3x3
5JTE_15667,bulge1
5H1S_19046,hairpin4
5NO4_6650,bulge2
7NQH_2672,2x2
8RJB_403,5x5
5MMI_8553,hairpin5
9GHH_17118,bulge2
8T3B_4219,2x2
7BOH_2415,3x3
3J9W_1564,hairpin6
7MT7_11672,bulge2
6MTB_7993,bulge2
5U9F_9055,hairpin5
6HTQ_7849,bulge2
6YHS_10070,bulge2
6GXM_10210,hairpin5
6GQ1_7862,hairpin6
5UMD_9084,hairpin5
6RXU_2151,2x2
5V93_9218,hairpin5
3JCT_2326,hairpin5
5UYQ_7128,hairpin6
3J9Z_2135,hairpin5
4CSU_1841,hairpin6
6ZV6_10434,bulge2
8EVT_14156,bulge2
6OG7_11063,hairpin5
5WDT_9292,hairpin5
6OGF_8321,bulge2
6GAW_7805,hairpin6
6NU3_10831,hairpin5
9GHF_17090,bulge2
9MQ4_16676,bulge2
5H4P_19064,hairpin4
8R6C_15754,bulge2
5UQ7_7059,hairpin6
6WYV_572,bulge4
7LHD_3184,bulge3
9B0Q_16892,bulge2
5JUT_6097,bulge2
3J9Z_2133,hairpin5
5LMV_6225,bulge2
3J7Q_2037,hairpin5
6Z6L_10222,bulge2
8FKX_3452,2x2
8WIB_3807,2x2
6R84_9205,hairpin6
6Y2L_2377,2x2
5APN_14346,bulge1
5MDZ_6596,hairpin6
8IPY_385,5x5
6ZLW_2268,3x3
5ZEP_1740,2x2
6SKG_12047,hairpin5
6ORE_8780,hairpin6
8UQP_15426,bulge2
5MYJ_8605,hairpin5
6YDW_2237,3x3
6WDI_2161,3x3
7ASM_10583,bulge2
8E3O_3428,2x2
5UYM_9146,hairpin5
8BHJ_3250,3x3
3J8G_590,hairpin3
6Z6J_601,bulge4
5MDW_8458,hairpin5
6YDP_2392,2x2
4V6T_3640,bulge2
8P8V_16216,bulge2
7K52_10868,bulge2
6H4N_8025,hairpin6
5GAK_5104,hairpin7
8RJB_14657,bulge2
5IQR_15151,bulge1
4UJC_2506,bulge2
8CGD_3217,3x3
4V7B_3841,bulge2
8CCS_3537,2x2
6SPF_9353,hairpin6
8G34_14425,bulge2
6WD4_9554,bulge2
7UNV_2927,3x3
6HD7_7809,bulge2
8T5H_15922,bulge2
7QCA_3180,2x2
8Y39_15810,bulge2
8G7P_14881,bulge2
5LZT_1911,hairpin3
6WD0_9510,bulge2
6GWT_10199,hairpin5
9J6Y_16944,bulge2
8G7P_3765,bulge3
8BSI_114,4x4
6SPF_9354,hairpin6
8RCT_3456,3x3
8FN2_3317,3x3
6GQ1_7859,hairpin6
5KPV_6134,bulge2
7K54_2476,3x3
4V73_3754,bulge2
9B0Q_16893,bulge2
5NCO_6699,hairpin6
5KPV_1390,3x3
6OKK_11150,hairpin5
6DNC_7439,bulge2
8EVS_14153,bulge2
8G6X_13205,bulge2
6TH6_9178,bulge2
8S1U_3609,3x3
8VR4_3938,3x3
7OQC_2727,2x2
7BL2_10647,bulge2
4V6Q_3613,bulge2
8OIT_13582,bulge2
5UQ8_6874,bulge2
6XA1_9899,bulge2
6QT0_11768,hairpin5
5WF0_2128,hairpin3
8IDY_13900,bulge2
5MDZ_8488,hairpin5
9NJV_4199,bulge3
6SPB_2181,2x2
9GUV_4069,bulge3
6PPF_11635,hairpin5
8X9K_4354,2x2
8RO0_15827,bulge2
9J3T_161,4x4
7ZJW_3153,2x2
9F9S_4209,2x2
6WDC_2787,bulge3
8IR3_13969,bulge2
5JTE_19979,hairpin4
6ZTJ_2917,bulge3
9L0R_4418,2x2
6OFX_11038,hairpin5
5AJ4_18265,hairpin4
3J3W_4631,hairpin4
8YOO_357,bulge5
6VYR_9322,bulge2
5LZY_2022,bulge3
6TBV_2024,3x3
6GQB_7867,hairpin6
8CEU_13845,bulge2
5MRC_8574,hairpin5
5AFI_14239,bulge1
8P2G_3847,2x2
5MC6_6371,bulge2
7UG7_3110,2x2
3JCE_437,2x2
6TNN_12278,hairpin5
6RXY_2157,2x2
6SPF_9349,hairpin6
6VYW_2253,2x2
5MDW_2032,bulge3
7ABZ_2363,3x3
8CKU_14262,bulge2
5APN_18312,hairpin4
4V5N_840,2x2
6R84_9206,hairpin6
5LZT_8335,hairpin5
6ENU_7707,hairpin6
6H4N_7742,bulge2
9FDA_16924,bulge2
3J5L_2921,bulge1
3JCN_1726,hairpin6
7BL4_2407,3x3
8XSY_1066,bulge4
9LMF_4428,2x2
6GC7_10112,hairpin5
5JTE_5348,hairpin7
5ANB_14318,bulge1
7OIG_2718,3x3
5IQR_1456,2x2
6R6P_9185,hairpin6
3J7Q_2040,hairpin5
7M4Y_10993,bulge2
8T3D_16421,bulge2
5OT7_8919,hairpin5
9H3R_16590,bulge2
6GZZ_8018,hairpin6
7PHC_12059,bulge2
7PNW_95,4x4
8Y39_15811,bulge2
8FZG_3978,bulge3
7NHM_2662,2x2
6ENU_9946,hairpin5
6GC4_1828,2x2
5V93_7172,hairpin6
8S8J_4072,2x2
3JAG_1605,hairpin6
6GBZ_7570,bulge2
5LZU_6311,bulge2
6GQV_10152,hairpin5
8UQL_3895,2x2
5LMU_6445,hairpin6
6FXC_10025,hairpin5
6QTZ_2631,hairpin3
6SV4_12128,hairpin5
6ZTP_2314,3x3
6O8Z_8515,hairpin6
6DZP_7677,hairpin6
8G38_3338,3x3
5JUU_1853,hairpin3
8Y0W_3388,3x3
8T3C_16416,bulge2
7NBU_11681,bulge2
5O2R_6675,bulge2
8CEP_13813,bulge2
7PAH_11905,bulge2
8K2C_353,bulge5
6ZSG_10336,bulge2
9F1D_367,bulge5
6DZP_7674,hairpin6
5UYM_9150,hairpin5
6VU3_9262,bulge2
3J5L_4654,hairpin4
6SNT_9323,hairpin6
6VZ2_2262,2x2
5Z3G_9468,hairpin5
8IDY_13898,bulge2
5KPS_6123,bulge2
8FN2_14358,bulge2
4V6N_3581,bulge2
9H3R_4283,2x2
6Q98_11692,hairpin5
5LMT_1491,2x2
6FEC_9977,hairpin5
5ZET_7367,hairpin6
4V6Y_874,3x3
6GZ5_7716,bulge2
8P60_13595,bulge2
6WDI_9724,bulge2
6P5N_11521,hairpin5
8R3V_3435,3x3
6XYW_9986,bulge2
6HD7_7807,bulge2
6FYX_423,bulge4
6DZI_7445,bulge2
3J7Z_2063,hairpin5
5NO2_6644,bulge2
3JCE_1431,bulge2
5NP6_6816,hairpin6
5JUU_6112,bulge2
6ZMW_10305,bulge2
8IPB_3715,2x2
6HTQ_10509,hairpin5
9FSF_4272,2x2
8G34_14427,bulge2
6ENF_2262,hairpin3
8RL2_16507,bulge2
6XIR_9977,bulge2
6NEQ_2448,bulge3
8P60_13607,bulge2
9FNY_16513,bulge2
6S13_8947,bulge2
3JBP_462,bulge3
5GAE_1433,2x2
6DDD_9844,hairpin5
6WD2_2293,2x2
6GXO_10246,hairpin5
4A2I_1543,bulge2
6FRK_7729,hairpin6
6WNW_9797,bulge2
5IT7_15180,bulge1
8Z70_16459,bulge2
6WNV_9787,bulge2
8R3V_3437,3x3
7K54_10891,bulge2
6WNW_9800,bulge2
8OZ0_3678,2x2
6LQS_8217,hairpin6
6MTD_10675,hairpin5
6Q95_9081,hairpin6
7NQH_2551,3x3
5NWY_6834,hairpin6
6FT6_9990,hairpin5
8K4E_15750,bulge2
5IT9_19433,hairpin4
3J7A_1389,hairpin7
5AFI_14234,bulge1
6RXT_11912,hairpin5
6PCQ_11583,hairpin5
5IQR_15132,bulge1
7ACR_10526,bulge2
7PAL_2883,2x2
7B7D_10625,bulge2
6X7F_9869,bulge2
8HTZ_3854,bulge3
6HCM_8092,hairpin6
6GZ3_10272,hairpin5
6ERI_7719,hairpin6
6OGF_2530,bulge3
6OST_2581,bulge3
6ZTP_10403,bulge2
6SNT_12054,hairpin5
5LZT_8340,hairpin5
6ZXG_2341,3x3
6QT0_9138,hairpin6
4V5H_3122,bulge2
6S0X_9264,hairpin6
3J7P_2997,bulge1
5L3P_8182,hairpin5
8BHN_3508,2x2
6OSQ_8825,hairpin6
8PV3_3585,2x2
5MRF_6677,hairpin6
6OUO_11415,hairpin5
8JSH_14645,bulge2
6R6P_11834,hairpin5
7OPE_2624,3x3
5JPQ_5343,hairpin7
8YOO_3970,bulge3
3J8G_2073,hairpin5
6WNW_2329,2x2
8YUO_16129,bulge2
9H3R_16591,bulge2
4V75_903,3x3
6VYU_9354,bulge2
9J3T_163,4x4
6MTE_10683,hairpin5
5AJ0_18233,hairpin4
7Q0P_3001,2x2
9GHE_17084,bulge2
5LL6_8217,hairpin5
6HA8_10403,hairpin5
5UYL_7091,hairpin6
6R6P_11832,hairpin5
5OPT_2061,hairpin3
7P3K_2730,2x2
5LMU_8238,hairpin5
7AF5_2954,bulge3
8QSJ_3624,2x2
8S1U_15515,bulge2
6OG7_8316,bulge2
5O61_6702,bulge2
3J9Z_1584,hairpin6
7UCJ_2913,3x3
5LZU_1915,hairpin3
6P5N_2082,2x2
9F9S_16364,bulge2
6FF4_9978,hairpin5
6VYU_9358,bulge2
7O7Z_11314,bulge2
8ZDC_1190,bulge4
5ADY_1316,3x3
9HA6_16636,bulge2
3J7O_1392,hairpin7
6WD8_9599,bulge2
6YWY_2430,2x2
6H4N_7749,bulge2
3J7O_4715,hairpin4
6OUO_11407,hairpin5
8P16_15329,bulge2
5MDZ_6415,bulge2
9GHG_17110,bulge2
6YDP_256,5x5
4ADV_1546,bulge2
6D90_2322,bulge3
6GC8_1682,3x3
8R3V_3781,bulge3
6XDR_9916,bulge2
6HRM_10498,hairpin5
9H3T_16598,bulge2
6RXU_11915,hairpin5
6OIG_2513,hairpin3
7BGE_2972,bulge3
5JTE_15680,bulge1
7NRD_11183,bulge2
6GC8_10118,hairpin5
6V3A_9233,bulge2
6VZJ_2278,2x2
6LU8_8233,hairpin6
6S05_11955,hairpin5
7BL6_2413,3x3
8R3V_14953,bulge2
8CD1_3375,3x3
6ZVK_10444,bulge2
8RXH_1038,bulge4
6SGC_2678,hairpin3
6SJ6_9312,hairpin6
5WFS_7272,hairpin6
8QYX_440,5x5
3J9Z_456,bulge3
6PC5_8668,bulge2
8CIV_964,bulge4
7NHL_11134,bulge2
8VK0_16780,bulge2
6GXP_7689,bulge2
7PIT_12171,bulge2
6QUL_11783,hairpin5
8FTO_3223,3x3
5MGP_6452,bulge2
6PC8_8985,hairpin6
8URX_15466,bulge2
5KPV_6140,bulge2
4V74_3764,bulge2
8RDW_14868,bulge2
6XZA_9995,bulge2
6GQV_7878,hairpin6
8T5D_430,5x5
6SKF_9317,hairpin6
6DZP_2258,hairpin3
8P60_134,4x4
6VYU_9356,bulge2
6OLG_8398,bulge2
7OLD_11763,bulge2
8P8W_4177,2x2
8P60_13597,bulge2
6GBZ_7818,hairpin6
6KLB_10581,hairpin5
3JBV_1677,hairpin6
6R6P_9187,hairpin6
8EUG_12874,bulge2
3JBN_1383,bulge2
6X7K_9882,bulge2
3JBN_2214,hairpin5
3J0D_380,2x2
6S12_9276,hairpin6
3J6B_2004,hairpin5
5UMD_7047,hairpin6
6NY3_2478,hairpin3
6OSQ_8533,bulge2
6O8X_10936,hairpin5
5UQ7_6862,bulge2
6FF7_9979,hairpin5
6S12_11991,hairpin5
6R6P_509,bulge4
5KPW_6384,hairpin6
5MDY_8475,hairpin5
8RCM_3443,3x3
9AXV_4118,2x2
5NP6_6822,hairpin6
5O2R_6686,bulge2
5T2C_6956,hairpin6
6ZTL_10357,bulge2
7ASO_10593,bulge2
6VWM_2062,3x3
6S12_8945,bulge2
3J5Y_570,hairpin3
6AZ3_7184,bulge2
6FXC_10034,hairpin5
9H3Y_3869,3x3
6RBD_9220,hairpin6
7BOH_2980,bulge3
6AWD_9530,hairpin5
3J5L_1218,bulge2
6OT3_11380,hairpin5
5ZLU_9515,hairpin5
8IFB_14739,bulge2
8JDL_14466,bulge2
6SZS_12156,hairpin5
7NHL_3090,bulge3
8XSZ_3948,2x2
6R7Q_2641,hairpin3
8W51_3743,3x3
5MMI_6640,hairpin6
5AA0_1314,3x3
8G5Y_3502,bulge3
5WFK_7035,bulge2
9L0R_4409,2x2
7PAU_2913,2x2
6GWT_10202,hairpin5
8G6Y_3137,3x3
6UZ7_2754,hairpin3
5G2X_18998,hairpin4
5KPS_6373,hairpin6
6GXP_10261,hairpin5
6Y69_10034,bulge2
9L0R_16950,bulge2
4V4B_2571,bulge2
8URX_15463,bulge2
6T7I_9114,bulge2
6BU8_7242,bulge2
3J9Z_2127,hairpin5
5UQ8_9102,hairpin5
3JCN_2307,hairpin5
6Q98_2633,bulge3
6O90_10975,hairpin5
5LZU_8350,hairpin5
5U9G_7042,hairpin6
5GAP_14880,bulge1
9FNY_16514,bulge2
8FIZ_3275,2x2
6I0Y_10523,hairpin5
5KPW_8154,hairpin5
5OT7_6933,hairpin6
8T2X_4215,2x2
8G6W_13475,bulge2
5ZEB_2204,bulge3
9G8O_1131,bulge4
6Y0G_10007,bulge2
6XA1_9904,bulge2
9NJF_17138,bulge2
9FNY_4088,bulge3
5ME1_2042,bulge3
8P2F_3841,2x2
8CBJ_3396,2x2
6V39_12347,hairpin5
7ZJX_3156,2x2
6VMI_2700,bulge3
8P7X_1140,bulge4
8P2H_3543,3x3
6OUO_11416,hairpin5
3J6B_1374,hairpin7
5U9G_9066,hairpin5
4V75_3765,bulge2
6PCR_11595,hairpin5
8YUR_3781,3x3
7BL5_661,bulge4
6VWN_9297,bulge2
6OSQ_1896,3x3
6S47_8957,bulge2
3J7O_2018,hairpin5
4V6X_236,bulge4
6GXN_1698,3x3
9GHA_17043,bulge2
6RI5_8889,bulge2
9B0Q_16894,bulge2
8C91_3116,3x3
4V6P_231,bulge4
7O81_282,5x5
9B0R_16905,bulge2
6GZ4_7980,hairpin6
6XDR_2831,bulge3
7P7Q_2836,2x2
8GZP_3227,3x3
6ORE_8487,bulge2
6WDL_9761,bulge2
6S0K_8926,bulge2
6MTE_10687,hairpin5
6RBE_11882,hairpin5
7NQL_2673,2x2
3JAJ_1360,bulge2
6RZZ_9241,hairpin6
8D8L_12852,bulge2
7PAR_2904,2x2
6SPF_9355,hairpin6
5A9Z_1309,3x3
8CRX_13201,bulge2
3JBN_414,2x2
3J3W_4628,hairpin4
4V6P_858,3x3
8TPU_15859,bulge2
7A5F_10475,bulge2
5ANB_18298,hairpin4
8FKR_3445,2x2
8JDL_3605,2x2
3J7Y_1524,hairpin6
9H3Q_16586,bulge2
6YSU_10150,bulge2
6WDF_2151,3x3
6WNV_2328,2x2
5H4P_19063,hairpin4
5ZEP_7350,hairpin6
7O1A_2582,3x3
8Y0U_14713,bulge2
8G38_3602,2x2
3J92_1552,hairpin6
8VK7_16785,bulge2
6GXN_7668,bulge2
8P8V_4044,bulge3
5MYJ_8609,hairpin5
6GXN_10230,hairpin5
5IQR_5201,hairpin7
9HA5_16632,bulge2
7M4W_10972,bulge2
5MYJ_8600,hairpin5
9B0P_1200,bulge4
6QKL_9117,hairpin6
5UYL_7094,hairpin6
8XU8_16439,bulge2
5LZS_8333,hairpin5
8Y38_15795,bulge2
6O9J_8257,bulge2
5AJ4_4899,hairpin7
9NKL_17165,bulge2
6ENU_7491,bulge2
6OIG_2512,hairpin3
8BH7_3535,2x2
6LSS_7940,bulge2
4V3P_2538,bulge2
7B0Y_2549,2x2
6VYW_9369,bulge2
7PAH_2759,3x3
8OJ8_412,5x5
8V84_3550,3x3
8K82_15608,bulge2
6WDH_9712,bulge2
7QVP_2833,3x3
3JCS_2315,hairpin5
6OGF_11066,hairpin5
6O8Z_1831,3x3
9DUK_3884,3x3
6HCM_7803,bulge2
5LZX_6535,hairpin6
6ORL_11302,hairpin5
7JT1_2446,3x3
7B5K_10614,bulge2
4ADV_2380,hairpin5
8G7S_3422,3x3
9L0R_4411,2x2
7K53_2473,3x3
8P2K_13828,bulge2
8PHJ_3621,2x2
4V6M_3568,bulge2
8SCB_402,5x5
8FKZ_3548,bulge3
8P8N_15484,bulge2
5UQ7_6859,bulge2
7PAS_89,4x4
6LU8_8235,hairpin6
9MOR_16668,bulge2
5LZB_1401,3x3
6SPG_2012,3x3
6GZQ_1862,2x2
6ZCE_610,bulge4
6T4Q_9419,hairpin6
8G2U_3326,3x3
7PJT_86,4x4
5T6R_6967,hairpin6
6WD9_2135,3x3
3J5L_4649,hairpin4
5O61_6699,bulge2
9GUU_16307,bulge2
8CGD_3215,3x3
9L0R_4412,2x2
5GAE_1431,2x2
6LSR_7932,bulge2
5H4P_5119,hairpin7
6MTC_8265,hairpin6
8R09_3892,bulge3
7PHC_12065,bulge2
7MQ8_686,bulge4
8UQP_15429,bulge2
8HTZ_15218,bulge2
5UYN_1682,2x2
9GFT_16731,bulge2
5LKS_6425,hairpin6
6H4N_10348,hairpin5
8FKZ_3549,bulge3
4V6O_3589,bulge2
6OLI_8404,bulge2
7A5J_10487,bulge2
5U9G_6847,bulge2
3J79_2008,hairpin5
9N2B_16960,bulge2
8FKZ_3454,2x2
5WLC_396,bulge4
8FIZ_3061,3x3
7PHA_2783,3x3
7AS8_10571,bulge2
6SNT_12061,hairpin5
6OSK_11331,hairpin5
6WNW_2809,bulge3
7NHN_2550,3x3
9B0G_16861,bulge2
8IDY_3481,2x2
8FZD_15687,bulge2
6PVK_11655,hairpin5
6PC5_491,bulge4
8P8W_16228,bulge2
5LMP_8226,hairpin5
8P8B_1142,bulge4
5NCO_8630,hairpin5
5T2A_2066,hairpin3
8K82_15600,bulge2
5FLX_18984,hairpin4
5ND9_6549,bulge2
7DVQ_10746,bulge2
5ZEB_9482,hairpin5
3JAG_1338,bulge2
3JBN_1642,hairpin6
6R6G_9184,hairpin6
6OGF_8603,hairpin6
5LZU_2010,bulge3
8PEG_14926,bulge2
6OLG_8676,hairpin6
9N2B_16964,bulge2
9GUT_16304,bulge2
3JBV_1680,hairpin6
6GC8_10115,hairpin5
9MQ4_16684,bulge2
7M5D_11600,bulge2
6RXZ_2661,hairpin3
6YT9_10155,bulge2
5MYJ_6521,bulge2
6Y0G_582,bulge4
6W6P_9474,bulge2
6DZI_7451,bulge2
5ANC_14327,bulge1
5AN9_5535,bulge2
8FTO_13884,bulge2
7A5F_2937,bulge3
8BTD_3049,3x3
6RZZ_9240,hairpin6
8XXL_3853,2x2
8URY_3925,bulge3
7MSZ_2688,3x3
8S8D_4051,2x2
6H4N_10339,hairpin5
3J8G_390,3x3
9L0R_4398,2x2
6SGC_2661,bulge3
4UY8_2531,bulge2
6ENF_7475,bulge2
5UYQ_6946,bulge2
7QI6_3140,3x3
6OGI_8622,hairpin6
6V3A_12361,hairpin5
6QX9_2125,2x2
8IDT_13892,bulge2
5LZW_6329,bulge2
7BOF_10689,bulge2
6H58_8042,hairpin6
6RXZ_11936,hairpin5
8P2K_929,bulge4
7B5K_2970,bulge3
8GLP_3513,bulge3
7N2C_2631,2x2
6P5K_11510,hairpin5
8QCQ_15180,bulge2
8P8W_16233,bulge2
6Y57_2381,2x2
8EKC_3420,bulge3
3JBP_1659,hairpin6
5WE4_7012,bulge2
6O9K_8265,bulge2
8S8G_4061,2x2
7AFD_2385,3x3
8CWO_3448,bulge3
8QPP_14561,bulge2
8FL2_13743,bulge2
6VZ7_2750,bulge3
8PV8_14620,bulge2
8BTK_3386,2x2
8WIB_3827,bulge3
8XXL_3554,3x3
6XZA_9994,bulge2
3JCE_1435,bulge2
9H3P_3856,3x3
4V71_3725,bulge2
5IMQ_15097,bulge1
3JAH_1349,bulge2
5MDY_8479,hairpin5
6HCF_7800,bulge2
6ENF_418,bulge4
5MDV_6380,bulge2
8IPX_3619,bulge3
3J7O_2978,bulge1
6WD1_9521,bulge2
6GC4_10092,hairpin5
6PIG_11621,hairpin5
6LQU_1909,2x2
6P5I_8639,bulge2
5UQ7_2120,bulge3
7PAO_2893,2x2
7MSC_11615,bulge2
5KPV_6380,hairpin6
6T4Q_9100,bulge2
3J79_2012,hairpin5
9FNY_4087,bulge3
6W6K_2755,bulge3
5X8T_7304,hairpin6
6GC7_7848,hairpin6
8IDY_13899,bulge2
3JCN_1453,bulge2
6OLI_482,bulge4
8UPO_3891,2x2
3Jan_2205,hairpin5
5IT7_19385,hairpin4
6ZU5_10428,bulge2
7K55_10901,bulge2
6T7T_12203,hairpin5
4V6Q_1131,bulge3
6PIF_11620,hairpin5
8EVT_14159,bulge2
6VZ5_9429,bulge2
8I9P_874,bulge4
6Y69_10033,bulge2
6ZTO_2926,bulge3
6N8N_8306,hairpin6
8Q87_4025,2x2
5JCS_5342,hairpin7
6OSQ_8827,hairpin6
3JCJ_439,2x2
9FRK_16536,bulge2
4V77_3791,bulge2
6ELZ_2260,hairpin3
5JUU_6104,bulge2
5H1S_19051,hairpin4
7PI8_2934,2x2
7MSZ_3193,bulge3
6R6G_8844,bulge2
6OLF_11166,hairpin5
6S0X_9263,hairpin6
5H4P_19060,hairpin4
4CXH_2436,hairpin5
6OG7_8311,bulge2
5GAE_5094,hairpin7
9NL7_17187,bulge2
6ZSD_2474,2x2
8RCM_14962,bulge2
6QZP_505,bulge4
8APO_3403,2x2
6TNN_9491,hairpin6
6Q8Y_2104,2x2
5LMN_1958,bulge3
8C96_3349,2x2
7NAV_11099,bulge2
5UYP_7125,hairpin6
8WT8_3949,bulge3
6O9K_11001,hairpin5
6GC4_1678,3x3
9GHE_4457,2x2
8P2F_15244,bulge2
7QQ3_3010,3x3
6GC0_7576,bulge2
6Y69_2383,2x2
5APN_14328,bulge1
6YWY_10196,bulge2
8UQM_15414,bulge2
7NWW_2704,3x3
8EMM_3154,3x3
7BL6_10675,bulge2
6SKG_2686,hairpin3
6P5J_8940,hairpin6
8G6W_3130,3x3
8PEG_14930,bulge2
6PCT_11616,hairpin5
6SV4_2191,2x2
6VZ3_2743,bulge3
8W51_3746,3x3
8OO0_1009,bulge4
8WI7_345,bulge5
6RXX_9238,hairpin6
7PAH_11901,bulge2
6ZM7_2896,bulge3
6VYS_2071,3x3
4V6K_1121,bulge3
8FKQ_3539,bulge3
6GC0_10082,hairpin5
9B0H_4141,bulge3
7MSH_11618,bulge2
5UYQ_6936,bulge2
3JCE_1425,bulge2
7K53_10883,bulge2
7A01_10453,bulge2
9H3R_1174,bulge4
6Q9A_11706,hairpin5
8K82_15607,bulge2
8UPR_15396,bulge2
6XIQ_9967,bulge2
3J7P_1244,bulge2
6PC8_8981,hairpin6
3JBO_1386,bulge2
8G4I_4124,2x2
6GZZ_10330,hairpin5
6OGF_8596,hairpin6
6XIQ_2220,3x3
5ZEB_7345,hairpin6
6GQ1_10129,hairpin5
3JAG_1342,bulge2
7D80_2987,bulge3
8P17_15332,bulge2
8XTP_4312,2x2
6T4Q_9420,hairpin6
8G2U_3322,3x3
7M4V_10967,bulge2
3J6B_1483,hairpin6
5ZEB_7337,hairpin6
6TB3_12229,hairpin5
5LZV_6319,bulge2
6GB2_7564,bulge2
6Z6M_10234,bulge2
6WDJ_2322,2x2
3JCS_1454,bulge2
6YLH_10085,bulge2
7PHC_12060,bulge2
8V9J_3680,2x2
4V6Y_3688,bulge2
6V39_2758,hairpin3
6H58_1723,3x3
5T62_6775,bulge2
5IT7_5823,bulge2
5LI0_6417,hairpin6
6T7I_9438,hairpin6
8I9V_13523,bulge2
6PPF_11640,hairpin5
5IQR_19331,hairpin4
5NJT_8767,hairpin5
5O2R_6679,bulge2
5T2A_6940,hairpin6
8UIY_17277,bulge2
5X8P_1720,2x2
6GZ3_7964,hairpin6
6AZ3_7394,hairpin6
9N2B_16965,bulge2
6SPF_9356,hairpin6
6XIJ_9955,bulge2
3J7O_4716,hairpin4
8VFT_16479,bulge2
9NL6_17178,bulge2
7NAU_11097,bulge2
5AFI_18200,hairpin4
6Q9A_1974,3x3
5WDT_9290,hairpin5
6ENJ_7695,hairpin6
5MDW_8463,hairpin5
6R86_8873,bulge2
6R6G_9180,hairpin6
5AJ4_14284,bulge1
6I9R_7895,bulge2
5L3P_1396,3x3
8HU1_15229,bulge2
3JCJ_2293,hairpin5
6S05_2665,hairpin3
6K0B_7907,bulge2
6HA8_7799,bulge2
8RL2_16506,bulge2
5JTE_19968,hairpin4
6DZI_7658,hairpin6
6R87_9217,hairpin6
5JBH_19888,hairpin4
8FZI_15733,bulge2
6GXO_7677,bulge2
6TH6_9485,hairpin6
4V7I_3878,bulge2
6DZP_9891,hairpin5
6ORL_8492,bulge2
5AFI_18210,hairpin4
8BHL_3507,2x2
6QTZ_8817,bulge2
8K2D_3934,2x2
3J7A_1390,hairpin7
6D9J_9838,hairpin5
5XXB_7098,bulge2
6OSK_11336,hairpin5
5MRC_6489,bulge2
8WT9_3950,bulge3
8UKB_16238,bulge2
6WDD_2146,3x3
6S0K_8924,bulge2
5LZF_6495,hairpin6
8FKU_13717,bulge2
7Q0F_2996,2x2
8PHJ_14514,bulge2
6GBZ_10072,hairpin5
5ME0_6424,bulge2
9B0R_16901,bulge2
3J9W_451,bulge3
6Z6J_602,bulge4
6WD2_9534,bulge2
8CWO_13147,bulge2
6SPF_12091,hairpin5
9FO0_4092,bulge3
6P5N_8949,hairpin6
8G31_3330,3x3
6Y69_10035,bulge2
8CEP_3466,2x2
6S13_12005,hairpin5
6O9J_8252,bulge2
8I9W_879,bulge4
8WI8_346,bulge5
6WD9_9615,bulge2
6LQR_10609,hairpin5
6OFX_8293,bulge2
7AC7_10510,bulge2
8T2Y_1160,bulge4
6I7O_8169,hairpin6
7M4Z_11001,bulge2
7PAO_11972,bulge2
6XDR_9918,bulge2
9GFT_4325,2x2
6WD2_2113,3x3
4V76_3787,bulge2
5T5H_8950,hairpin5
6X7F_2816,bulge3
5AKA_14300,bulge1
6ZSA_10319,bulge2
7NHK_11115,bulge2
8V9L_14705,bulge2
3J5L_1215,bulge2
7NHM_2542,3x3
3JBV_2254,hairpin5
7PJV_2645,3x3
9HA4_16655,bulge2
3J7R_1512,hairpin6
3J7P_2996,bulge1
5NGM_8754,hairpin5
4V6V_871,3x3
6RW5_11906,hairpin5
6H58_8036,hairpin6
8UR0_15433,bulge2
9MOR_16667,bulge2
6N8K_2437,hairpin3
6VZ7_9446,bulge2
6Q95_9078,hairpin6
4V6Q_860,3x3
6O8X_8213,bulge2
5LZX_6536,hairpin6
6YLG_10081,bulge2
7BL3_10652,bulge2
5X8R_9419,hairpin5
5MDV_6573,hairpin6
3JA1_1595,hairpin6
6OSK_11335,hairpin5
6NU3_10834,hairpin5
8BQX_3264,2x2
6OST_11365,hairpin5
6TC3_537,bulge4
5UYQ_6942,bulge2
9GGR_16757,bulge2
3J9Z_1585,hairpin6
8CGV_3222,3x3
6GXM_2312,hairpin3
7PAI_11908,bulge2
6OIG_8630,hairpin6
5L3P_6408,hairpin6
5IQR_19333,hairpin4
5NCO_346,bulge4
6TMF_2686,bulge3
8FZG_15704,bulge2
5AJ3_1320,3x3
4V6V_3663,bulge2
9G8M_16104,bulge2
8P18_15352,bulge2
5LZC_6465,hairpin6
6S47_2165,2x2
5LZD_327,bulge4
6OSK_8818,hairpin6
8JSG_3402,3x3
8INK_13935,bulge2
5LZC_8280,hairpin5
4V75_3772,bulge2
8IP9_14771,bulge2
6PC8_1949,3x3
5AJ0_18225,hairpin4
8RRI_4352,2x2
6GQB_1835,2x2
6YLY_10094,bulge2
6VZJ_9455,bulge2
5UQ8_7076,hairpin6
6YHS_10071,bulge2
6Z6M_10240,bulge2
6MTB_10658,hairpin5
4V6O_853,3x3
5APO_14349,bulge1
3J7A_2972,bulge1
9H3M_16572,bulge2
6T7T_9128,bulge2
6FT6_9994,hairpin5
6OGF_8597,hairpin6
6Q8Y_9075,hairpin6
9NJF_17145,bulge2
5JB3_5327,hairpin7
9GHF_17091,bulge2
6ZP4_2281,3x3
5ME1_6429,bulge2
6HCQ_8104,hairpin6
7PIR_12152,bulge2
4V6Z_3694,bulge2
5MDZ_8492,hairpin5
5IMR_19315,hairpin4
5T5H_2112,bulge3
7P7T_2855,2x2
6Q98_9095,hairpin6
7PJT_2636,3x3
6C4I_7566,hairpin6
6T59_9432,hairpin6
8G5Z_348,5x5
5T62_6962,hairpin6
3J7Y_1523,hairpin6
5FLX_18986,hairpin4
8QRN_3928,2x2
8PV4_14381,bulge2
8ZTU_16838,bulge2
6WDF_2792,bulge3
9G06_4156,bulge3
5MRE_6497,bulge2
6H58_10357,hairpin5
5ME0_6598,hairpin6
6I7O_7875,bulge2
6RI5_8894,bulge2
3J7Y_1263,bulge2
5IT7_19383,hairpin4
3J7Z_1269,bulge2
6PCR_11598,hairpin5
4V6S_868,3x3
3JBO_418,2x2
8Y36_3974,2x2
9GHG_17107,bulge2
4V6Y_3685,bulge2
8Q4F_3717,3x3
7K55_10903,bulge2
3JBN_2217,hairpin5
9N2B_16970,bulge2
3JD5_2328,hairpin5
6QIK_8778,bulge2
8BQX_3266,2x2
3J0O_61,5x5
7P7U_11893,bulge2
6ZU1_2319,3x3
6OGG_8611,hairpin6
6OGG_11083,hairpin5
6SGC_9300,hairpin6
7NRC_11173,bulge2
6PCS_8709,bulge2
6PC8_8687,bulge2
6OGI_8621,hairpin6
7AS9_10573,bulge2
6GZ4_7712,bulge2
6TNN_12275,hairpin5
7M4U_10959,bulge2
5LZX_8382,hairpin5
7MSC_2776,2x2
8WHY_138,4x4
8Y0X_3738,bulge3
4V6O_3594,bulge2
6Q8Y_8729,bulge2
6ORL_2556,hairpin3
4V7A_920,3x3
5LMO_8225,hairpin5
9GHD_4179,bulge3
7AS9_10579,bulge2
8QFD_3728,2x2
8FKR_3444,2x2
6GAW_7803,hairpin6
5IT7_5212,hairpin7
6NQB_8083,bulge2
6GZQ_2384,bulge3
5NP6_2032,hairpin3
6O9J_8537,hairpin6
6PC6_11547,hairpin5
7PI9_759,bulge4
8QPB_3888,bulge3
9F1C_1093,bulge4
3J9Y_1582,hairpin6
6O9K_10995,hairpin5
6T7T_2726,hairpin3
8G60_13452,bulge2
6FXC_7764,hairpin6
7LS2_10946,bulge2
6Z6M_2887,bulge3
8G61_350,5x5
5ND8_6710,hairpin6
5IMQ_19290,hairpin4
5UYQ_7131,hairpin6
8FKV_918,bulge4
6SPD_12081,hairpin5
8RJD_14667,bulge2
3JBP_2229,hairpin5
5X8P_9412,hairpin5
5MYJ_6520,bulge2
5LMQ_6437,hairpin6
9GHD_4022,3x3
6SPG_2666,bulge3
7BOE_2414,3x3
8J1Z_15237,bulge2
8P16_1042,bulge4
8P17_3570,3x3
5O5J_6688,bulge2
8FKU_917,bulge4
9FBV_3929,2x2
6DDD_7418,bulge2
6TPQ_9203,bulge2
8I9Z_3150,3x3
8C90_3341,2x2
6R5Q_8829,bulge2
8RPZ_1046,bulge4
8D8L_12853,bulge2
8IP8_14762,bulge2
5GAK_19022,hairpin4
5KPX_8177,hairpin5
6VWN_2065,3x3
6SZS_2193,2x2
8FIZ_13210,bulge2
6XDR_2829,bulge3
8BTR_3050,3x3
6O8Z_10967,hairpin5
7TTW_2911,3x3
6QDW_9109,hairpin6
7QQ3_3214,2x2
4V6Z_878,3x3
5UQ7_9092,hairpin5
6YS3_10102,bulge2
8G38_3341,3x3
5X8T_7094,bulge2
6PCR_8701,bulge2
5MYJ_2066,bulge3
6O8Z_10966,hairpin5
6M62_1754,3x3
6YEF_2240,3x3
6SWC_2712,hairpin3
6O90_10976,hairpin5
6FYX_10043,hairpin5
8AUV_3402,2x2
5AJ4_1786,bulge3
6SV4_12118,hairpin5
5APN_14332,bulge1
8R55_14629,bulge2
6SV4_12139,hairpin5
6S13_9290,hairpin6
4UJE_194,bulge4
6RXU_2150,2x2
4CSU_439,3x3
6YWX_10185,bulge2
3JCS_2318,hairpin5
9F1D_15890,bulge2
6NU2_8125,bulge2
5AFI_18198,hairpin4
8CEP_13815,bulge2
7OIF_2796,2x2
8P2G_3539,3x3
3J79_2966,bulge1
8UQM_3593,3x3
6HCJ_8088,hairpin6
6VZ3_9421,bulge2
8FKY_924,bulge4
6U48_9520,hairpin6
5MRF_8588,hairpin5
3J6B_2941,bulge1
6OSK_8821,hairpin6
5ZET_9503,hairpin5
5JB3_6025,bulge2
4V8Y_4544,bulge2
6YEF_2394,2x2
6GXM_2374,bulge3
6ZVK_10446,bulge2
8UU6_3471,3x3
6N8O_10740,hairpin5
9MQ4_16677,bulge2
5MDV_1440,3x3
8FL3_362,5x5
5H5U_5123,hairpin7
6GAW_7801,hairpin6
5JUU_6340,hairpin6
5MGP_6619,hairpin6
8OO0_14837,bulge2
6HA1_2398,bulge3
6WD7_9594,bulge2
6OLE_8378,bulge2
6LSS_195,5x5
7P3K_11446,bulge2
6HMA_7839,bulge2
6GC0_7573,bulge2
6GXO_10239,hairpin5
6YDP_2391,2x2
6PPK_11647,hairpin5
5ZEB_2164,hairpin3
9B0F_385,bulge5
8OIT_13583,bulge2
6R86_9210,hairpin6
8OIN_13573,bulge2
5M1J_6364,bulge2
5UYK_1676,2x2
6ZSD_10329,bulge2
9GUT_4064,bulge3
9DUK_16659,bulge2
8T5D_4028,2x2
9F1B_15872,bulge2
6VYT_9348,bulge2
6ZSC_10325,bulge2
6XIR_9975,bulge2
6DNC_7642,hairpin6
6TB3_9150,bulge2
8VR8_16805,bulge2
8AYE_3242,2x2
5JU8_19990,hairpin4
5JTE_6057,bulge2
6TBV_2678,bulge3
8FVY_14644,bulge2
8G6X_13209,bulge2
6QDW_8772,bulge2
5ADY_4880,hairpin7
6SPD_9338,hairpin6
8PVL_14501,bulge2
6GZ5_7988,hairpin6
8R3V_14942,bulge2
6WD2_9533,bulge2
6GQ1_7596,bulge2
8Q87_429,5x5
8UKB_16245,bulge2
8PEG_14927,bulge2
8FZE_3655,3x3
3JAJ_2192,hairpin5
4V6O_3593,bulge2
6W6L_9473,bulge2
6OM6_8714,hairpin6
6MEC_10644,hairpin5
6ORE_11287,hairpin5
5UYM_9148,hairpin5
5MDY_6399,bulge2
7JQC_2435,3x3
6O8Z_10960,hairpin5
7JSZ_10789,bulge2
8JDM_397,5x5
5LZW_1921,hairpin3
7JT3_3001,bulge3
6SKG_237,5x5
7QQ3_3009,3x3
8OM3_14608,bulge2
8ZTV_4134,bulge3
6Y0G_2851,bulge3
9B0F_4137,bulge3
6WDA_9629,bulge2
6SPG_9032,bulge2
9AXT_3760,3x3
5JBH_15604,bulge1
6UZ7_9546,hairpin6
6TB3_9147,bulge2
9B0G_4138,bulge3
5UQ8_9098,hairpin5
9GHH_17117,bulge2
6FXC_7550,bulge2
6YHS_2396,2x2
7JQC_2584,2x2
6SZS_2021,3x3
6WRU_2192,3x3
7A01_2933,bulge3
7NSJ_2556,3x3
7AC7_2367,3x3
7JQQ_2991,bulge3
6XII_2366,2x2
7MT2_11649,bulge2
7M4Z_2624,2x2
7A5G_10477,bulge2
7AFI_10538,bulge2
6VYZ_9396,bulge2
9H3O_3854,3x3
8Y37_3975,2x2
8XSZ_15642,bulge2
6VZ5_2265,2x2
6PVK_11657,hairpin5
8FKV_919,bulge4
6V39_12345,hairpin5
7PO2_2807,3x3
6XIQ_2218,3x3
5NWY_356,bulge4
5XYU_2201,bulge3
5KPS_6125,bulge2
6OM6_8718,hairpin6
7PAO_11976,bulge2
7JT2_2592,2x2
8OJ5_14812,bulge2
6XDR_2830,bulge3
5IQR_15147,bulge1
9GUP_4055,bulge3
8VS9_15284,bulge2
6DZI_9877,hairpin5
6U48_12315,hairpin5
8W51_4034,2x2
7R4X_3018,3x3
5JBH_15605,bulge1
6TB3_9143,bulge2
7UVV_3293,2x2
5KPX_8181,hairpin5
5X8P_9410,hairpin5
6Z6L_264,bulge5
7UCK_2914,3x3
4CE4_1577,bulge2
6DNC_7641,hairpin6
6XU6_576,bulge4
8T5D_3736,3x3
6SGA_9298,hairpin6
8CST_12843,bulge2
5MY1_2062,bulge3
7QV2_2827,3x3
9GHF_4028,3x3
5OT7_2108,bulge3
6BU8_7248,bulge2
6R7Q_11843,hairpin5
8YUP_16144,bulge2
6MCB_2401,hairpin3
6GAW_10061,hairpin5
6ENU_9954,hairpin5
4V7E_3862,bulge2
5KPW_1479,2x2
6OIG_11120,hairpin5
5IT7_19361,hairpin4
5APN_4935,hairpin7
5LZB_8262,hairpin5
7ASM_10586,bulge2
6FTJ_7762,hairpin6
6R87_8883,bulge2
8FZF_3924,2x2
6TNU_9505,hairpin6
9DUL_16662,bulge2
8IPD_13936,bulge2
8XSX_1062,bulge4
3JBU_432,2x2
5O60_177,bulge5
5AA0_1778,bulge3
3J7Z_2057,hairpin5
5ZET_9501,hairpin5
6EML_7470,bulge2
5H4P_14900,bulge1
5UYL_6898,bulge2
8WIF_15148,bulge2
8W51_15938,bulge2
5LZV_1427,3x3
6PCR_11590,hairpin5
6H4N_1715,3x3
5L3P_6406,hairpin6
8RCL_3833,bulge3
4V65_53,4x4
5OOM_6741,bulge2
9F1C_4018,2x2
8P60_3412,2x2
4V4N_2671,bulge2
5MDZ_1940,hairpin3
6ZTJ_2478,2x2
6P5I_2617,bulge3
7BL3_10655,bulge2
8PHJ_3349,3x3
9NKL_17159,bulge2
8FL7_3563,bulge3
8INF_13922,bulge2
6OT3_11369,hairpin5
7K51_3022,bulge3
6V3B_12366,hairpin5
6GAW_7806,hairpin6
7BL2_10649,bulge2
5MDY_8474,hairpin5
6WD3_2294,2x2
6X9Q_9896,bulge2
8I0V_15819,bulge2
7PHC_12058,bulge2
6H4N_8027,hairpin6
6J6H_7899,bulge2
6VYR_9320,bulge2
8XP2_3802,3x3
8CAM_3208,3x3
6ENF_2340,bulge3
3JCD_435,2x2
5MLC_6462,bulge2
8K2C_3958,bulge3
7CPV_11564,bulge2
6YLY_10092,bulge2
5UMD_6857,bulge2
5MYJ_8604,hairpin5
9B0F_16859,bulge2
7NHL_2541,3x3
3J9M_2093,hairpin5
5ND8_8639,hairpin5
4V75_3774,bulge2
6TNN_9494,hairpin6
8FZI_3668,3x3
8D8J_12846,bulge2
5TC1_2089,hairpin3
7PAI_2875,2x2
5GAD_19002,hairpin4
5IT7_19369,hairpin4
3JAI_2178,hairpin5
7O80_2708,2x2
6Q95_11677,hairpin5
7ABZ_10497,bulge2
5MGP_6620,hairpin6
9FNZ_4261,2x2
6X9Q_2203,3x3
6S0X_8932,bulge2
6MTD_2417,hairpin3
9NLH_4079,3x3
6VYS_9333,bulge2
8URY_15526,bulge2
6O8X_10937,hairpin5
9H3W_16608,bulge2
5GAK_5105,hairpin7
6N8L_2443,hairpin3
6I7O_10532,hairpin5
8RWG_4311,2x2
7NHK_11125,bulge2
6GZQ_2383,bulge3
5TCU_9004,hairpin5
5ADY_4878,hairpin7
8S8G_15977,bulge2
5WE6_7024,bulge2
9GHH_4039,3x3
8G2U_14410,bulge2
5U9G_7044,hairpin6
9GMO_4107,2x2
5MDW_8464,hairpin5
6OUO_8585,bulge2
8PV6_3673,bulge3
7D80_10742,bulge2
8OO0_14836,bulge2
6OLE_2523,hairpin3
3J7Y_1520,hairpin6
6WDL_9752,bulge2
3J7R_584,hairpin3
8Y38_3997,bulge3
8RCT_3458,3x3
6V3B_2049,3x3
6GZ4_7709,bulge2
6S47_521,bulge4
5ND8_6537,bulge2
6TC3_2680,bulge3
3JCD_2259,hairpin5
8P7Y_3792,3x3
8V83_3546,3x3
6V3B_9575,hairpin6
7PAI_3249,bulge3
7O1C_2704,2x2
3JBN_413,2x2
5NGM_6797,hairpin6
8JIV_3822,2x2
6OG7_475,bulge4
6ZSE_2475,2x2
6GZZ_10322,hairpin5
8TPU_15851,bulge2
6TBV_12242,hairpin5
5UQ7_9087,hairpin5
5LZU_6312,bulge2
6DDD_7416,bulge2
7UNV_3125,2x2
5IMQ_15109,bulge1
6GBZ_10077,hairpin5
5GAK_5107,hairpin7
3J9M_596,hairpin3
9NL7_4064,3x3
5JUT_317,bulge4
6N8M_8047,bulge2
6WRS_2336,2x2
5ZLU_7383,hairpin6
6SPG_9033,bulge2
8VFT_4245,2x2
6FT6_9988,hairpin5
8URX_15467,bulge2
6N8K_8040,bulge2
6W6P_2288,2x2
5UQ7_7061,hairpin6
6YS5_2398,2x2
8T30_16399,bulge2
6YSU_10144,bulge2
6TH6_12267,hairpin5
5JCS_19938,hairpin4
6YSU_2263,3x3
5T2A_365,bulge4
4V74_3760,bulge2
6R7Q_9197,hairpin6
3J7Z_92,bulge4
8IBZ_14271,bulge2
6O9J_1835,3x3
4V6V_3658,bulge2
6WD8_9603,bulge2
6Q98_2113,2x2
9F9S_16369,bulge2
3J7O_1239,bulge2
6I7O_7869,bulge2
4V4N_2673,bulge2
5UMD_9081,hairpin5
7NAU_3082,bulge3
6OM6_8715,hairpin6
8FTO_13879,bulge2
8CGN_14246,bulge2
6GC8_10123,hairpin5
6HRM_7846,bulge2
5AFI_18218,hairpin4
7BL5_2410,3x3
8CDR_3543,2x2
6RZZ_8916,bulge2
6ZSG_2476,2x2
8VFT_16478,bulge2
6WDI_2796,bulge3
6OIG_8627,hairpin6
6R7Q_11849,hairpin5
5O60_6696,bulge2
5LMS_1974,bulge3
8RJB_3669,2x2
6ZQC_10308,bulge2
5MQ0_6478,bulge2
6P5K_11507,hairpin5
7UCJ_2912,3x3
8FZF_15543,bulge2
5KPS_6366,hairpin6
6VZ3_9422,bulge2
5ZEP_7355,hairpin6
5MRE_6498,bulge2
8W51_3745,3x3
6ZU1_2932,bulge3
7NHN_11160,bulge2
9L0R_4399,2x2
6FXC_2280,hairpin3
6Q9A_8762,bulge2
7SYG_3073,2x2
6WDJ_2798,bulge3
4V6V_3668,bulge2
6LQT_10614,hairpin5
6OLG_8397,bulge2
8QRN_3946,bulge3
5OA3_6878,hairpin6
3JAM_1366,bulge2
8G7R_14906,bulge2
4V8M_4428,bulge2
3JCD_1684,hairpin6
9H3V_16605,bulge2
8PJ2_3708,3x3
7SS9_2852,3x3
8R55_14630,bulge2
7PJY_2660,3x3
6YDW_2864,bulge3
6ZSB_10322,bulge2
6O8Y_8214,bulge2
5LZV_6522,hairpin6
9NJF_17139,bulge2
5NO2_2086,bulge3
6ZQD_10309,bulge2
6VZ7_9445,bulge2
6DDD_9849,hairpin5
6I7O_8178,hairpin6
8TOC_340,bulge5
7BOE_2975,bulge3
6SGC_12019,hairpin5
6OG7_8313,bulge2
6S13_8951,bulge2
6ZS9_2284,3x3
5U4I_9041,hairpin5
8QPA_3887,bulge3
5IMQ_19279,hairpin4
8P7X_16186,bulge2
6GC8_7586,bulge2
8OHD_14788,bulge2
8UU8_3478,3x3
7NHM_272,5x5
5H5U_5122,hairpin7
5MQ0_8570,hairpin5
7MT2_2691,3x3
5WF0_7262,hairpin6
6XU8_578,bulge4
6DDD_7625,hairpin6
7AS8_2543,2x2
6YWY_2882,bulge3
3JBV_1412,bulge2
8CSU_3415,bulge3
8R8M_3682,3x3
5KPV_1944,bulge3
6WD8_2132,3x3
6GZ3_1854,2x2
6OG7_11058,hairpin5
5O2R_8817,hairpin5
7PAS_12010,bulge2
8FKR_3540,bulge3
6HA8_10393,hairpin5
5XYM_9452,hairpin5
6SXO_9076,bulge2
4V6M_847,3x3
7PIA_2940,2x2
6ZOL_273,bulge5
5ZLU_9512,hairpin5
5KPW_6151,bulge2
8RD8_3731,2x2
8BR8_3038,3x3
5U9G_9073,hairpin5
6ZTJ_2918,bulge3
6XE0_2832,bulge3
8XXN_3855,2x2
6DNC_7428,bulge2
8RPY_3882,2x2
4V73_897,3x3
6VLZ_12389,hairpin5
9KPH_394,bulge5
7ASA_2547,2x2
8UPR_15398,bulge2
5T2A_8927,hairpin5
8HSP_15208,bulge2
5OOL_2056,hairpin3
6WDI_9723,bulge2
6T4Q_9421,hairpin6
7K53_2475,3x3
5T5H_6770,bulge2
7XNX_343,5x5
5O2R_8824,hairpin5
6TPQ_9513,hairpin6
7NHN_11151,bulge2
5T6R_6972,hairpin6
8VKI_16791,bulge2
3J8G_2072,hairpin5
6Q97_11686,hairpin5
3JBP_1404,bulge2
9B0Q_4144,bulge3
8G5Z_3504,bulge3
7JSS_2437,3x3
9L0R_16957,bulge2
6O8Z_8520,hairpin6
6P5N_8948,hairpin6
8TOC_342,bulge5
9H3V_4287,2x2
8W51_15934,bulge2
9NLF_4074,3x3
6WDC_2308,2x2
8FZG_3658,3x3
8CDL_3540,2x2
8OM2_14607,bulge2
3JCD_466,bulge3
6TBV_9160,bulge2
5LZB_8257,hairpin5
9GHB_4014,3x3
6N8M_1775,3x3
6OLZ_215,5x5
6GXP_10256,hairpin5
5ZEP_7147,bulge2
7TM3_311,5x5
5AJ3_14280,bulge1
9GGR_16762,bulge2
8YUR_16162,bulge2
7LVK_11593,bulge2
6LU8_7954,bulge2
5OOM_2057,hairpin3
5TCU_7006,hairpin6
5IMR_19314,hairpin4
8QOA_3845,bulge3
6PIJ_11622,hairpin5
8FL6_3560,bulge3
8BR8_3036,3x3
5ZEB_9474,hairpin5
6PJ6_11627,hairpin5
8URX_15472,bulge2
3JBV_1414,bulge2
9GMO_4018,bulge3
5T2C_6766,bulge2
6T83_9450,hairpin6
8G34_14428,bulge2
8WI7_3822,bulge3
7OLC_88,4x4
4V68_1076,bulge3
8CG8_14239,bulge2
5NO2_2085,bulge3
6WD0_9511,bulge2
8G7R_3743,2x2
8T3E_16427,bulge2
6RBD_514,bulge4
6HD7_10450,hairpin5
8TJQ_3320,3x3
6S05_11953,hairpin5
6GZ5_445,bulge4
8PV8_14616,bulge2
5ZET_7155,bulge2
3J9M_1555,hairpin6
6MTB_1918,2x2
4V79_3812,bulge2
9GGR_16748,bulge2
5ND9_6546,bulge2
5LZT_6507,hairpin6
8UUA_15082,bulge2
7MT7_2695,3x3
7K00_2459,3x3
5AKA_18283,hairpin4
6T83_9455,hairpin6
6GC8_7857,hairpin6
3JAG_1607,hairpin6
5MC6_8439,hairpin5
6GZQ_10298,hairpin5
8PEG_3747,2x2
8FL9_13773,bulge2
6WD3_9549,bulge2
7K54_10889,bulge2
8CVM_13139,bulge2
7JT3_2452,3x3
4V6Z_881,3x3
6Q9A_8765,bulge2
6QUL_9151,hairpin6
7QIX_3020,2x2
9F1B_15873,bulge2
8FKW_3201,3x3
7OYD_11828,bulge2
3JCE_1428,bulge2
8UU4_3462,3x3
6VYT_2724,bulge3
3J79_1232,bulge2
5ZEB_9481,hairpin5
6OM6_11212,hairpin5
6VYU_2726,bulge3
6T7T_12208,hairpin5
7L08_10917,bulge2
5APO_4943,hairpin7
9FRA_16533,bulge2
6T7I_9434,hairpin6
6ZLW_10257,bulge2
9GHC_1208,bulge4
6OGG_11084,hairpin5
8QRM_3927,2x2
8HU1_15231,bulge2
4V7A_921,3x3
8WI7_15110,bulge2
8AKN_3023,3x3
5T7V_8968,hairpin5
3J7Q_1253,bulge2
7A01_2346,3x3
7OT5_2821,2x2
5MDZ_8487,hairpin5
6T7T_12206,hairpin5
6QTZ_9147,hairpin6
8RPY_3577,3x3
5LZY_2020,bulge3
5LMR_1971,bulge3
6WDE_9674,bulge2
6FTI_10012,hairpin5
8EIU_12912,bulge2
6O8Y_10954,hairpin5
7K50_10847,bulge2
6RXU_11917,hairpin5
8Y0X_408,5x5
6BU8_2245,bulge3
6WDF_9680,bulge2
7SSN_2856,3x3
5LI0_6186,bulge2
7N2U_2513,3x3
3JBP_636,hairpin3
9H3S_4284,2x2
5KPS_8128,hairpin5
5X8P_9417,hairpin5
6Z1P_10201,bulge2
6GZZ_8015,hairpin6
6P5K_8654,bulge2
6S0Z_8937,bulge2
8FZD_15686,bulge2
5JTE_6059,bulge2
7ST6_2871,3x3
8JDM_14476,bulge2
6H4N_8028,hairpin6
3JBP_429,2x2
5ND8_6534,bulge2
8UQM_15419,bulge2
6OG7_8304,bulge2
6P5N_8663,bulge2
6P5I_1937,3x3
5LZT_8337,hairpin5
6S0Z_11978,hairpin5
7K53_10885,bulge2
6HTQ_10510,hairpin5
5MC6_1935,hairpin3
6OG7_2529,bulge3
6S47_8956,bulge2
9J3T_3987,3x3
6WYV_9853,bulge2
6V3B_2766,hairpin3
4V71_889,3x3
8YUS_16173,bulge2
6Q97_73,4x4
6TH6_12264,hairpin5
6RXU_2149,2x2
5MC6_8433,hairpin5
6WDK_9742,bulge2
9N2B_3995,3x3
8I9V_13524,bulge2
8GLP_3138,3x3
7SSL_2855,3x3
5WE4_7016,bulge2
5JU8_6060,bulge2
8RWG_4112,bulge3
6SGC_2167,2x2
6ZXF_2339,3x3
6OUO_2572,hairpin3
6YWV_2420,2x2
9F1D_15891,bulge2
6WDJ_9728,bulge2
5M1J_6365,bulge2
3JCJ_642,hairpin3
6PPK_8723,bulge2
6ELZ_416,bulge4
6QIK_2621,hairpin3
7SYU_2898,3x3
7BGD_2971,bulge3
6TPQ_9511,hairpin6
8FTO_3225,3x3
6T7T_12211,hairpin5
5UQ7_6861,bulge2
6V39_9223,bulge2
8FZF_15546,bulge2
5MMI_6635,hairpin6
6YSI_10110,bulge2
6VZJ_2277,2x2
6LQP_10604,hairpin5
6TC3_9162,bulge2
5IT7_19378,hairpin4
5LI0_6180,bulge2
6OLF_8666,hairpin6
4V70_3708,bulge2
4V6K_939,2x2
6NU2_8396,hairpin6
6ELZ_9904,hairpin5
6SPB_12065,hairpin5
6AHD_9517,hairpin5
8URH_15443,bulge2
8UUA_15079,bulge2
8RCT_14986,bulge2
6WD1_9520,bulge2
7N31_11075,bulge2
8INF_13921,bulge2
5MRE_6491,bulge2
7PAQ_11988,bulge2
6D90_2323,bulge3
9N2C_3999,3x3
3JCD_104,bulge4
8V9J_14677,bulge2
6PCS_498,bulge4
5NWY_6837,hairpin6
8INE_13914,bulge2
6S05_9246,hairpin6
8G7R_14904,bulge2
6WOO_9808,bulge2
6T7T_12200,hairpin5
6TBV_9468,hairpin6
5MYJ_6514,bulge2
7O1C_2590,3x3
6ZME_10275,bulge2
8G31_14417,bulge2
6PPK_11651,hairpin5
5ZEU_7160,bulge2
4V6T_1139,bulge3
6QZP_8825,bulge2
8JDJ_14454,bulge2
8XT3_15654,bulge2
6ZTM_2482,2x2
5MQ0_6479,bulge2
8URH_15451,bulge2
6GQV_10153,hairpin5
9FO0_16530,bulge2
3J5Y_4660,hairpin4
6N8M_2445,hairpin3
3Jan_1369,bulge2
5LZX_8391,hairpin5
6SZS_2671,bulge3
8BR8_3250,2x2
8B0X_2991,3x3
6ZVJ_2331,3x3
5MMJ_8556,hairpin5
6GZZ_10331,hairpin5
3J45_4640,hairpin4
8XSX_3941,2x2
8R6C_15763,bulge2
6S13_12000,hairpin5
6P5K_8942,hairpin6
6FTJ_7532,bulge2
5AJ4_18263,hairpin4
8RWG_3899,3x3
4UY8_2528,bulge2
7NAX_3085,bulge3
5KPW_1478,2x2
3JAP_620,hairpin3
6Y69_2231,3x3
8RDV_3760,bulge3
6ORL_11297,hairpin5
5X8R_7087,bulge2
6GC6_10103,hairpin5
6S47_12012,hairpin5
8INK_13933,bulge2
6P5J_8644,bulge2
5JTE_19967,hairpin4
7N2C_11030,bulge2
5V93_9220,hairpin5
8R6C_15759,bulge2
5LMP_6436,hairpin6
8IPB_14782,bulge2
5AN9_14314,bulge1
5AJ3_1784,bulge3
6TMF_9489,hairpin6
6GQB_7872,hairpin6
8OVA_3689,bulge3
6R6P_8846,bulge2
8FZE_3657,3x3
6GZ4_10279,hairpin5
8GLP_352,5x5
9N2B_4167,bulge3
6SPD_9342,hairpin6
5XXB_7309,hairpin6
6N8L_8295,hairpin6
6GWT_10203,hairpin5
4V7B_3849,bulge2
5T7V_8972,hairpin5
7PAJ_3253,bulge3
5LMS_6214,bulge2
6WDK_2167,3x3
8YUS_16175,bulge2
7AAV_2943,bulge3
5U4I_9037,hairpin5
8PJ1_3996,2x2
7JIL_10750,bulge2
6DZI_7653,hairpin6
5UQ7_7058,hairpin6
6XA1_2205,3x3
8T2Y_16385,bulge2
3JAI_1626,hairpin6
7PAS_2909,2x2
3J7O_4712,hairpin4
8RCL_15158,bulge2
5T2A_6943,hairpin6
6GC6_7842,hairpin6
3JAH_2170,hairpin5
6GXM_7661,bulge2
7BOI_10704,bulge2
6GZ5_1860,2x2
5APO_18328,hairpin4
4V6Q_1130,bulge3
6ZME_268,bulge5
8JDJ_3683,bulge3
3JAH_2169,hairpin5
7PI9_3272,bulge3
5UYQ_2114,hairpin3
6WDG_9697,bulge2
8IE3_13907,bulge2
6ZVK_10439,bulge2
6T59_9430,hairpin6
5JTE_19970,hairpin4
8VIO_16774,bulge2
6TNU_9191,bulge2
6WDF_9688,bulge2
7RYF_2835,3x3
6VWM_9284,bulge2
6VYT_9343,bulge2
5UYN_7111,hairpin6
6OGI_11110,hairpin5
3JAG_1340,bulge2
8RXH_15310,bulge2
6GXN_7933,hairpin6
6WDB_9634,bulge2
6S0X_11974,hairpin5
9B0R_16899,bulge2
8G6W_13478,bulge2
5WDT_9297,hairpin5
6Q95_8737,bulge2
5MRE_8583,hairpin5
5MMM_6655,hairpin6
8G34_14432,bulge2
5L3P_6411,hairpin6
4V6M_1127,bulge3
6C4I_9751,hairpin5
6I7O_8171,hairpin6
6P5J_8649,bulge2
6O90_10972,hairpin5
6P5K_11504,hairpin5
5U9G_6850,bulge2
6YWS_10175,bulge2
6Z6N_10245,bulge2
6SNT_12055,hairpin5
7OI0_2611,3x3
6O8W_10919,hairpin5
6O9J_10980,hairpin5
8X9K_4353,2x2
8ZMK_4360,2x2
6YST_10137,bulge2
6PCQ_496,bulge4
7QCA_107,4x4
5ZLU_7378,hairpin6
5MMM_6652,hairpin6
6OGI_11104,hairpin5
6FXC_7770,hairpin6
3J9Z_458,bulge3
6GQB_10137,hairpin5
6BU8_9618,hairpin5
6OM6_2543,bulge3
5OQL_1641,2x2
6SPF_12094,hairpin5
6Q8Y_8730,bulge2
5NJT_8772,hairpin5
6TB3_2203,2x2
6S13_8949,bulge2
6GZZ_8007,hairpin6
8I0U_15818,bulge2
7OII_2722,3x3
6WQN_2331,2x2
6ZTL_10355,bulge2
6OST_2045,2x2
6ZTL_10354,bulge2
8PJ6_4006,2x2
9MOR_1185,bulge4
7ACJ_10516,bulge2
8EKC_12860,bulge2
3JBV_2247,hairpin5
5JB3_19866,hairpin4
6PPF_11638,hairpin5
6C4I_2288,bulge3
8WI8_15119,bulge2
7NAR_11081,bulge2
5LZY_6346,bulge2
7K00_10836,bulge2
6U48_2752,hairpin3
6S47_12010,hairpin5
7KGB_11580,bulge2
5LMP_6201,bulge2
5AN9_4916,hairpin7
8RCL_15157,bulge2
6Z6J_10207,bulge2
6PCT_11617,hairpin5
8P18_3571,3x3
5APO_14357,bulge1
8FR8_13508,bulge2
8FZF_15542,bulge2
8VFT_16474,bulge2
5LZD_6265,bulge2
6OST_11354,hairpin5
5ND9_8652,hairpin5
5XY3_9444,hairpin5
6OUO_1916,3x3
6S47_2672,hairpin3
5OT7_8918,hairpin5
6PCS_9013,hairpin6
6T59_9427,hairpin6
6ENU_9948,hairpin5
7ABZ_10495,bulge2
8RQ0_15369,bulge2
4V70_238,bulge4
5MDW_2031,bulge3
6V3A_9559,hairpin6
7MSM_11630,bulge2
5LZS_1421,3x3
6RXY_11932,hairpin5
8YLR_4231,2x2
5APO_18339,hairpin4
8G34_14435,bulge2
5JTE_19976,hairpin4
7RYG_2836,3x3
8FL4_3556,bulge3
7OIZ_2613,3x3
7ASE_2548,2x2
3JBP_410,3x3
6DNC_7434,bulge2
7D6Z_668,bulge4
7A5H_10481,bulge2
6OGG_2510,hairpin3
8P8M_15480,bulge2
3JAG_1602,hairpin6
5IMR_19319,hairpin4
3J92_1287,bulge2
5LZX_6342,bulge2
9GUS_4061,bulge3
6YWY_10192,bulge2
5UYN_7118,hairpin6
5IQR_19339,hairpin4
6T4Q_12180,hairpin5
9C3H_3827,3x3
3JCJ_2291,hairpin5
4V3P_2535,bulge2
6WD0_9509,bulge2
6Z6J_2434,2x2
8T3B_16410,bulge2
6O9K_8260,bulge2
8Q7Z_15900,bulge2
7N2V_2636,2x2
8Y0X_3390,3x3
3J0Q_388,2x2
5APN_14330,bulge1
3JBU_2245,hairpin5
5LZW_8370,hairpin5
6RXY_11929,hairpin5
6PCS_1958,3x3
5ADY_4882,hairpin7
6OG7_11054,hairpin5
8P09_1029,bulge4
6T7I_2721,hairpin3
6SPG_12108,hairpin5
7Y7C_3290,3x3
6Z6L_10227,bulge2
7MSC_3186,bulge3
7WTW_2944,3x3
5LKS_8214,hairpin5
5NGM_6796,hairpin6
3J7Y_2053,hairpin5
8V9L_14704,bulge2
6H4N_10346,hairpin5
3J7P_1245,bulge2
3JAI_2181,hairpin5
6VYY_9386,bulge2
9L5T_16825,bulge2
8G7S_14920,bulge2
8FZE_15700,bulge2
3J79_391,2x2
5JPQ_19950,hairpin4
7BOE_10684,bulge2
5MRF_8590,hairpin5
5UYL_7095,hairpin6
6SW9_12145,hairpin5
5UYP_6933,bulge2
6LNC_10597,hairpin5
5OOL_6739,bulge2
5H4P_5120,hairpin7
8R8M_15769,bulge2
6OLE_8658,hairpin6
3J81_94,bulge4
8CGJ_3592,bulge3
6DZK_9888,hairpin5
7PAS_2908,2x2
6P5I_8929,hairpin6
7PI9_12075,bulge2
6VYY_9391,bulge2
9N2C_3998,3x3
8VK0_16778,bulge2
5UYQ_7134,hairpin6
3JAG_1341,bulge2
5UYN_9166,hairpin5
6OM6_1865,3x3
8I9Y_13533,bulge2
6P5K_2078,2x2
6SPG_2186,2x2
8OVJ_3859,2x2
6YEF_10060,bulge2
7ZW0_3161,2x2
5UYK_9113,hairpin5
3J6B_4667,hairpin4
5ND9_6723,hairpin6
6RM3_11896,hairpin5
7NFX_11113,bulge2
8P60_3418,2x2
8FL6_13759,bulge2
4V66_892,2x2
9NJV_4198,bulge3
5KPS_8130,hairpin5
6SZS_9077,bulge2
6PC8_11563,hairpin5
5V93_6956,bulge2
6WDI_9722,bulge2
4V7C_3854,bulge2
6R87_9216,hairpin6
6R6G_9183,hairpin6
6C4I_9757,hairpin5
6R84_8864,bulge2
6FXC_7544,bulge2
5JCS_19939,hairpin4
8FZD_15684,bulge2
8FKY_13728,bulge2
6OSK_8819,hairpin6
8CEH_3545,2x2
8P2G_15256,bulge2
6GSN_7914,hairpin6
6ZTN_10378,bulge2
6SPD_12080,hairpin5
8Y0W_14724,bulge2
6LQV_1910,2x2
8G7S_3771,bulge3
5AKA_5530,bulge2
6OLI_11186,hairpin5
8XSY_15625,bulge2
5IMR_5810,bulge2
6Q9A_2116,2x2
5O5J_6849,hairpin6
6GXP_10255,hairpin5
6WDG_2316,2x2
9HA6_3876,3x3
6VYZ_9405,bulge2
6SPC_2663,bulge3
6EML_1803,2x2
8PV2_14370,bulge2
6OGI_11102,hairpin5
8YOO_420,5x5
6Y69_10038,bulge2
6WD7_9595,bulge2
6V39_9221,bulge2
7CPJ_2419,3x3
8BUU_3109,3x3
6TB3_9461,hairpin6
6DDG_7637,hairpin6
7JQB_2433,3x3
5OT7_8915,hairpin5
8BUU_3336,2x2
6WD6_9577,bulge2
5T6R_8966,hairpin5
5LI0_6421,hairpin6
6S12_8944,bulge2
3J5L_1991,hairpin5
5H4P_19062,hairpin4
6WRU_9837,bulge2
6FRK_7735,hairpin6
5IMR_19310,hairpin4
8VFT_16473,bulge2
6O8X_71,4x4
8A57_3166,2x2
6FRK_9987,hairpin5
6GC6_10105,hairpin5
8QYX_4077,bulge3
6P5K_8946,hairpin6
8ZTV_16841,bulge2
6RZZ_9239,hairpin6
8PPL_332,bulge5
5L3P_8193,hairpin5
6QTZ_8815,bulge2
7Y7D_3296,3x3
6O8W_8475,hairpin6
8BR8_3254,2x2
6NU3_1951,2x2
8JDJ_14456,bulge2
7M4Y_3050,bulge3
8RCT_14989,bulge2
5LZV_6523,hairpin6
6FTJ_7757,hairpin6
7OYD_11824,bulge2
5IMR_5805,bulge2
8QPP_3355,3x3
9HC4_4472,2x2
5WF0_7257,hairpin6
8FZD_3653,3x3
6GQ1_10133,hairpin5
6XII_2215,3x3
6OM7_11221,hairpin5
6UZ7_9549,hairpin6
7M4X_10984,bulge2
8CF1_3589,bulge3
5ZEB_9476,hairpin5
8T2Z_16395,bulge2
7LV0_10956,bulge2
8G31_14414,bulge2
5LMN_6194,bulge2
3J9W_2104,hairpin5
5WF0_9335,hairpin5
8RWG_16699,bulge2
5U4I_6826,bulge2
3JAG_2160,hairpin5
6OSK_11338,hairpin5
6OG7_11052,hairpin5
3J9Z_1317,bulge2
5LMU_6223,bulge2
6GXN_10227,hairpin5
4V6Q_3614,bulge2
8VK0_16782,bulge2
6GWT_1695,3x3
5X8R_2196,bulge3
8PEG_3774,bulge3
5AFI_5514,bulge2
3J9M_2096,hairpin5
6OLG_8675,hairpin6
8OJ5_3752,bulge3
6HRM_8139,hairpin6
9H3Z_1180,bulge4
8IR3_13963,bulge2
9H3X_4299,2x2
6OT3_8551,bulge2
6OGG_11088,hairpin5
7P7U_2863,2x2
6OSQ_11344,hairpin5
6OM6_11211,hairpin5
6Q9A_11708,hairpin5
7SYU_2897,3x3
6S47_12017,hairpin5
9FNZ_16525,bulge2
8G61_3127,3x3
6O8W_8482,hairpin6
6I7O_7874,bulge2
6T7I_12197,hairpin5
8Z70_4236,2x2
6SPB_9330,hairpin6
5NCO_6701,hairpin6
6VYR_9328,bulge2
6FXC_7778,hairpin6
6ZSD_2911,bulge3
8OZ0_3377,3x3
6SZS_12155,hairpin5
6O8Y_8508,hairpin6
6ZTO_10394,bulge2
4V8T_4501,bulge2
7PIS_12163,bulge2
6V3D_9583,hairpin6
8Z70_3836,3x3
5MRF_6500,bulge2
3JBP_1396,bulge2
6GXP_2382,bulge3
6ZTO_638,bulge4
9NLQ_17248,bulge2
5GAK_14859,bulge1
8V9J_3380,3x3
4V7A_3827,bulge2
6QTZ_2630,hairpin3
6ZMI_618,bulge4
8WI7_15106,bulge2
5GAE_5097,hairpin7
8INE_13916,bulge2
6MTE_10685,hairpin5
3J7O_1238,bulge2
8CST_3413,bulge3
5WFK_7265,hairpin6
8QRL_3942,bulge3
8FKX_923,bulge4
8WI7_15113,bulge2
5LZZ_1438,3x3
5NP6_8786,hairpin5
5LZE_1414,3x3
6O8X_8496,hairpin6
5AJ0_14250,bulge1
9NLB_17196,bulge2
8RJD_14673,bulge2
8FTO_13876,bulge2
5WE6_7254,hairpin6
6ZN5_2273,3x3
5NWY_8804,hairpin5
7Y7F_3305,3x3
8EMM_13561,bulge2
5T2C_368,bulge4
8UQM_3897,2x2
8CGR_3594,bulge3
5V7Q_9210,hairpin5
6OGI_8342,bulge2
8RXH_3561,3x3
6XZB_10005,bulge2
7A5K_2358,3x3
6BU8_7463,hairpin6
3J7A_89,bulge4
8RXH_15308,bulge2
6LQS_7928,bulge2
8EWB_3528,2x2
6VZ2_2740,bulge3
6S0K_2668,hairpin3
7PWG_2810,3x3
5OOL_6740,bulge2
5LMP_1965,bulge3
5XY3_9440,hairpin5
5IMQ_5800,bulge2
7NQH_3098,bulge3
8QFD_14839,bulge2
5U9F_6832,bulge2
8WI7_15109,bulge2
7QCA_3176,2x2
8RPZ_15368,bulge2
7JT3_10823,bulge2
5X8T_1723,2x2
8ZTV_16844,bulge2
5OOL_8903,hairpin5
6V3B_9240,bulge2
6N8K_8038,bulge2
6OST_11361,hairpin5
9B0R_16906,bulge2
6Y57_2379,2x2
6OST_2582,bulge3
6SZS_9416,hairpin6
6U48_12317,hairpin5
6R7Q_2131,2x2
6GZZ_7738,bulge2
5WF0_7029,bulge2
4V66_3358,bulge2
5WFK_7264,hairpin6
5X8T_9425,hairpin5
6R5Q_8830,bulge2
6T59_12184,hairpin5
6GXO_7950,hairpin6
7BTB_10712,bulge2
9NLQ_1222,bulge4
5T7V_8967,hairpin5
7BHP_10635,bulge2
8G60_13456,bulge2
5UYQ_6944,bulge2
7K50_2463,3x3
8QHU_16696,bulge2
3JBN_1643,hairpin6
8T30_16401,bulge2
6GBZ_10080,hairpin5
7AC7_10504,bulge2
6R6G_8838,bulge2
4V5M_3172,bulge2
8EUI_3210,2x2
8YUO_4024,bulge3
3J6B_2936,bulge1
8GLP_13493,bulge2
5OT7_2063,hairpin3
8KAB_3988,2x2
6OIG_8355,bulge2
3J9W_1296,bulge2
6HA1_8057,hairpin6
5AKA_14306,bulge1
5LL6_6192,bulge2
5MMM_8563,hairpin5
4CSU_2429,hairpin5
6O8W_8483,hairpin6
8CSU_3416,bulge3
6UZ7_9544,hairpin6
6I7O_1890,2x2
9E6Q_16253,bulge2
5UYM_7104,hairpin6
8XSX_3942,2x2
8P2G_15258,bulge2
5UYM_7107,hairpin6
8I9R_3366,2x2
5LZW_8381,hairpin5
8T2X_16380,bulge2
3J7O_2983,bulge1
3J79_1488,hairpin6
9GHH_4037,3x3
5MLC_8542,hairpin5
6HCJ_8082,hairpin6
8R3V_14944,bulge2
8RWG_4113,bulge3
4V68_1074,bulge3
6S0Z_9270,hairpin6
5IMR_15117,bulge1
6SZS_9086,bulge2
6SPF_12098,hairpin5
5H1S_19049,hairpin4
8BRM_3256,2x2
3J9W_1565,hairpin6
5XYM_9448,hairpin5
8Q7N_3723,bulge3
6VYU_2075,3x3
6TBV_9155,bulge2
5UYM_9138,hairpin5
6YEF_10068,bulge2
3JCS_2316,hairpin5
6OM0_8422,bulge2
7AS8_10567,bulge2
8WI9_3824,bulge3
6O8Z_1987,2x2
